source_store_name,retailer_name,store_branch_name,row_count,query,category_group_code,search_stage,validation_status,match_status,store_status,place_name,category_name,address_name,road_address_name,region_1depth_name,region_2depth_name,region_3depth_name,x,y,place_url
(주)농협유통 대전점,(주)농협유통,대전점,642,농협유통 대전점,MT1,primary_category,valid,matched,open,하나로마트 대전점,"가정,생활 > 슈퍼마켓 > 대형슈퍼 > 하나로마트",대전 중구 안영동 703,대전 중구 대둔산로199번길 43,대전,중구,안영동,127.377983619217,36.2882892501305,http://place.map.kakao.com/27598044
(주)농협유통 부산점,(주)농협유통,부산점,694,농협유통 부산점,MT1,primary_category,valid,matched,open,하나로마트 부산점,"가정,생활 > 슈퍼마켓 > 대형슈퍼 > 하나로마트",부산 북구 금곡동 1874-3,부산 북구 금곡대로 469,부산,북구,금곡동,129.011558032454,35.2501124236524,http://place.map.kakao.com/42948631
(주)농협유통 양재점,(주)농협유통,양재점,711,농협유통 양재점,MT1,primary_category,valid,matched,open,하나로마트 양재점,"가정,생활 > 슈퍼마켓 > 대형슈퍼 > 하나로마트",서울 서초구 양재동 230,서울 서초구 청계산로 10,서울,서초구,양재동,127.04358620220383,37.46359008942609,http://place.map.kakao.com/512338771
(주)농협유통 창동점,(주)농협유통,창동점,706,하나로마트 창동점,,fallback_alias,valid,matched,open,하나로마트 창동점,"가정,생활 > 슈퍼마켓 > 대형슈퍼 > 하나로마트",서울 도봉구 창동 1-15,서울 도봉구 마들로11길 20,서울,도봉구,창동,127.05180711134861,37.65468823140788,http://place.map.kakao.com/8127531
(주)농협유통 청주점,(주)농협유통,청주점,677,농협유통 청주점,MT1,primary_category,valid,matched,open,하나로마트 청주점,"가정,생활 > 슈퍼마켓 > 대형슈퍼 > 하나로마트",충북 청주시 상당구 방서동 118,충북 청주시 상당구 무농정로 32,충북,청주시,상당구,127.50739160074647,36.604816990452655,http://place.map.kakao.com/25798832
(주)농협하나로유통 고양점,(주)농협하나로유통,고양점,684,농협하나로유통 고양점,MT1,primary_category,valid,matched,open,하나로마트 고양점,"가정,생활 > 슈퍼마켓 > 대형슈퍼 > 하나로마트",경기 고양시 일산서구 대화동 2324,경기 고양시 일산서구 대화로 362,경기,고양시,일산서구,126.74690749061365,37.68334950037622,http://place.map.kakao.com/12256193
(주)농협하나로유통 광주점,(주)농협하나로유통,광주점,646,농협하나로유통 광주점,MT1,primary_category,valid,matched,open,하나로마트 광주점,"가정,생활 > 슈퍼마켓 > 대형슈퍼 > 하나로마트",전남광주통합특별시 광산구 신가동 1052,전남광주통합특별시 광산구 임방울대로 261,전남광주통합특별시,광산구,신가동,126.81820317465356,35.18485182192173,http://place.map.kakao.com/17198035
(주)농협하나로유통 김해점,(주)농협하나로유통,김해점,689,농협하나로유통 김해점,MT1,primary_category,valid,matched,open,하나로마트 김해점,"가정,생활 > 슈퍼마켓 > 대형슈퍼 > 하나로마트",경남 김해시 신문동 1421,경남 김해시 칠산로 128,경남,김해시,신문동,128.835199571183,35.1848816123294,http://place.map.kakao.com/1779735496
(주)농협하나로유통 달성점,(주)농협하나로유통,달성점,596,농협하나로유통 달성점,MT1,primary_category,valid,matched,open,하나로마트 달성점,"가정,생활 > 슈퍼마켓 > 대형슈퍼 > 하나로마트",대구 달성군 화원읍 설화리 555,대구 달성군 화원읍 성천로 9,대구,달성군,화원읍,128.48717949288323,35.799613264252855,http://place.map.kakao.com/12256197
(주)농협하나로유통 성남점,(주)농협하나로유통,성남점,688,농협하나로유통 성남점,MT1,primary_category,valid,matched,open,하나로마트 성남점,"가정,생활 > 슈퍼마켓 > 대형슈퍼 > 하나로마트",경기 성남시 분당구 구미동 174,경기 성남시 분당구 성남대로43번길 11,경기,성남시,분당구,127.10667691290486,37.33876580259903,http://place.map.kakao.com/1269474348
(주)농협하나로유통 수원점,(주)농협하나로유통,수원점,758,농협하나로유통 수원점,MT1,primary_category,valid,matched,open,하나로마트 수원점,"가정,생활 > 슈퍼마켓 > 대형슈퍼 > 하나로마트",경기 수원시 권선구 구운동 218-1,경기 수원시 권선구 서부로 1937,경기,수원시,권선구,126.96676304336161,37.282399930093945,http://place.map.kakao.com/8626056
(주)농협하나로유통 울산점,(주)농협하나로유통,울산점,676,농협하나로유통 울산점,MT1,primary_category,valid,matched,open,하나로마트 울산점,"가정,생활 > 슈퍼마켓 > 대형슈퍼 > 하나로마트",울산 북구 진장동 282-1,울산 북구 진장유통로 90,울산,북구,진장동,129.359093690671,35.5792037481427,http://place.map.kakao.com/134671981
CU(본사),CU,(본사),212,CU(본사),,not_applicable,not_applicable,unmatched,,,,,,,,,,,
GS25(본사),GS25,(본사),226,GS25(본사),,not_applicable,not_applicable,unmatched,,,,,,,,,,,
GS더프레시강남대치점,GS더프레시,강남대치점,225,GS더프레시 강남대치점,MT1,primary_category,valid,matched,open,GS더프레시 강남대치점,"가정,생활 > 슈퍼마켓 > 대형슈퍼 > GS더프레시",서울 강남구 대치동 622,서울 강남구 남부순환로 2927,서울,강남구,대치동,127.06033483167253,37.49345748971275,http://place.map.kakao.com/1238206084
GS더프레시강릉입암점,GS더프레시,강릉입암점,225,GS더프레시 강릉입암점,MT1,primary_category,valid,matched,open,GS더프레시 강릉입암점,"가정,생활 > 슈퍼마켓 > 대형슈퍼 > GS더프레시",강원특별자치도 강릉시 입암동 238,강원특별자치도 강릉시 성덕로 316-17,강원특별자치도,강릉시,입암동,128.92013266204,37.7554890271107,http://place.map.kakao.com/18827256
GS더프레시강릉포남점,GS더프레시,강릉포남점,225,GS더프레시 강릉포남점,MT1,primary_category,valid,matched,open,GS더프레시 강릉포남점,"가정,생활 > 슈퍼마켓 > 대형슈퍼 > GS더프레시",강원특별자치도 강릉시 포남동 1292,강원특별자치도 강릉시 하평길 31,강원특별자치도,강릉시,포남동,128.9121369180303,37.77055318243038,http://place.map.kakao.com/27405656
GS더프레시강서증미역점,GS더프레시,강서증미역점,225,GS더프레시 강서증미역점,MT1,primary_category,valid,matched,open,GS더프레시 강서증미역점,"가정,생활 > 슈퍼마켓 > 대형슈퍼 > GS더프레시",서울 강서구 염창동 242-11,서울 강서구 양천로67길 15,서울,강서구,염창동,126.867520003868,37.5550478617392,http://place.map.kakao.com/1771947427
GS더프레시개금점,GS더프레시,개금점,225,GS더프레시 개금점,MT1,primary_category,valid,matched,open,GS더프레시 개금점,"가정,생활 > 슈퍼마켓 > 대형슈퍼 > GS더프레시",부산 부산진구 개금동 53-3,부산 부산진구 백양관문로 3,부산,부산진구,개금동,129.03138335114772,35.15957847329699,http://place.map.kakao.com/8009860
GS더프레시거제신현점,GS더프레시,거제신현점,225,GS더프레시 거제신현점,MT1,primary_category,valid,matched,open,GS더프레시 거제신현점,"가정,생활 > 슈퍼마켓 > 대형슈퍼 > GS더프레시",경남 거제시 고현동 970-10,경남 거제시 서문로 51,경남,거제시,고현동,128.62149814905,34.8895072184678,http://place.map.kakao.com/16391648
GS더프레시경주현곡점,GS더프레시,경주현곡점,225,GS더프레시 경주현곡점,MT1,primary_category,valid,matched,open,GS더프레시 경주현곡점,"가정,생활 > 슈퍼마켓 > 대형슈퍼 > GS더프레시",경북 경주시 현곡면 금장리 442-1,경북 경주시 현곡면 안현로 8,경북,경주시,현곡면,129.20272896445812,35.868242127576764,http://place.map.kakao.com/17027241
GS더프레시고양지축역점,GS더프레시,고양지축역점,225,GS더프레시 고양지축역점,MT1,primary_category,valid,matched,open,GS더프레시 고양지축역점,"가정,생활 > 슈퍼마켓 > 대형슈퍼 > GS더프레시",경기 고양시 덕양구 지축동 924-6,경기 고양시 덕양구 지정로 77,경기,고양시,덕양구,126.918996732026,37.6520634522191,http://place.map.kakao.com/43440708
GS더프레시광진화양점,GS더프레시,광진화양점,225,GS더프레시 광진화양점,MT1,primary_category,valid,matched,open,GS더프레시 광진화양점,"가정,생활 > 슈퍼마켓 > 대형슈퍼 > GS더프레시",서울 광진구 화양동 10-1,서울 광진구 능동로13길 39,서울,광진구,화양동,127.06979675817672,37.543835470900724,http://place.map.kakao.com/8139721
GS더프레시구월점,GS더프레시,구월점,225,GS더프레시 구월점,MT1,primary_category,valid,matched,open,GS더프레시 구월점,"가정,생활 > 슈퍼마켓 > 대형슈퍼 > GS더프레시",인천 남동구 구월동 23,인천 남동구 구월로 212,인천,남동구,구월동,126.71402869325854,37.455993577861264,http://place.map.kakao.com/8008203
GS더프레시구포점,GS더프레시,구포점,225,GS더프레시 구포점,MT1,primary_category,valid,matched,open,GS더프레시 구포점,"가정,생활 > 슈퍼마켓 > 대형슈퍼 > GS더프레시",부산 북구 구포동 654-11,부산 북구 낙동대로1780번길 106,부산,북구,구포동,129.003377839347,35.205705454437,http://place.map.kakao.com/8561096
GS더프레시군포당정점,GS더프레시,군포당정점,225,GS더프레시 군포당정점,MT1,primary_category,valid,matched,open,GS더프레시 군포당정점,"가정,생활 > 슈퍼마켓 > 대형슈퍼 > GS더프레시",경기 군포시 당정동 1004-1,경기 군포시 한세로12번길 25,경기,군포시,당정동,126.950587327156,37.344195342505,http://place.map.kakao.com/17815974
GS더프레시김포감정점,GS더프레시,김포감정점,111,지에스더프레시김포감정점,,manual_override,valid,matched,open,지에스더프레시김포감정점,,경기 김포시 감정동 676,경기 김포시 봉화로181번길 31-20,경기,김포시,감정동,126.700920856446,37.6262401283222,
GS더프레시김포사우점,GS더프레시,김포사우점,225,GS더프레시 김포사우점,MT1,primary_category,valid,matched,open,GS더프레시 김포사우점,"가정,생활 > 슈퍼마켓 > 대형슈퍼 > GS더프레시",경기 김포시 사우동 237-2,경기 김포시 돌문로 43,경기,김포시,사우동,126.71780955329653,37.6189651918067,http://place.map.kakao.com/17027232
GS더프레시김포한강자이점,GS더프레시,김포한강자이점,225,GS더프레시 김포한강자이점,MT1,primary_category,valid,matched,open,GS더프레시 김포한강자이점,"가정,생활 > 슈퍼마켓 > 대형슈퍼 > GS더프레시",경기 김포시 장기동 2193,경기 김포시 태장로 845,경기,김포시,장기동,126.675858264541,37.6348291390037,http://place.map.kakao.com/989742952
GS더프레시김해외동점,GS더프레시,김해외동점,225,GS더프레시 김해외동점,MT1,primary_category,valid,matched,open,GS더프레시 김해외동점,"가정,생활 > 슈퍼마켓 > 대형슈퍼 > GS더프레시",경남 김해시 외동 1096-1,경남 김해시 금관대로 1143,경남,김해시,외동,128.8496742285926,35.23019416483259,http://place.map.kakao.com/1654194846
GS더프레시낙성대점,GS더프레시,낙성대점,225,GS더프레시 낙성대점,MT1,primary_category,valid,matched,open,GS더프레시 낙성대점,"가정,생활 > 슈퍼마켓 > 대형슈퍼 > GS더프레시",서울 관악구 봉천동 1629-2,서울 관악구 봉천로 576,서울,관악구,봉천동,126.96158960953927,37.4769426099381,http://place.map.kakao.com/11840178
GS더프레시남양주별내점,GS더프레시,남양주별내점,225,GS더프레시 남양주별내점,MT1,primary_category,valid,matched,open,GS더프레시 남양주별내점,"가정,생활 > 슈퍼마켓 > 대형슈퍼 > GS더프레시",경기 남양주시 별내동 1095,경기 남양주시 별내5로5번길 8,경기,남양주시,별내동,127.11344887174383,37.65012527706786,http://place.map.kakao.com/26890619
GS더프레시능곡점,GS더프레시,능곡점,225,GS더프레시 능곡점,MT1,primary_category,valid,matched,open,GS더프레시 능곡점,"가정,생활 > 슈퍼마켓 > 대형슈퍼 > GS더프레시",경기 고양시 덕양구 토당동 282-10,경기 고양시 덕양구 토당로 110,경기,고양시,덕양구,126.818029865073,37.6247006605713,http://place.map.kakao.com/21311104
GS더프레시다대점,GS더프레시,다대점,225,GS더프레시 다대점,MT1,primary_category,valid,matched,open,GS더프레시 다대점,"가정,생활 > 슈퍼마켓 > 대형슈퍼 > GS더프레시",부산 사하구 다대동 1628,부산 사하구 다대낙조2길 100,부산,사하구,다대동,128.96321538363668,35.05566940054444,http://place.map.kakao.com/16406244
GS더프레시당진송악점,GS더프레시,당진송악점,225,GS더프레시 당진송악점,MT1,primary_category,valid,matched,open,GS더프레시 당진송악점,"가정,생활 > 슈퍼마켓 > 대형슈퍼 > GS더프레시",충남 당진시 송악읍 복운리 1630-4,충남 당진시 송악읍 신복운로5길 7,충남,당진시,송악읍,126.780621885916,36.9421877072098,http://place.map.kakao.com/12143256
GS더프레시당진점,GS더프레시,당진점,225,GS더프레시 당진점,MT1,primary_category,valid,matched,open,GS더프레시 당진점,"가정,생활 > 슈퍼마켓 > 대형슈퍼 > GS더프레시",충남 당진시 읍내동 250,충남 당진시 당진중앙2로 185-50,충남,당진시,읍내동,126.634195360935,36.8970284081316,http://place.map.kakao.com/8563585
GS더프레시대동점,GS더프레시,대동점,225,GS더프레시 대동점,MT1,primary_category,valid,matched,open,GS더프레시 대동점,"가정,생활 > 슈퍼마켓 > 대형슈퍼 > GS더프레시",부산 해운대구 좌동 1288,부산 해운대구 대천로103번길 29,부산,해운대구,좌동,129.174476934041,35.1775531067175,http://place.map.kakao.com/27477024
GS더프레시대방점,GS더프레시,대방점,225,GS더프레시 대방점,MT1,primary_category,valid,matched,open,GS더프레시 대방점,"가정,생활 > 슈퍼마켓 > 대형슈퍼 > GS더프레시",경남 창원시 성산구 대방동 363-2,경남 창원시 성산구 가양로124번길 5-12,경남,창원시,성산구,128.70782127417576,35.208744064436495,http://place.map.kakao.com/8002172
GS더프레시대연혁신점,GS더프레시,대연혁신점,225,GS더프레시 대연혁신점,MT1,primary_category,valid,matched,open,GS더프레시 대연혁신점,"가정,생활 > 슈퍼마켓 > 대형슈퍼 > GS더프레시",부산 남구 대연동 1858,부산 남구 수영로 345,부산,남구,대연동,129.10352311436108,35.13991108874523,http://place.map.kakao.com/116394029
GS더프레시대전도마점,GS더프레시,대전도마점,225,GS더프레시 대전도마점,MT1,primary_category,valid,matched,open,GS더프레시 대전도마점,"가정,생활 > 슈퍼마켓 > 대형슈퍼 > GS더프레시",대전 서구 도마동 14-4,대전 서구 배재로 206,대전,서구,도마동,127.37088905271087,36.326988381336626,http://place.map.kakao.com/9905581
GS더프레시도곡렉슬점,GS더프레시,도곡렉슬점,235,GS더프레시 도곡렉슬점,MT1,primary_category,valid,matched,open,GS더프레시 도곡렉슬점,"가정,생활 > 슈퍼마켓 > 대형슈퍼 > GS더프레시",서울 강남구 도곡동 527-3,서울 강남구 선릉로 225,서울,강남구,도곡동,127.052673780436,37.4952118102546,http://place.map.kakao.com/11840189
GS더프레시도청신도시점,GS더프레시,도청신도시점,225,GS더프레시 도청신도시점,MT1,primary_category,valid,matched,open,GS더프레시 도청신도시점,"가정,생활 > 슈퍼마켓 > 대형슈퍼 > GS더프레시",경북 예천군 호명읍 산합리 1277,경북 예천군 호명읍 양지2길 4,경북,예천군,호명읍,128.48028089700793,36.57762963913021,http://place.map.kakao.com/922489811
GS더프레시동소문점,GS더프레시,동소문점,236,GS더프레시 동소문점,MT1,primary_category,valid,matched,open,GS더프레시 동소문점,"가정,생활 > 슈퍼마켓 > 대형슈퍼 > GS더프레시",서울 성북구 돈암동 609-1,서울 성북구 성북로4길 52,서울,성북구,돈암동,127.01150442703661,37.594549150779045,http://place.map.kakao.com/21312423
GS더프레시동작구청점,GS더프레시,동작구청점,225,GS더프레시 동작구청점,MT1,primary_category,valid,matched,open,GS더프레시 동작구청점,"가정,생활 > 슈퍼마켓 > 대형슈퍼 > GS더프레시",서울 동작구 상도동 535,서울 동작구 상도로30길 40,서울,동작구,상도동,126.94388530479027,37.50403558041598,http://place.map.kakao.com/1222024576
GS더프레시동탄중앙점,GS더프레시,동탄중앙점,225,GS더프레시 동탄중앙점,MT1,primary_category,valid,matched,open,GS더프레시 동탄중앙점,"가정,생활 > 슈퍼마켓 > 대형슈퍼 > GS더프레시",경기 화성시 동탄구 반송동 221-1,경기 화성시 동탄구 동탄중앙로 78,경기,화성시,동탄구,127.072344869959,37.193305985991,http://place.map.kakao.com/932274255
GS더프레시마산점,GS더프레시,마산점,144,GS더프레시 마산점,,manual_override,valid,matched,open,GS더프레시 마산점,,경남 창원시 마산합포구 월영동서로 20,경남 창원시 마산합포구 월영동서로 20,경남,창원시 마산합포구,해운동,128.560384446688,35.1798844844854,
GS더프레시마산회원점,GS더프레시,마산회원점,225,GS더프레시 마산회원점,MT1,primary_category,valid,matched,open,GS더프레시 마산회원점,"가정,생활 > 슈퍼마켓 > 대형슈퍼 > GS더프레시",경남 창원시 마산회원구 회원동 50-5,경남 창원시 마산회원구 북성로 138,경남,창원시,마산회원구,128.57095312464438,35.21919868041782,http://place.map.kakao.com/16579573
GS더프레시마포상암점,GS더프레시,마포상암점,238,GS더프레시 마포상암점,MT1,primary_category,valid,matched,open,GS더프레시 마포상암점,"가정,생활 > 슈퍼마켓 > 대형슈퍼 > GS더프레시",서울 마포구 상암동 1739,서울 마포구 월드컵북로 496,서울,마포구,상암동,126.880066183766,37.5847868966019,http://place.map.kakao.com/26465372
GS더프레시만덕점,GS더프레시,만덕점,225,GS더프레시 만덕점,MT1,primary_category,valid,matched,open,GS더프레시 만덕점,"가정,생활 > 슈퍼마켓 > 대형슈퍼 > GS더프레시",부산 북구 만덕동 774-7,부산 북구 덕천로 188,부산,북구,만덕동,129.02482574697117,35.21098216638858,http://place.map.kakao.com/8002348
GS더프레시만수점,GS더프레시,만수점,225,GS더프레시 만수점,MT1,primary_category,valid,matched,open,GS더프레시 만수점,"가정,생활 > 슈퍼마켓 > 대형슈퍼 > GS더프레시",인천 남동구 만수동 18,인천 남동구 만수로50번길 53,인천,남동구,만수동,126.73650209427282,37.45891824231375,http://place.map.kakao.com/10883774
GS더프레시명일점,GS더프레시,명일점,225,GS더프레시 명일점,MT1,primary_category,valid,matched,open,GS더프레시 명일점,"가정,생활 > 슈퍼마켓 > 대형슈퍼 > GS더프레시",서울 강동구 명일동 312-99,서울 강동구 양재대로 1630,서울,강동구,명일동,127.14479339446238,37.55106270884897,http://place.map.kakao.com/8564399
GS더프레시명장점,GS더프레시,명장점,225,GS더프레시 명장점,MT1,primary_category,valid,matched,open,GS더프레시 명장점,"가정,생활 > 슈퍼마켓 > 대형슈퍼 > GS더프레시",부산 동래구 명장동 23-2,부산 동래구 반송로 291,부산,동래구,명장동,129.10185173481952,35.206255880753446,http://place.map.kakao.com/10884583
GS더프레시명지국제점,GS더프레시,명지국제점,225,GS더프레시 명지국제점,MT1,primary_category,valid,matched,open,GS더프레시 명지국제점,"가정,생활 > 슈퍼마켓 > 대형슈퍼 > GS더프레시",부산 강서구 명지동 3358-1,부산 강서구 명지국제8로 251,부산,강서구,명지동,128.9206670197723,35.09841331733067,http://place.map.kakao.com/27558826
GS더프레시목감레이크점,GS더프레시,목감레이크점,225,GS더프레시 목감레이크점,MT1,primary_category,valid,matched,open,GS더프레시 목감레이크점,"가정,생활 > 슈퍼마켓 > 대형슈퍼 > GS더프레시",경기 시흥시 산현동 492-1,경기 시흥시 목감전원로 32,경기,시흥시,산현동,126.843220676468,37.3769667214813,http://place.map.kakao.com/225222782
GS더프레시목동13점,GS더프레시,목동13점,225,GS더프레시 목동13점,MT1,primary_category,valid,matched,open,GS더프레시 목동13점,"가정,생활 > 슈퍼마켓 > 대형슈퍼 > GS더프레시",서울 양천구 신정동 327,서울 양천구 목동동로 100,서울,양천구,신정동,126.86680072989161,37.514051092532,http://place.map.kakao.com/8007362
GS더프레시목동7점,GS더프레시,목동7점,236,GS더프레시 목동7점,MT1,primary_category,valid,matched,open,GS더프레시 목동7점,"가정,생활 > 슈퍼마켓 > 대형슈퍼 > GS더프레시",서울 양천구 목동 925,서울 양천구 목동로 212,서울,양천구,목동,126.86846755819818,37.52782523115873,http://place.map.kakao.com/10886018
GS더프레시문경점,GS더프레시,문경점,225,GS더프레시 문경점,MT1,primary_category,valid,matched,open,GS더프레시 문경점,"가정,생활 > 슈퍼마켓 > 대형슈퍼 > GS더프레시",경북 문경시 점촌동 272-36,경북 문경시 영신로 12,경북,문경시,점촌동,128.20001201391534,36.59385128689263,http://place.map.kakao.com/11840128
GS더프레시미래점,GS더프레시,미래점,225,GS더프레시 미래점,MT1,primary_category,valid,matched,open,GS더프레시 미래점,"가정,생활 > 슈퍼마켓 > 대형슈퍼 > GS더프레시",경기 성남시 분당구 서현동 312-3,경기 성남시 분당구 불정로376번길 37,경기,성남시,분당구,127.139445479127,37.3716877015911,http://place.map.kakao.com/8625348
GS더프레시방이점,GS더프레시,방이점,225,GS더프레시 방이점,MT1,primary_category,valid,matched,open,GS더프레시 방이점,"가정,생활 > 슈퍼마켓 > 대형슈퍼 > GS더프레시",서울 송파구 방이동 217,서울 송파구 오금로31가길 20,서울,송파구,방이동,127.12315644815168,37.50733824879856,http://place.map.kakao.com/10883134
GS더프레시배곧신도시점,GS더프레시,배곧신도시점,225,GS더프레시 배곧신도시점,MT1,primary_category,valid,matched,open,GS더프레시 배곧신도시점,"가정,생활 > 슈퍼마켓 > 대형슈퍼 > GS더프레시",경기 시흥시 배곧동 243,경기 시흥시 배곧1로 27-15,경기,시흥시,배곧동,126.71362443646575,37.36331759886302,http://place.map.kakao.com/2060888266
GS더프레시본리점,GS더프레시,본리점,225,GS더프레시 본리점,MT1,primary_category,valid,matched,open,GS더프레시 본리점,"가정,생활 > 슈퍼마켓 > 대형슈퍼 > GS더프레시",대구 달서구 본리동 76-2,대구 달서구 장기로 167,대구,달서구,본리동,128.54204649671877,35.842824495479476,http://place.map.kakao.com/21312511
GS더프레시부산하버시티점,GS더프레시,부산하버시티점,225,GS더프레시 부산하버시티점,MT1,primary_category,valid,matched,open,GS더프레시 부산하버시티점,"가정,생활 > 슈퍼마켓 > 대형슈퍼 > GS더프레시",부산 동구 좌천동 68-164,부산 동구 성남이로 25,부산,동구,좌천동,129.05673724759,35.1325121179664,http://place.map.kakao.com/1041973081
GS더프레시부암점,GS더프레시,부암점,225,GS더프레시 부암점,MT1,primary_category,valid,matched,open,GS더프레시 부암점,"가정,생활 > 슈퍼마켓 > 대형슈퍼 > GS더프레시",부산 부산진구 부암동 500,부산 부산진구 당감서로80번길 19,부산,부산진구,부암동,129.0384512159826,35.16762156732031,http://place.map.kakao.com/25619567
GS더프레시부평그랑힐스점,GS더프레시,부평그랑힐스점,225,GS더프레시 부평그랑힐스점,MT1,primary_category,valid,matched,open,GS더프레시 부평그랑힐스점,"가정,생활 > 슈퍼마켓 > 대형슈퍼 > GS더프레시",인천 부평구 청천동 36-3,인천 부평구 산청로 97,인천,부평구,청천동,126.7002831538225,37.514503227995895,http://place.map.kakao.com/1270137643
GS더프레시부평산곡점,GS더프레시,부평산곡점,225,GS더프레시 부평산곡점,MT1,primary_category,valid,matched,open,GS더프레시 부평산곡점,"가정,생활 > 슈퍼마켓 > 대형슈퍼 > GS더프레시",인천 부평구 산곡동 137-1,인천 부평구 원적로432번길 10,인천,부평구,산곡동,126.713939851056,37.50303310048,http://place.map.kakao.com/11839498
GS더프레시부평청천점,GS더프레시,부평청천점,225,GS더프레시 부평청천점,MT1,primary_category,valid,matched,open,GS더프레시 부평청천점,"가정,생활 > 슈퍼마켓 > 대형슈퍼 > GS더프레시",인천 부평구 청천동 36-3,인천 부평구 산청로 97,인천,부평구,청천동,126.701705262537,37.5167007643556,http://place.map.kakao.com/6275081
GS더프레시북가좌점,GS더프레시,북가좌점,225,GS더프레시 북가좌점,MT1,primary_category,valid,matched,open,GS더프레시 북가좌점,"가정,생활 > 슈퍼마켓 > 대형슈퍼 > GS더프레시",서울 서대문구 북가좌동 306-17,서울 서대문구 응암로 54,서울,서대문구,북가좌동,126.91004264432698,37.57789031431339,http://place.map.kakao.com/8625352
GS더프레시분당시범단지점,GS더프레시,분당시범단지점,225,GS더프레시 분당시범단지점,MT1,primary_category,valid,matched,open,GS더프레시 분당시범단지점,"가정,생활 > 슈퍼마켓 > 대형슈퍼 > GS더프레시",경기 성남시 분당구 서현동 89,경기 성남시 분당구 중앙공원로31번길 42,경기,성남시,분당구,127.12573675258146,37.382696467442074,http://place.map.kakao.com/12660530
GS더프레시상계점,GS더프레시,상계점,240,GS더프레시 상계점,MT1,primary_category,valid,matched,open,GS더프레시 상계점,"가정,생활 > 슈퍼마켓 > 대형슈퍼 > GS더프레시",서울 노원구 상계동 684,서울 노원구 한글비석로 471,서울,노원구,상계동,127.06547082858748,37.66402642045067,http://place.map.kakao.com/7999242
GS더프레시서인천점,GS더프레시,서인천점,225,GS더프레시 서인천점,MT1,primary_category,valid,matched,open,GS더프레시 서인천점,"가정,생활 > 슈퍼마켓 > 대형슈퍼 > GS더프레시",인천 서해구 심곡동 249-4,인천 서해구 탁옥로34번길 1,인천,서해구,심곡동,126.6739855920648,37.54370158609612,http://place.map.kakao.com/8011458
GS더프레시서초점,GS더프레시,서초점,234,GS더프레시 서초점,MT1,primary_category,valid,matched,open,GS더프레시 서초점,"가정,생활 > 슈퍼마켓 > 대형슈퍼 > GS더프레시",서울 서초구 반포동 30-25,서울 서초구 서초중앙로 238,서울,서초구,반포동,127.0121723080741,37.50290850933364,http://place.map.kakao.com/21308698
GS더프레시성북돈암점,GS더프레시,성북돈암점,225,GS더프레시 성북돈암점,MT1,primary_category,valid,matched,open,GS더프레시 성북돈암점,"가정,생활 > 슈퍼마켓 > 대형슈퍼 > GS더프레시",서울 성북구 돈암동 636,서울 성북구 북악산로 844,서울,성북구,돈암동,127.01814658705831,37.59895956994234,http://place.map.kakao.com/21310030
GS더프레시세종아름점,GS더프레시,세종아름점,225,GS더프레시 세종아름점,MT1,primary_category,valid,matched,open,GS더프레시 세종아름점,"가정,생활 > 슈퍼마켓 > 대형슈퍼 > GS더프레시",세종특별자치시 아름동 1287,세종특별자치시 보듬3로 104-7,세종특별자치시,,아름동,127.24829807389474,36.51229765860959,http://place.map.kakao.com/677274731
GS더프레시속초교동점,GS더프레시,속초교동점,225,GS더프레시 속초교동점,MT1,primary_category,valid,matched,open,GS더프레시 속초교동점,"가정,생활 > 슈퍼마켓 > 대형슈퍼 > GS더프레시",강원특별자치도 속초시 교동 619-34,강원특별자치도 속초시 미시령로 3391,강원특별자치도,속초시,교동,128.576994399611,38.2072077766829,http://place.map.kakao.com/17816016
GS더프레시송도그린워크점,GS더프레시,송도그린워크점,225,GS더프레시 송도그린워크점,MT1,primary_category,valid,matched,open,GS더프레시 송도그린워크점,"가정,생활 > 슈퍼마켓 > 대형슈퍼 > GS더프레시",인천 연수구 송도동 17-3,인천 연수구 아트센터대로97번길 15,인천,연수구,송도동,126.64273021463369,37.401607250703826,http://place.map.kakao.com/25983909
GS더프레시송파석촌호수점,GS더프레시,송파석촌호수점,225,GS더프레시 송파석촌호수점,MT1,primary_category,valid,matched,open,GS더프레시 송파석촌호수점,"가정,생활 > 슈퍼마켓 > 대형슈퍼 > GS더프레시",서울 송파구 석촌동 5-8,서울 송파구 백제고분로33길 25,서울,송파구,석촌동,127.098601442782,37.5049664267649,http://place.map.kakao.com/1447681086
GS더프레시송파위례점,GS더프레시,송파위례점,225,GS더프레시 송파위례점,MT1,primary_category,valid,matched,open,GS더프레시 송파위례점,"가정,생활 > 슈퍼마켓 > 대형슈퍼 > GS더프레시",서울 송파구 장지동 881,서울 송파구 위례광장로 188,서울,송파구,장지동,127.14221616347679,37.48109845762105,http://place.map.kakao.com/197434911
GS더프레시송파점,GS더프레시,송파점,225,GS더프레시 송파점,MT1,primary_category,valid,matched,open,GS더프레시 송파점,"가정,생활 > 슈퍼마켓 > 대형슈퍼 > GS더프레시",서울 송파구 가락동 140,서울 송파구 동남로 189,서울,송파구,가락동,127.12980632163517,37.49467020104198,http://place.map.kakao.com/8009934
GS더프레시수원망포점,GS더프레시,수원망포점,225,GS더프레시 수원망포점,MT1,primary_category,valid,matched,open,GS더프레시 수원망포점,"가정,생활 > 슈퍼마켓 > 대형슈퍼 > GS더프레시",경기 수원시 영통구 망포동 300-6,경기 수원시 영통구 영통로173번길 19,경기,수원시,영통구,127.0540259358,37.2428806628315,http://place.map.kakao.com/17745277
GS더프레시수원매탄점,GS더프레시,수원매탄점,360,GS더프레시 수원매탄점,MT1,primary_category,valid,matched,open,GS더프레시 수원매탄점,"가정,생활 > 슈퍼마켓 > 대형슈퍼 > GS더프레시",경기 수원시 영통구 매탄동 1352,경기 수원시 영통구 효원로 363,경기,수원시,영통구,127.041626827344,37.264492697984,http://place.map.kakao.com/13032042
GS더프레시수원아트리움점,GS더프레시,수원아트리움점,225,GS더프레시 수원아트리움점,MT1,primary_category,valid,matched,open,GS더프레시 수원아트리움점,"가정,생활 > 슈퍼마켓 > 대형슈퍼 > GS더프레시",경기 수원시 장안구 정자동 600-28,경기 수원시 장안구 이목로 24-3,경기,수원시,장안구,126.98445336734478,37.30964823942519,http://place.map.kakao.com/1561476543
GS더프레시시흥은계점,GS더프레시,시흥은계점,225,GS더프레시 시흥은계점,MT1,primary_category,valid,matched,open,GS더프레시 시흥은계점,"가정,생활 > 슈퍼마켓 > 대형슈퍼 > GS더프레시",경기 시흥시 은행동 621,경기 시흥시 은계중앙로 115,경기,시흥시,은행동,126.80394538023285,37.43994700980373,http://place.map.kakao.com/639076118
GS더프레시신주례점,GS더프레시,신주례점,225,GS더프레시 신주례점,MT1,primary_category,valid,matched,open,GS더프레시 신주례점,"가정,생활 > 슈퍼마켓 > 대형슈퍼 > GS더프레시",부산 사상구 주례동 10-4,부산 사상구 백양대로342번길 21,부산,사상구,주례동,129.01392389814464,35.15424767132682,http://place.map.kakao.com/8559463
GS더프레시아산탕정점,GS더프레시,아산탕정점,189,GS더프레시 아산탕정점,,manual_override,valid,matched,open,GS더프레시 아산탕정점,,충남 아산시 탕정면 탕정면로22번길 7,충남 아산시 탕정면 탕정면로22번길 7,충남,아산시,탕정면,127.060017258803,36.7982223543747,
GS더프레시안성점,GS더프레시,안성점,225,GS더프레시 안성점,MT1,primary_category,valid,matched,open,GS더프레시 안성점,"가정,생활 > 슈퍼마켓 > 대형슈퍼 > GS더프레시",경기 안성시 영동 410,경기 안성시 중앙로 430,경기,안성시,영동,127.27424173579493,37.00607224652221,http://place.map.kakao.com/8008613
GS더프레시안양메가트리아점,GS더프레시,안양메가트리아점,225,GS더프레시 안양메가트리아점,MT1,primary_category,valid,matched,open,GS더프레시 안양메가트리아점,"가정,생활 > 슈퍼마켓 > 대형슈퍼 > GS더프레시",경기 안양시 만안구 안양동 1391,경기 안양시 만안구 태평로52번길 21,경기,안양시,만안구,126.93050018527225,37.395579760877986,http://place.map.kakao.com/435657791
GS더프레시양산가촌점,GS더프레시,양산가촌점,225,GS더프레시 양산가촌점,MT1,primary_category,valid,matched,open,GS더프레시 양산가촌점,"가정,생활 > 슈퍼마켓 > 대형슈퍼 > GS더프레시",경남 양산시 물금읍 가촌리 1275-6,경남 양산시 물금읍 물금로 96-35,경남,양산시,물금읍,128.994703633175,35.3127264310794,http://place.map.kakao.com/1764177239
GS더프레시양산물금점,GS더프레시,양산물금점,225,GS더프레시 양산물금점,MT1,primary_category,valid,matched,open,GS더프레시 양산물금점,"가정,생활 > 슈퍼마켓 > 대형슈퍼 > GS더프레시",경남 양산시 물금읍 범어리 2675-2,경남 양산시 물금읍 신주로 43,경남,양산시,물금읍,129.016397382149,35.333100131774,http://place.map.kakao.com/16244699
GS더프레시양천신은점,GS더프레시,양천신은점,225,GS더프레시 양천신은점,MT1,primary_category,valid,matched,open,GS더프레시 양천신은점,"가정,생활 > 슈퍼마켓 > 대형슈퍼 > GS더프레시",서울 양천구 신정동 1320-6,서울 양천구 신정이펜2로 12-1,서울,양천구,신정동,126.83317165777213,37.51258254480948,http://place.map.kakao.com/17816013
GS더프레시여의도점,GS더프레시,여의도점,225,GS더프레시 여의도점,MT1,primary_category,valid,matched,open,GS더프레시 여의도점,"가정,생활 > 슈퍼마켓 > 대형슈퍼 > GS더프레시",서울 영등포구 여의도동 30-3,서울 영등포구 국제금융로7길 15,서울,영등포구,여의도동,126.932161428941,37.5231964849506,http://place.map.kakao.com/26890622
GS더프레시연수점,GS더프레시,연수점,225,GS더프레시 연수점,MT1,primary_category,valid,matched,open,GS더프레시 연수점,"가정,생활 > 슈퍼마켓 > 대형슈퍼 > GS더프레시",인천 연수구 동춘동 925-7,인천 연수구 원인재로 88,인천,연수구,동춘동,126.677264377242,37.4065702448562,http://place.map.kakao.com/10885956
GS더프레시용인점,GS더프레시,용인점,225,GS더프레시 용인점,MT1,primary_category,valid,matched,open,GS더프레시 용인점,"가정,생활 > 슈퍼마켓 > 대형슈퍼 > GS더프레시",경기 용인시 처인구 김량장동 254-1,경기 용인시 처인구 금령로55번길 12,경기,용인시,처인구,127.20283573209689,37.236019105256275,http://place.map.kakao.com/27367805
GS더프레시용인포곡점,GS더프레시,용인포곡점,225,GS더프레시 용인포곡점,MT1,primary_category,valid,matched,open,GS더프레시 용인포곡점,"가정,생활 > 슈퍼마켓 > 대형슈퍼 > GS더프레시",경기 용인시 처인구 포곡읍 둔전리 139-10,경기 용인시 처인구 포곡읍 둔전로47번길 21,경기,용인시,처인구,127.21941793621467,37.268038713606124,http://place.map.kakao.com/8563430
GS더프레시울산구영점,GS더프레시,울산구영점,225,GS더프레시 울산구영점,MT1,primary_category,valid,matched,open,GS더프레시 울산구영점,"가정,생활 > 슈퍼마켓 > 대형슈퍼 > GS더프레시",울산 울주군 범서읍 구영리 849-1,울산 울주군 범서읍 점촌3길 8-15,울산,울주군,범서읍,129.24067490689663,35.57460270546462,http://place.map.kakao.com/16399502
GS더프레시울산천곡점,GS더프레시,울산천곡점,225,GS더프레시 울산천곡점,MT1,primary_category,valid,matched,open,GS더프레시 울산천곡점,"가정,생활 > 슈퍼마켓 > 대형슈퍼 > GS더프레시",울산 북구 천곡동 410-16,울산 북구 천곡남로 34,울산,북구,천곡동,129.335429591566,35.63149410238,http://place.map.kakao.com/39010096
GS더프레시울산태화점,GS더프레시,울산태화점,225,GS더프레시 울산태화점,MT1,primary_category,valid,matched,open,GS더프레시 울산태화점,"가정,생활 > 슈퍼마켓 > 대형슈퍼 > GS더프레시",울산 중구 태화동 37-29,울산 중구 명륜로 23,울산,중구,태화동,129.3087198524591,35.55452373492297,http://place.map.kakao.com/1099873195
GS더프레시원주점,GS더프레시,원주점,225,GS더프레시 원주점,MT1,primary_category,valid,matched,open,GS더프레시 원주점,"가정,생활 > 슈퍼마켓 > 대형슈퍼 > GS더프레시",강원특별자치도 원주시 단구동 1516-4,강원특별자치도 원주시 남원로534번길 10,강원특별자치도,원주시,단구동,127.94765291515053,37.330949598840405,http://place.map.kakao.com/10993650
GS더프레시원주혁신점,GS더프레시,원주혁신점,225,GS더프레시 원주혁신점,MT1,primary_category,valid,matched,open,GS더프레시 원주혁신점,"가정,생활 > 슈퍼마켓 > 대형슈퍼 > GS더프레시",강원특별자치도 원주시 반곡동 1886-4,강원특별자치도 원주시 혁신로 63,강원특별자치도,원주시,반곡동,127.98127349526851,37.323243194270525,http://place.map.kakao.com/26890620
GS더프레시위례중앙점,GS더프레시,위례중앙점,225,GS더프레시 위례중앙점,MT1,primary_category,valid,matched,open,GS더프레시 위례중앙점,"가정,생활 > 슈퍼마켓 > 대형슈퍼 > GS더프레시",경기 성남시 수정구 창곡동 498-10,경기 성남시 수정구 위례광장로 300,경기,성남시,수정구,127.14281827528602,37.47370495376076,http://place.map.kakao.com/34782670
GS더프레시의왕오전점,GS더프레시,의왕오전점,225,GS더프레시 의왕오전점,MT1,primary_category,valid,matched,open,GS더프레시 의왕오전점,"가정,생활 > 슈퍼마켓 > 대형슈퍼 > GS더프레시",경기 의왕시 오전동 104-37,경기 의왕시 보식골로 9,경기,의왕시,오전동,126.969035422616,37.3589100030906,http://place.map.kakao.com/18837172
GS더프레시의왕점,GS더프레시,의왕점,225,GS더프레시 의왕점,MT1,primary_category,valid,matched,open,GS더프레시 의왕점,"가정,생활 > 슈퍼마켓 > 대형슈퍼 > GS더프레시",경기 의왕시 왕곡동 598,경기 의왕시 사천로 15,경기,의왕시,왕곡동,126.977523135069,37.3460524395491,http://place.map.kakao.com/8008920
GS더프레시의정부민락점,GS더프레시,의정부민락점,225,GS더프레시 의정부민락점,MT1,primary_category,valid,matched,open,GS더프레시 의정부민락점,"가정,생활 > 슈퍼마켓 > 대형슈퍼 > GS더프레시",경기 의정부시 민락동 691-1,경기 의정부시 용현로 155,경기,의정부시,민락동,127.09327366164445,37.740864469622345,http://place.map.kakao.com/11840143
GS더프레시인천동춘점,GS더프레시,인천동춘점,225,GS더프레시 인천동춘점,MT1,primary_category,valid,matched,open,GS더프레시 인천동춘점,"가정,생활 > 슈퍼마켓 > 대형슈퍼 > GS더프레시",인천 연수구 동춘동 305-5,인천 연수구 봉재산로36번길 1,인천,연수구,동춘동,126.66616359524473,37.4086514046954,http://place.map.kakao.com/1600591641
GS더프레시인천부개점,GS더프레시,인천부개점,225,GS더프레시 인천부개점,MT1,primary_category,valid,matched,open,GS더프레시 인천부개점,"가정,생활 > 슈퍼마켓 > 대형슈퍼 > GS더프레시",인천 부평구 부개동 501-8,인천 부평구 부개로 10,인천,부평구,부개동,126.73965490259731,37.49821363867895,http://place.map.kakao.com/19632143
GS더프레시인천삼산점,GS더프레시,인천삼산점,225,GS더프레시 인천삼산점,MT1,primary_category,valid,matched,open,GS더프레시 인천삼산점,"가정,생활 > 슈퍼마켓 > 대형슈퍼 > GS더프레시",인천 부평구 삼산동 123,인천 부평구 영성중로15번길 12,인천,부평구,삼산동,126.74355902063989,37.51827398891255,http://place.map.kakao.com/14978574
GS더프레시잠실장미점,GS더프레시,잠실장미점,225,GS더프레시 잠실장미점,MT1,primary_category,valid,matched,open,GS더프레시 잠실장미점,"가정,생활 > 슈퍼마켓 > 대형슈퍼 > GS더프레시",서울 송파구 신천동 7,서울 송파구 올림픽로35길 112,서울,송파구,신천동,127.10190441673849,37.51784257489732,http://place.map.kakao.com/11839976
GS더프레시잠실파크리오점,GS더프레시,잠실파크리오점,225,GS더프레시 잠실파크리오점,MT1,primary_category,valid,matched,open,GS더프레시 잠실파크리오점,"가정,생활 > 슈퍼마켓 > 대형슈퍼 > GS더프레시",서울 송파구 신천동 20-6,서울 송파구 올림픽로35길 10,서울,송파구,신천동,127.11329890295374,37.52026039689188,http://place.map.kakao.com/11839977
GS더프레시장유대청점,GS더프레시,장유대청점,225,GS더프레시 장유대청점,MT1,primary_category,valid,matched,open,GS더프레시 장유대청점,"가정,생활 > 슈퍼마켓 > 대형슈퍼 > GS더프레시",경남 김해시 대청동 322-2,경남 김해시 계동로102번길 27,경남,김해시,대청동,128.79692232478894,35.186389395345145,http://place.map.kakao.com/19531914
GS더프레시장유점,GS더프레시,장유점,225,GS더프레시 장유점,MT1,primary_category,valid,matched,open,GS더프레시 장유점,"가정,생활 > 슈퍼마켓 > 대형슈퍼 > GS더프레시",경남 김해시 부곡동 1160-2,경남 김해시 능동로167번길 7,경남,김해시,부곡동,128.80877096103907,35.20355209990666,http://place.map.kakao.com/22245864
GS더프레시종로구기점,GS더프레시,종로구기점,225,GS더프레시 종로구기점,MT1,primary_category,valid,matched,open,GS더프레시 종로구기점,"가정,생활 > 슈퍼마켓 > 대형슈퍼 > GS더프레시",서울 종로구 구기동 94,서울 종로구 진흥로 456,서울,종로구,구기동,126.95845267092453,37.606844525484284,http://place.map.kakao.com/21326963
GS더프레시종로평창점,GS더프레시,종로평창점,225,GS더프레시 종로평창점,MT1,primary_category,valid,matched,open,GS더프레시 종로평창점,"가정,생활 > 슈퍼마켓 > 대형슈퍼 > GS더프레시",서울 종로구 평창동 158-1,서울 종로구 평창문화로 75,서울,종로구,평창동,126.968910317285,37.606766654636,http://place.map.kakao.com/17861059
GS더프레시주례점,GS더프레시,주례점,225,GS더프레시 주례점,MT1,primary_category,valid,matched,open,GS더프레시 주례점,"가정,생활 > 슈퍼마켓 > 대형슈퍼 > GS더프레시",부산 사상구 주례동 595,부산 사상구 가야대로284번길 2,부산,사상구,주례동,129.00360814677248,35.149580366383226,http://place.map.kakao.com/8009090
GS더프레시죽곡점,GS더프레시,죽곡점,225,GS더프레시 죽곡점,MT1,primary_category,valid,matched,open,GS더프레시 죽곡점,"가정,생활 > 슈퍼마켓 > 대형슈퍼 > GS더프레시",대구 달성군 다사읍 매곡리 1547-10,대구 달성군 다사읍 대실역북로1길 9,대구,달성군,다사읍,128.46577860189615,35.85865917693001,http://place.map.kakao.com/27468404
GS더프레시증평점,GS더프레시,증평점,225,GS더프레시 증평점,MT1,primary_category,valid,matched,open,GS더프레시 증평점,"가정,생활 > 슈퍼마켓 > 대형슈퍼 > GS더프레시",충북 증평군 증평읍 신동리 427,충북 증평군 증평읍 창신로 54,충북,증평군,증평읍,127.57888152315547,36.78064760261065,http://place.map.kakao.com/17036559
GS더프레시진주신안점,GS더프레시,진주신안점,225,GS더프레시 진주신안점,MT1,primary_category,valid,matched,open,GS더프레시 진주신안점,"가정,생활 > 슈퍼마켓 > 대형슈퍼 > GS더프레시",경남 진주시 신안동 581-1,경남 진주시 진양호로 302,경남,진주시,신안동,128.065593123704,35.180034674943,http://place.map.kakao.com/68132719
GS더프레시진주평거점,GS더프레시,진주평거점,225,GS더프레시 진주평거점,MT1,primary_category,valid,matched,open,GS더프레시 진주평거점,"가정,생활 > 슈퍼마켓 > 대형슈퍼 > GS더프레시",경남 진주시 평거동 204-1,경남 진주시 순환로 546,경남,진주시,평거동,128.06098312366717,35.172989991643554,http://place.map.kakao.com/17815816
GS더프레시진천점,GS더프레시,진천점,225,GS더프레시 진천점,MT1,primary_category,valid,matched,open,GS더프레시 진천점,"가정,생활 > 슈퍼마켓 > 대형슈퍼 > GS더프레시",충북 진천군 진천읍 교성리 206-1,충북 진천군 진천읍 남산길 78,충북,진천군,진천읍,127.44357219801104,36.85385796048753,http://place.map.kakao.com/8009262
GS더프레시진해여좌점,GS더프레시,진해여좌점,225,GS더프레시 진해여좌점,MT1,primary_category,valid,matched,open,GS더프레시 진해여좌점,"가정,생활 > 슈퍼마켓 > 대형슈퍼 > GS더프레시",경남 창원시 진해구 여좌동 761-46,경남 창원시 진해구 충장로 87,경남,창원시,진해구,128.6616439703653,35.1527891946841,http://place.map.kakao.com/8565085
GS더프레시진해풍호점,GS더프레시,진해풍호점,225,GS더프레시 진해풍호점,MT1,primary_category,valid,matched,open,GS더프레시 진해풍호점,"가정,생활 > 슈퍼마켓 > 대형슈퍼 > GS더프레시",경남 창원시 진해구 풍호동 305-17,경남 창원시 진해구 충장로657번길 35,경남,창원시,진해구,128.70627200916374,35.131067009990055,http://place.map.kakao.com/27275222
GS더프레시창원감계점,GS더프레시,창원감계점,225,GS더프레시 창원감계점,MT1,primary_category,valid,matched,open,GS더프레시 창원감계점,"가정,생활 > 슈퍼마켓 > 대형슈퍼 > GS더프레시",경남 창원시 의창구 북면 감계리 247-5,경남 창원시 의창구 북면 감계로110번길 57,경남,창원시,의창구,128.59322930586234,35.30152257518201,http://place.map.kakao.com/26096255
GS더프레시천안두정점,GS더프레시,천안두정점,225,GS더프레시 천안두정점,MT1,primary_category,valid,matched,open,GS더프레시 천안두정점,"가정,생활 > 슈퍼마켓 > 대형슈퍼 > GS더프레시",충남 천안시 서북구 두정동 1263,충남 천안시 서북구 두정로 203,충남,천안시,서북구,127.139844429116,36.8339851148353,http://place.map.kakao.com/11840130
GS더프레시천안쌍용점,GS더프레시,천안쌍용점,225,GS더프레시 천안쌍용점,MT1,primary_category,valid,matched,open,GS더프레시 천안쌍용점,"가정,생활 > 슈퍼마켓 > 대형슈퍼 > GS더프레시",충남 천안시 서북구 쌍용동 2131,충남 천안시 서북구 봉서산샛길 37,충남,천안시,서북구,127.119386735153,36.8070975951224,http://place.map.kakao.com/1029547079
GS더프레시천안점,GS더프레시,천안점,225,GS더프레시 천안점,MT1,primary_category,valid,matched,open,GS더프레시 천안점,"가정,생활 > 슈퍼마켓 > 대형슈퍼 > GS더프레시",충남 천안시 동남구 원성동 126-3,충남 천안시 동남구 충절로 148,충남,천안시,동남구,127.15836955033495,36.805598130894495,http://place.map.kakao.com/8009663
GS더프레시청주봉명점,GS더프레시,청주봉명점,225,GS더프레시 청주봉명점,MT1,primary_category,valid,matched,open,GS더프레시 청주봉명점,"가정,생활 > 슈퍼마켓 > 대형슈퍼 > GS더프레시",충북 청주시 흥덕구 봉명동 189-1,충북 청주시 흥덕구 1순환로 576,충북,청주시,흥덕구,127.4611039519155,36.64177753161305,http://place.map.kakao.com/8009129
GS더프레시청주용담점,GS더프레시,청주용담점,225,GS더프레시 청주용담점,MT1,primary_category,valid,matched,open,GS더프레시 청주용담점,"가정,생활 > 슈퍼마켓 > 대형슈퍼 > GS더프레시",충북 청주시 상당구 용담동 407,충북 청주시 상당구 산성로116번길 44,충북,청주시,상당구,127.50651021120714,36.63205829808052,http://place.map.kakao.com/13032033
GS더프레시청주점,GS더프레시,청주점,225,GS더프레시 청주점,MT1,primary_category,valid,matched,open,GS더프레시 청주점,"가정,생활 > 슈퍼마켓 > 대형슈퍼 > GS더프레시",충북 청주시 서원구 수곡동 904,충북 청주시 서원구 구룡산로 242,충북,청주시,서원구,127.47210603738456,36.61592968320832,http://place.map.kakao.com/12472400
GS더프레시초읍점,GS더프레시,초읍점,224,GS더프레시 초읍점,MT1,primary_category,valid,matched,open,GS더프레시 초읍점,"가정,생활 > 슈퍼마켓 > 대형슈퍼 > GS더프레시",부산 부산진구 초읍동 275-4,부산 부산진구 새싹로 244,부산,부산진구,초읍동,129.048429269569,35.1779057685769,http://place.map.kakao.com/10890607
GS더프레시충주연수점,GS더프레시,충주연수점,225,GS더프레시 충주연수점,MT1,primary_category,valid,matched,open,GS더프레시 충주연수점,"가정,생활 > 슈퍼마켓 > 대형슈퍼 > GS더프레시",충북 충주시 연수동 591-1,충북 충주시 금곡로 61,충북,충주시,연수동,127.93794714657032,36.99047104452013,http://place.map.kakao.com/8009667
GS더프레시충주용산점,GS더프레시,충주용산점,225,GS더프레시 충주용산점,MT1,primary_category,valid,matched,open,GS더프레시 충주용산점,"가정,생활 > 슈퍼마켓 > 대형슈퍼 > GS더프레시",충북 충주시 용산동 1639,충북 충주시 남산로 72,충북,충주시,용산동,127.94004834816822,36.961220684313396,http://place.map.kakao.com/8627674
GS더프레시토월점,GS더프레시,토월점,225,GS더프레시 토월점,MT1,primary_category,valid,matched,open,GS더프레시 토월점,"가정,생활 > 슈퍼마켓 > 대형슈퍼 > GS더프레시",경남 창원시 성산구 상남동 45-1,경남 창원시 성산구 동산로 124,경남,창원시,성산구,128.691602530161,35.2195773498283,http://place.map.kakao.com/8009446
GS더프레시파주청암점,GS더프레시,파주청암점,225,GS더프레시 파주청암점,MT1,primary_category,valid,matched,open,GS더프레시 파주청암점,"가정,생활 > 슈퍼마켓 > 대형슈퍼 > GS더프레시",경기 파주시 목동동 904,경기 파주시 교하로 20,경기,파주시,목동동,126.73352869545931,37.73253831877007,http://place.map.kakao.com/298661219
GS더프레시판교운중점,GS더프레시,판교운중점,231,GS더프레시 판교운중점,MT1,primary_category,valid,matched,open,GS더프레시 판교운중점,"가정,생활 > 슈퍼마켓 > 대형슈퍼 > GS더프레시",경기 성남시 분당구 운중동 960,경기 성남시 분당구 운중로 117,경기,성남시,분당구,127.07639300411945,37.392032689432455,http://place.map.kakao.com/2054001706
GS더프레시포천점,GS더프레시,포천점,225,GS더프레시 포천점,MT1,primary_category,valid,matched,open,GS더프레시 포천점,"가정,생활 > 슈퍼마켓 > 대형슈퍼 > GS더프레시",경기 포천시 신읍동 202-1,경기 포천시 중앙로 165,경기,포천시,신읍동,127.2058133142269,37.90048634397542,http://place.map.kakao.com/21534535
GS더프레시하남미사점,GS더프레시,하남미사점,225,GS더프레시 하남미사점,MT1,primary_category,valid,matched,open,GS더프레시 하남미사점,"가정,생활 > 슈퍼마켓 > 대형슈퍼 > GS더프레시",경기 하남시 선동 427,경기 하남시 미사강변북로 65-1,경기,하남시,선동,127.18487789288992,37.57386500309863,http://place.map.kakao.com/548951075
GS더프레시하남점,GS더프레시,하남점,225,GS더프레시 하남점,MT1,primary_category,valid,matched,open,GS더프레시 하남점,"가정,생활 > 슈퍼마켓 > 대형슈퍼 > GS더프레시",경기 하남시 신장동 427-380,경기 하남시 신장1로9번길 74,경기,하남시,신장동,127.20604570754455,37.539054213174325,http://place.map.kakao.com/8009970
GS더프레시하안8점,GS더프레시,하안8점,225,GS더프레시 하안8점,MT1,primary_category,valid,matched,open,GS더프레시 하안8점,"가정,생활 > 슈퍼마켓 > 대형슈퍼 > GS더프레시",경기 광명시 하안동 260-2,경기 광명시 금당로 36,경기,광명시,하안동,126.88246577426763,37.45898506444727,http://place.map.kakao.com/17815793
GS더프레시학익점,GS더프레시,학익점,225,GS더프레시 학익점,MT1,primary_category,valid,matched,open,GS더프레시 학익점,"가정,생활 > 슈퍼마켓 > 대형슈퍼 > GS더프레시",인천 미추홀구 학익동 256-19,인천 미추홀구 소성로 146,인천,미추홀구,학익동,126.66422890306254,37.4422604848799,http://place.map.kakao.com/8008858
GS더프레시해운대마린점,GS더프레시,해운대마린점,225,GS더프레시 해운대마린점,MT1,primary_category,valid,matched,open,GS더프레시 해운대마린점,"가정,생활 > 슈퍼마켓 > 대형슈퍼 > GS더프레시",부산 해운대구 우동 1407,부산 해운대구 마린시티2로 33,부산,해운대구,우동,129.14386385767614,35.15630758612848,http://place.map.kakao.com/1727063680
GS더프레시행신점,GS더프레시,행신점,216,GS더프레시 행신점,MT1,primary_category,valid,matched,open,GS더프레시 행신점,"가정,생활 > 슈퍼마켓 > 대형슈퍼 > GS더프레시",경기 고양시 덕양구 행신동 783,경기 고양시 덕양구 충경로 87,경기,고양시,덕양구,126.83934103226453,37.61568208949095,http://place.map.kakao.com/8565772
GS더프레시홍천점,GS더프레시,홍천점,225,GS더프레시 홍천점,MT1,primary_category,valid,matched,open,GS더프레시 홍천점,"가정,생활 > 슈퍼마켓 > 대형슈퍼 > GS더프레시",강원특별자치도 홍천군 홍천읍 신장대리 62-1,강원특별자치도 홍천군 홍천읍 홍천로 344,강원특별자치도,홍천군,홍천읍,127.883626283341,37.6883039490069,http://place.map.kakao.com/8010143
GS더프레시화명점,GS더프레시,화명점,225,GS더프레시 화명점,MT1,primary_category,valid,matched,open,GS더프레시 화명점,"가정,생활 > 슈퍼마켓 > 대형슈퍼 > GS더프레시",부산 북구 화명동 194-2,부산 북구 대천천길 15,부산,북구,화명동,129.01490250764226,35.24063244017472,http://place.map.kakao.com/8561792
롯데슈퍼G고양삼송점,롯데슈퍼,G고양삼송점,502,롯데슈퍼프레시 고양삼송점,,manual_override,valid,matched,open,롯데슈퍼프레시 고양삼송점,,경기 고양시 덕양구 신원동 623,경기 고양시 덕양구 신원로 40-16,경기,고양시,덕양구,126.88970181887879,37.66473723119918,http://place.map.kakao.com/25638687
롯데슈퍼G대림점,롯데슈퍼,G대림점,502,롯데슈퍼프레시 대림점,,manual_override,valid,matched,open,롯데슈퍼프레시 대림점,,서울 영등포구 대림동 784,서울 영등포구 대림로 251,서울,영등포구,대림동,126.89600994958876,37.50299851578311,http://place.map.kakao.com/20239049
롯데슈퍼G마포점,롯데슈퍼,G마포점,502,롯데프레시&델리 마포점,,manual_override,valid,matched,open,롯데프레시&델리 마포점,,서울 마포구 구수동 60,서울 마포구 토정로 193,서울,마포구,구수동,126.932566420746,37.5458082301122,http://place.map.kakao.com/20239040
롯데슈퍼G목동점,롯데슈퍼,G목동점,502,롯데슈퍼프레시 목동점2,,manual_override,valid,matched,open,롯데슈퍼프레시 목동점2,,서울 양천구 목동서로 100,서울 양천구 목동서로 100,서울,양천구,목동,126.874169046113,37.5342244045517,
롯데슈퍼G방배점,롯데슈퍼,G방배점,500,롯데슈퍼프레시 방배점2,,manual_override,valid,matched,open,롯데슈퍼프레시 방배점2,,서울 서초구 방배로33길 29,서울 서초구 방배로33길 29,서울,서초구,방배동,126.989270518102,37.4912422359315,
롯데슈퍼G보라점,롯데슈퍼,G보라점,500,롯데슈퍼프레시 보라점,,manual_override,valid,matched,open,롯데슈퍼프레시 보라점,,경기 용인시 기흥구 보라동 166,경기 용인시 기흥구 사은로126번길 29,경기,용인시,기흥구,127.12068390536103,37.254285561921115,http://place.map.kakao.com/20239039
롯데슈퍼G복대2점,롯데슈퍼,G복대2점,502,롯데슈퍼프레시 G복대2점,,manual_override,valid,matched,open,롯데슈퍼프레시 G복대2점,,충북 청주시 흥덕구 죽천로 67,충북 청주시 흥덕구 죽천로 67,충북,청주시,흥덕구,127.43037586066,36.6386208647562,
롯데슈퍼G복대점,롯데슈퍼,G복대점,502,롯데프레시&델리 복대점,,manual_override,valid,matched,open,롯데프레시&델리 복대점,,충북 청주시 흥덕구 복대동 491,충북 청주시 흥덕구 진재로 90,충북,청주시,흥덕구,127.43050589299665,36.639101237848486,http://place.map.kakao.com/20239055
롯데슈퍼G부곡점,롯데슈퍼,G부곡점,496,롯데슈퍼프레시 부곡점,,manual_override,valid,matched,open,롯데슈퍼프레시 부곡점,,경기 의왕시 삼동 170-3,경기 의왕시 부곡시장4길 7,경기,의왕시,삼동,126.95242633661007,37.31820312997872,http://place.map.kakao.com/20239029
롯데슈퍼G소사점,롯데슈퍼,G소사점,502,롯데슈퍼프레시 소사점,,manual_override,valid,matched,open,롯데슈퍼프레시 소사점,,경기 부천시 소사구 소사본동 197-1,경기 부천시 소사구 은성로 82,경기,부천시,소사구,126.79964620259184,37.47494859012037,http://place.map.kakao.com/21344273
롯데슈퍼G속초점,롯데슈퍼,G속초점,500,롯데프레시&델리 속초점,,manual_override,valid,matched,open,롯데프레시&델리 속초점,,강원특별자치도 속초시 조양동 1498-2,강원특별자치도 속초시 조양상가길 25,강원특별자치도,속초시,조양동,128.58021405308673,38.19000299820293,http://place.map.kakao.com/20239046
롯데슈퍼G속초조양점,롯데슈퍼,G속초조양점,500,롯데슈퍼프레시 속초조양점,,manual_override,valid,matched,open,롯데슈퍼프레시 속초조양점,,강원특별자치도 속초시 조양동 1211,강원특별자치도 속초시 온정로1길 7,강원특별자치도,속초시,조양동,128.59190384535307,38.18537970041501,http://place.map.kakao.com/27363918
롯데슈퍼G수지점,롯데슈퍼,G수지점,503,롯데슈퍼프레시 수지점2,,manual_override,valid,matched,open,롯데슈퍼프레시 수지점2,,경기 용인시 수지구 진산로 24,경기 용인시 수지구 진산로 24,경기,용인시,수지구,127.092812659806,37.3141409247626,
롯데슈퍼G신곡점,롯데슈퍼,G신곡점,502,롯데슈퍼프레시 신곡점,,manual_override,valid,matched,open,롯데슈퍼프레시 신곡점,,경기 의정부시 신곡동 560,경기 의정부시 동일로 583,경기,의정부시,신곡동,127.05618814264592,37.74023946372426,http://place.map.kakao.com/20239032
롯데슈퍼G운정점,롯데슈퍼,G운정점,502,롯데슈퍼프레시 운정점,,manual_override,valid,matched,open,롯데슈퍼프레시 운정점,,경기 파주시 와동동 1304-1,경기 파주시 미래로602번길 10,경기,파주시,와동동,126.75232067858323,37.73108432280424,http://place.map.kakao.com/21296615
롯데슈퍼G유진점,롯데슈퍼,G유진점,502,롯데슈퍼프레시 유진점,,manual_override,valid,matched,open,롯데슈퍼프레시 유진점,,서울 서대문구 홍제동 294-46,서울 서대문구 통일로 484,서울,서대문구,홍제동,126.94329430726096,37.59152047030609,http://place.map.kakao.com/20560570
롯데슈퍼G은마점,롯데슈퍼,G은마점,500,롯데슈퍼프레시 은마점,,manual_override,valid,matched,open,롯데슈퍼프레시 은마점,,서울 강남구 대치동 316,서울 강남구 삼성로 212,서울,강남구,대치동,127.06434755229363,37.49553489597998,http://place.map.kakao.com/20239048
롯데슈퍼G은평점,롯데슈퍼,G은평점,502,롯데슈퍼프레시 은평점,,manual_override,valid,matched,open,롯데슈퍼프레시 은평점,,서울 은평구 진관동 209-41,서울 은평구 진관2로 117,서울,은평구,진관동,126.93058430439889,37.634346681623605,http://place.map.kakao.com/20239060
롯데슈퍼G전곡점,롯데슈퍼,G전곡점,502,롯데슈퍼프레시 전곡점,,manual_override,valid,matched,open,롯데슈퍼프레시 전곡점,,경기 연천군 전곡읍 은대리 566,경기 연천군 전곡읍 전곡로 187-1,경기,연천군,전곡읍,127.066310640092,38.02814987574263,http://place.map.kakao.com/20239043
롯데슈퍼G중동점,롯데슈퍼,G중동점,502,롯데슈퍼프레시 중동점,,manual_override,valid,matched,open,롯데슈퍼프레시 중동점,,경기 부천시 원미구 중동 1107,경기 부천시 원미구 신흥로 190-1,경기,부천시,원미구,126.77799103585477,37.50097059011369,http://place.map.kakao.com/1702299843
롯데슈퍼G철원점,롯데슈퍼,G철원점,502,롯데슈퍼프레시 철원점,,manual_override,valid,matched,open,롯데슈퍼프레시 철원점,,강원특별자치도 철원군 동송읍 이평리 704-16,강원특별자치도 철원군 동송읍 이평2로 14,강원특별자치도,철원군,동송읍,127.22083785617998,38.20584656903654,http://place.map.kakao.com/20239113
롯데슈퍼G춘천점,롯데슈퍼,G춘천점,499,롯데슈퍼프레시 춘천점,,manual_override,valid,matched,open,롯데슈퍼프레시 춘천점,,강원특별자치도 춘천시 퇴계동 381-1,강원특별자치도 춘천시 영서로 2195,강원특별자치도,춘천시,퇴계동,127.728577568364,37.8602948663326,http://place.map.kakao.com/21721237
롯데슈퍼G홍제점,롯데슈퍼,G홍제점,502,롯데슈퍼프레시 홍제점2,,manual_override,valid,matched,open,롯데슈퍼프레시 홍제점2,,서울 서대문구 통일로 397,서울 서대문구 통일로 397,서울,서대문구,홍제동,126.947518964239,37.5852185401096,
롯데슈퍼G화곡점,롯데슈퍼,G화곡점,502,롯데슈퍼프레시 화곡점2,,manual_override,valid,matched,open,롯데슈퍼프레시 화곡점2,,서울 강서구 등촌로5길 80,서울 강서구 등촌로5길 80,서울,강서구,화곡동,126.858951804044,37.5330706883775,
롯데슈퍼가락점,롯데슈퍼,가락점,500,롯데슈퍼 가락점,MT1,primary_category,valid,matched,open,롯데슈퍼프레시 가락점,"가정,생활 > 슈퍼마켓 > 대형슈퍼 > 롯데슈퍼프레시",서울 송파구 가락동 7,서울 송파구 오금로36길 8,서울,송파구,가락동,127.125276596541,37.5029850672567,http://place.map.kakao.com/12143566
롯데슈퍼개화산점,롯데슈퍼,개화산점,502,롯데슈퍼 개화산점,MT1,primary_category,valid,matched,open,롯데슈퍼프레시 개화산점,"가정,생활 > 슈퍼마켓 > 대형슈퍼 > 롯데슈퍼프레시",서울 강서구 방화동 533-9,서울 강서구 양천로6길 15,서울,강서구,방화동,126.8076251629077,37.57196382081579,http://place.map.kakao.com/11840089
롯데슈퍼경주동천점,롯데슈퍼,경주동천점,479,롯데슈퍼 경주동천점,MT1,primary_category,valid,matched,open,롯데슈퍼프레시 경주동천점,"가정,생활 > 슈퍼마켓 > 대형슈퍼 > 롯데슈퍼프레시",경북 경주시 동천동 825,경북 경주시 동천로 70,경북,경주시,동천동,129.22679596236918,35.85399700759561,http://place.map.kakao.com/17027002
롯데슈퍼경주용황점,롯데슈퍼,경주용황점,483,롯데슈퍼 경주용황점,MT1,primary_category,valid,matched,open,롯데슈퍼프레시 경주용황점,"가정,생활 > 슈퍼마켓 > 대형슈퍼 > 롯데슈퍼프레시",경북 경주시 용강동 1611,경북 경주시 용황로7길 8,경북,경주시,용강동,129.22598633270707,35.883331813590395,http://place.map.kakao.com/1806144742
롯데슈퍼고양원흥점,롯데슈퍼,고양원흥점,502,롯데슈퍼 고양원흥점,MT1,primary_category,valid,matched,open,롯데슈퍼프레시 고양원흥점,"가정,생활 > 슈퍼마켓 > 대형슈퍼 > 롯데슈퍼프레시",경기 고양시 덕양구 도내동 1025,경기 고양시 덕양구 도래울2로 3,경기,고양시,덕양구,126.86997814839418,37.63019885956234,http://place.map.kakao.com/26597561
롯데슈퍼공릉점,롯데슈퍼,공릉점,500,롯데슈퍼 공릉점,MT1,primary_category,valid,matched,open,롯데슈퍼프레시 공릉점,"가정,생활 > 슈퍼마켓 > 대형슈퍼 > 롯데슈퍼프레시",서울 노원구 공릉동 238-53,서울 노원구 공릉로 144,서울,노원구,공릉동,127.0794499302224,37.6225308543874,http://place.map.kakao.com/8355275
롯데슈퍼광명소하점,롯데슈퍼,광명소하점,502,롯데슈퍼 광명소하점,MT1,primary_category,valid,matched,open,롯데슈퍼프레시 광명소하점,"가정,생활 > 슈퍼마켓 > 대형슈퍼 > 롯데슈퍼프레시",경기 광명시 소하동 1364-1,경기 광명시 하안로 112,경기,광명시,소하동,126.89199778203609,37.44850547043064,http://place.map.kakao.com/17026996
롯데슈퍼광명일직점,롯데슈퍼,광명일직점,502,롯데슈퍼 광명일직점,MT1,primary_category,valid,matched,open,롯데슈퍼프레시 광명일직점,"가정,생활 > 슈퍼마켓 > 대형슈퍼 > 롯데슈퍼프레시",경기 광명시 일직동 513,경기 광명시 양지로 16,경기,광명시,일직동,126.88181176966943,37.41632044377401,http://place.map.kakao.com/175830829
롯데슈퍼광명점,롯데슈퍼,광명점,502,롯데슈퍼 광명점,MT1,primary_category,valid,matched,open,롯데슈퍼프레시 광명점,"가정,생활 > 슈퍼마켓 > 대형슈퍼 > 롯데슈퍼프레시",경기 광명시 철산동 240,경기 광명시 모세로 40,경기,광명시,철산동,126.86939721791856,37.480591983554,http://place.map.kakao.com/11839992
롯데슈퍼광주도평점,롯데슈퍼,광주도평점,502,롯데슈퍼 광주도평점,MT1,primary_category,valid,matched,open,롯데슈퍼프레시 광주도평점,"가정,생활 > 슈퍼마켓 > 대형슈퍼 > 롯데슈퍼프레시",경기 광주시 초월읍 도평리 230-5,경기 광주시 초월읍 현산로 76,경기,광주시,초월읍,127.29130690188474,37.39426303559779,http://place.map.kakao.com/17944748
롯데슈퍼광주점,롯데슈퍼,광주점,482,롯데슈퍼 광주점,MT1,primary_category,valid,matched,open,롯데슈퍼프레시 광주점,"가정,생활 > 슈퍼마켓 > 대형슈퍼 > 롯데슈퍼프레시",경기 광주시 태전동 628,경기 광주시 태봉로 51,경기,광주시,태전동,127.22967029105753,37.38876365052152,http://place.map.kakao.com/11839995
롯데슈퍼광혜원점,롯데슈퍼,광혜원점,500,롯데슈퍼 광혜원점,MT1,primary_category,valid,matched,open,롯데슈퍼프레시 광혜원점,"가정,생활 > 슈퍼마켓 > 대형슈퍼 > 롯데슈퍼프레시",충북 진천군 광혜원면 광혜원리 423-2,충북 진천군 광혜원면 광혜원산단1길 115-4,충북,진천군,광혜원면,127.44146000853677,36.98921690260976,http://place.map.kakao.com/18560266
롯데슈퍼교문점,롯데슈퍼,교문점,500,롯데슈퍼 교문점,MT1,primary_category,valid,matched,open,롯데슈퍼프레시 교문점,"가정,생활 > 슈퍼마켓 > 대형슈퍼 > 롯데슈퍼프레시",경기 구리시 교문동 808,경기 구리시 장자대로37번길 61,경기,구리시,교문동,127.13444524170457,37.590626988109,http://place.map.kakao.com/11607790
롯데슈퍼길동점,롯데슈퍼,길동점,502,롯데슈퍼 길동점,MT1,primary_category,valid,matched,open,롯데슈퍼프레시 길동점,"가정,생활 > 슈퍼마켓 > 대형슈퍼 > 롯데슈퍼프레시",서울 강동구 길동 384-1,서울 강동구 성안로 176,서울,강동구,길동,127.13629235156841,37.53865075961047,http://place.map.kakao.com/1670821808
롯데슈퍼김포전원점,롯데슈퍼,김포전원점,502,롯데슈퍼 김포전원점,MT1,primary_category,valid,matched,open,롯데프레시&델리 김포전원점,"가정,생활 > 슈퍼마켓 > 대형슈퍼 > 롯데슈퍼프레시",경기 김포시 운양동 1427-1,경기 김포시 김포한강11로 133,경기,김포시,운양동,126.68138106076597,37.645764073196375,http://place.map.kakao.com/26598099
롯데슈퍼김해율하2점,롯데슈퍼,김해율하2점,496,롯데슈퍼 김해율하2점,MT1,primary_category,valid,matched,open,롯데슈퍼프레시 김해율하2점,"가정,생활 > 슈퍼마켓 > 대형슈퍼 > 롯데슈퍼프레시",경남 김해시 장유동 841,경남 김해시 율하숲길 7,경남,김해시,장유동,128.82324156775934,35.17011403202293,http://place.map.kakao.com/781241799
롯데슈퍼남가좌점,롯데슈퍼,남가좌점,503,롯데슈퍼 남가좌점,MT1,primary_category,valid,matched,open,롯데슈퍼프레시 남가좌점,"가정,생활 > 슈퍼마켓 > 대형슈퍼 > 롯데슈퍼프레시",서울 서대문구 남가좌동 381,서울 서대문구 거북골로 120,서울,서대문구,남가좌동,126.91625656198904,37.57539012226991,http://place.map.kakao.com/21350006
롯데슈퍼남산점,롯데슈퍼,남산점,489,롯데슈퍼 남산점,MT1,primary_category,valid,matched,open,롯데슈퍼프레시 남산점,"가정,생활 > 슈퍼마켓 > 대형슈퍼 > 롯데슈퍼프레시",대구 중구 남산동 2971-11,대구 중구 달구벌대로 1936,대구,중구,남산동,128.5762896315878,35.862681346437896,http://place.map.kakao.com/21309303
롯데슈퍼남양주도곡점,롯데슈퍼,남양주도곡점,500,롯데슈퍼 남양주도곡점,MT1,primary_category,valid,matched,open,롯데슈퍼프레시 남양주도곡점,"가정,생활 > 슈퍼마켓 > 대형슈퍼 > 롯데슈퍼프레시",경기 남양주시 와부읍 도곡리 1025-6,경기 남양주시 와부읍 덕소로 238,경기,남양주시,와부읍,127.22260068741195,37.57927180815195,http://place.map.kakao.com/17027006
롯데슈퍼남양주진접점,롯데슈퍼,남양주진접점,212,롯데슈퍼 남양주진접점,MT1,primary_category,valid,matched,open,롯데슈퍼프레시 남양주진접점,"가정,생활 > 슈퍼마켓 > 대형슈퍼 > 롯데슈퍼프레시",경기 남양주시 진접읍 부평리 613-3,경기 남양주시 진접읍 광릉내로 17-1,경기,남양주시,진접읍,127.19835752371101,37.74241838526347,http://place.map.kakao.com/17026985
롯데슈퍼남양주호평점,롯데슈퍼,남양주호평점,500,롯데슈퍼 남양주호평점,MT1,primary_category,valid,matched,open,롯데슈퍼프레시 남양주호평점,"가정,생활 > 슈퍼마켓 > 대형슈퍼 > 롯데슈퍼프레시",경기 남양주시 호평동 269-1,경기 남양주시 천마산로 2,경기,남양주시,호평동,127.24863658111057,37.66193706658619,http://place.map.kakao.com/19659150
롯데슈퍼남원점,롯데슈퍼,남원점,502,롯데슈퍼 남원점,MT1,primary_category,valid,matched,open,롯데슈퍼프레시 남원점,"가정,생활 > 슈퍼마켓 > 대형슈퍼 > 롯데슈퍼프레시",전북특별자치도 남원시 도통동 584-2,전북특별자치도 남원시 춘향로 21,전북특별자치도,남원시,도통동,127.39765286644257,35.41739181383489,http://place.map.kakao.com/12196211
롯데슈퍼남현점,롯데슈퍼,남현점,500,롯데슈퍼 남현점,MT1,primary_category,valid,matched,open,롯데슈퍼프레시 남현점,"가정,생활 > 슈퍼마켓 > 대형슈퍼 > 롯데슈퍼프레시",서울 관악구 남현동 1059-16,서울 관악구 남부순환로 2074,서울,관악구,남현동,126.97915850830731,37.47631964197353,http://place.map.kakao.com/21307705
롯데슈퍼녹양점,롯데슈퍼,녹양점,500,롯데슈퍼 녹양점,MT1,primary_category,valid,matched,open,롯데슈퍼프레시 녹양점,"가정,생활 > 슈퍼마켓 > 대형슈퍼 > 롯데슈퍼프레시",경기 의정부시 녹양동 91-1,경기 의정부시 비우로 111,경기,의정부시,녹양동,127.03916841953442,37.75871393702376,http://place.map.kakao.com/7856980
롯데슈퍼당리점,롯데슈퍼,당리점,497,롯데슈퍼 당리점,MT1,primary_category,valid,matched,open,롯데슈퍼프레시 당리점,"가정,생활 > 슈퍼마켓 > 대형슈퍼 > 롯데슈퍼프레시",부산 사하구 당리동 115,부산 사하구 제석로 68,부산,사하구,당리동,128.9753006179418,35.106413433647795,http://place.map.kakao.com/11840000
롯데슈퍼당수점,롯데슈퍼,당수점,502,롯데슈퍼 당수점,MT1,primary_category,valid,matched,open,롯데슈퍼프레시 당수점,"가정,생활 > 슈퍼마켓 > 대형슈퍼 > 롯데슈퍼프레시",경기 수원시 권선구 당수동 273-3,경기 수원시 권선구 당진로15번길 56,경기,수원시,권선구,126.93907069879708,37.29213725088936,http://place.map.kakao.com/12143570
롯데슈퍼대구고산점,롯데슈퍼,대구고산점,502,롯데슈퍼 대구고산점,MT1,primary_category,valid,matched,open,롯데슈퍼프레시 대구고산점,"가정,생활 > 슈퍼마켓 > 대형슈퍼 > 롯데슈퍼프레시",대구 수성구 시지동 489-10,대구 수성구 시지로 50,대구,수성구,시지동,128.6941052952185,35.83950660669486,http://place.map.kakao.com/20239062
롯데슈퍼대구대실점,롯데슈퍼,대구대실점,493,롯데슈퍼 대구대실점,MT1,primary_category,valid,matched,open,롯데슈퍼프레시 대구대실점,"가정,생활 > 슈퍼마켓 > 대형슈퍼 > 롯데슈퍼프레시",대구 달성군 다사읍 죽곡리 427,대구 달성군 다사읍 대실역남로 46,대구,달성군,다사읍,128.46412616527115,35.85350034906611,http://place.map.kakao.com/27410620
롯데슈퍼대구현풍점,롯데슈퍼,대구현풍점,488,롯데슈퍼 대구현풍점,MT1,primary_category,valid,matched,open,롯데프레시&델리 대구현풍점,"가정,생활 > 슈퍼마켓 > 대형슈퍼 > 롯데슈퍼프레시",대구 달성군 현풍읍 중리 492,대구 달성군 현풍읍 테크노상업로2길 9,대구,달성군,현풍읍,128.45519378976365,35.69229466359972,http://place.map.kakao.com/99814936
롯데슈퍼대전둔산점,롯데슈퍼,대전둔산점,502,롯데슈퍼 대전둔산점,MT1,primary_category,valid,matched,open,롯데슈퍼프레시 대전둔산점,"가정,생활 > 슈퍼마켓 > 대형슈퍼 > 롯데슈퍼프레시",대전 서구 둔산동 908,대전 서구 청사로 281,대전,서구,둔산동,127.3912624891279,36.36204403837362,http://place.map.kakao.com/13025275
롯데슈퍼덕진점,롯데슈퍼,덕진점,502,롯데슈퍼 덕진점,MT1,primary_category,valid,matched,open,롯데슈퍼프레시 덕진점,"가정,생활 > 슈퍼마켓 > 대형슈퍼 > 롯데슈퍼프레시",전북특별자치도 전주시 덕진구 송천동1가 481-4,전북특별자치도 전주시 덕진구 송천중앙로 153,전북특별자치도,전주시,덕진구,127.12108680908517,35.86072692638414,http://place.map.kakao.com/447977421
롯데슈퍼동탄청계점,롯데슈퍼,동탄청계점,502,롯데슈퍼 동탄청계점,MT1,primary_category,valid,matched,open,롯데슈퍼프레시 동탄청계점,"가정,생활 > 슈퍼마켓 > 대형슈퍼 > 롯데슈퍼프레시",경기 화성시 동탄구 청계동 514-3,경기 화성시 동탄구 동탄대로시범길 257,경기,화성시,동탄구,127.1024864943254,37.20205548653946,http://place.map.kakao.com/27439562
롯데슈퍼두암점,롯데슈퍼,두암점,502,롯데슈퍼 두암점,MT1,primary_category,valid,matched,open,롯데슈퍼프레시 두암점,"가정,생활 > 슈퍼마켓 > 대형슈퍼 > 롯데슈퍼프레시",전남광주통합특별시 북구 두암동 985-1,전남광주통합특별시 북구 삼정로3번길 21,전남광주통합특별시,북구,두암동,126.934944809765,35.162569534140204,http://place.map.kakao.com/11840004
롯데슈퍼두정2점,롯데슈퍼,두정2점,502,롯데슈퍼 두정2점,MT1,primary_category,valid,matched,open,롯데프레시&델리 두정2점,"가정,생활 > 슈퍼마켓 > 대형슈퍼 > 롯데슈퍼프레시",충남 천안시 서북구 두정동 591,충남 천안시 서북구 오성로 9,충남,천안시,서북구,127.12826947653623,36.830679567938894,http://place.map.kakao.com/20239061
롯데슈퍼마포대흥점,롯데슈퍼,마포대흥점,503,롯데슈퍼 마포대흥점,MT1,primary_category,valid,matched,open,롯데슈퍼프레시 마포대흥점,"가정,생활 > 슈퍼마켓 > 대형슈퍼 > 롯데슈퍼프레시",서울 마포구 대흥동 337-10,서울 마포구 큰우물로 3,서울,마포구,대흥동,126.94024396728597,37.54544493753564,http://place.map.kakao.com/11840094
롯데슈퍼망포역점,롯데슈퍼,망포역점,503,롯데슈퍼 망포역점,MT1,primary_category,valid,matched,open,롯데슈퍼프레시 망포역점,"가정,생활 > 슈퍼마켓 > 대형슈퍼 > 롯데슈퍼프레시",경기 수원시 영통구 망포동 322-3,경기 수원시 영통구 영통로 195,경기,수원시,영통구,127.05632007894334,37.245216003887165,http://place.map.kakao.com/18856312
롯데슈퍼명지점,롯데슈퍼,명지점,488,롯데슈퍼 명지점,MT1,primary_category,valid,matched,open,롯데슈퍼프레시 명지점,"가정,생활 > 슈퍼마켓 > 대형슈퍼 > 롯데슈퍼프레시",부산 강서구 명지동 3231,부산 강서구 명지오션시티10로 16,부산,강서구,명지동,128.89774708645572,35.08644052665149,http://place.map.kakao.com/11840006
롯데슈퍼목포용해점,롯데슈퍼,목포용해점,502,롯데슈퍼 목포용해점,MT1,primary_category,valid,matched,open,롯데슈퍼 목포용해점,"가정,생활 > 슈퍼마켓 > 대형슈퍼 > 롯데슈퍼프레시",전남광주통합특별시 목포시 연산동 2025-4,전남광주통합특별시 목포시 용해지구로 79,전남광주통합특별시,목포시,연산동,126.391425990968,34.8196419722467,http://place.map.kakao.com/1717601430
롯데슈퍼문흥점,롯데슈퍼,문흥점,502,롯데슈퍼 문흥점,MT1,primary_category,valid,matched,open,롯데프레시&델리 문흥점,"가정,생활 > 슈퍼마켓 > 대형슈퍼 > 롯데슈퍼프레시",전남광주통합특별시 북구 문흥동 996-5,전남광주통합특별시 북구 대천로 140-7,전남광주통합특별시,북구,문흥동,126.92200581218218,35.18655602357972,http://place.map.kakao.com/11840008
롯데슈퍼반포2점,롯데슈퍼,반포2점,502,롯데슈퍼 반포2점,MT1,primary_category,valid,matched,open,롯데슈퍼프레시 반포2점,"가정,생활 > 슈퍼마켓 > 대형슈퍼 > 롯데슈퍼프레시",서울 서초구 반포동 54-1,서울 서초구 고무래로 22,서울,서초구,반포동,127.010757453712,37.5025716705172,http://place.map.kakao.com/707649582
롯데슈퍼방학점,롯데슈퍼,방학점,502,롯데슈퍼 방학점,MT1,primary_category,valid,matched,open,롯데슈퍼프레시 방학점,"가정,생활 > 슈퍼마켓 > 대형슈퍼 > 롯데슈퍼프레시",서울 도봉구 방학동 271-2,서울 도봉구 방학로 223,서울,도봉구,방학동,127.0273736208732,37.66155560672597,http://place.map.kakao.com/10363449
롯데슈퍼방화점,롯데슈퍼,방화점,502,롯데슈퍼 방화점,MT1,primary_category,valid,matched,open,롯데슈퍼프레시 방화점,"가정,생활 > 슈퍼마켓 > 대형슈퍼 > 롯데슈퍼프레시",서울 강서구 마곡동 1463,서울 강서구 방화대로34길 83,서울,강서구,마곡동,126.82080706959523,37.57102843050751,http://place.map.kakao.com/11840095
롯데슈퍼백석점,롯데슈퍼,백석점,500,롯데슈퍼 백석점,MT1,primary_category,valid,matched,open,롯데슈퍼프레시 백석점,"가정,생활 > 슈퍼마켓 > 대형슈퍼 > 롯데슈퍼프레시",충남 천안시 서북구 백석동 889,충남 천안시 서북구 백석4길 21,충남,천안시,서북구,127.12366874166706,36.82249111617785,http://place.map.kakao.com/11840009
롯데슈퍼범서점,롯데슈퍼,범서점,503,롯데슈퍼 범서점,MT1,primary_category,valid,matched,open,롯데슈퍼프레시 범서점,"가정,생활 > 슈퍼마켓 > 대형슈퍼 > 롯데슈퍼프레시",서울 은평구 불광동 308-1,서울 은평구 통일로 842,서울,은평구,불광동,126.92190097564924,37.618643364636995,http://place.map.kakao.com/16043963
롯데슈퍼보령점,롯데슈퍼,보령점,208,롯데슈퍼 보령점,MT1,primary_category,valid,matched,open,롯데슈퍼프레시 보령점,"가정,생활 > 슈퍼마켓 > 대형슈퍼 > 롯데슈퍼프레시",충남 보령시 죽정동 646-4,충남 보령시 지장골길 118,충남,보령시,죽정동,126.60085389622199,36.36064250212031,http://place.map.kakao.com/13025269
롯데슈퍼복현점,롯데슈퍼,복현점,502,롯데슈퍼 복현점,MT1,primary_category,valid,matched,open,롯데슈퍼 복현점,"가정,생활 > 슈퍼마켓 > 대형슈퍼 > 롯데슈퍼프레시",대구 북구 복현동 539-123,대구 북구 검단로 8,대구,북구,복현동,128.61539314881404,35.89798433754097,http://place.map.kakao.com/8355278
롯데슈퍼봉화산역점,롯데슈퍼,봉화산역점,502,롯데슈퍼 봉화산역점,MT1,primary_category,valid,matched,open,롯데슈퍼프레시 봉화산역점,"가정,생활 > 슈퍼마켓 > 대형슈퍼 > 롯데슈퍼프레시",서울 중랑구 신내동 646,서울 중랑구 신내로 211,서울,중랑구,신내동,127.09266257068,37.6163443182058,http://place.map.kakao.com/1526990880
롯데슈퍼부산남산점,롯데슈퍼,부산남산점,212,롯데슈퍼 부산남산점,MT1,primary_category,valid,matched,open,롯데슈퍼프레시 부산남산점,"가정,생활 > 슈퍼마켓 > 대형슈퍼 > 롯데슈퍼프레시",부산 금정구 남산동 117-15,부산 금정구 중앙대로 2033,부산,금정구,남산동,129.092248123928,35.2658167960854,http://place.map.kakao.com/1243469529
롯데슈퍼부산문현점,롯데슈퍼,부산문현점,493,롯데슈퍼 부산문현점,MT1,primary_category,valid,matched,open,롯데슈퍼프레시 부산문현점,"가정,생활 > 슈퍼마켓 > 대형슈퍼 > 롯데슈퍼프레시",부산 남구 문현동 358-9,부산 남구 지게골로 45,부산,남구,문현동,129.07064602280136,35.135862710310874,http://place.map.kakao.com/13025260
롯데슈퍼부산연산점,롯데슈퍼,부산연산점,458,롯데슈퍼프레시 연산점,,manual_override,valid,matched,open,롯데슈퍼프레시 연산점,,부산 연제구 연산동 490-7,부산 연제구 과정로 115,부산,연제구,연산동,129.10689891008414,35.18190019966234,http://place.map.kakao.com/11077786
롯데슈퍼부산영도점,롯데슈퍼,부산영도점,503,롯데슈퍼 부산영도점,MT1,primary_category,valid,matched,open,롯데프레시&델리 부산영도점,"가정,생활 > 슈퍼마켓 > 대형슈퍼 > 롯데슈퍼프레시",부산 영도구 동삼동 770,부산 영도구 태종로 759,부산,영도구,동삼동,129.0807231672937,35.06848923855992,http://place.map.kakao.com/1485880837
롯데슈퍼부산학장점,롯데슈퍼,부산학장점,493,롯데슈퍼 부산학장점,MT1,primary_category,valid,matched,open,롯데프레시&델리 부산학장점,"가정,생활 > 슈퍼마켓 > 대형슈퍼 > 롯데슈퍼프레시",부산 사상구 학장동 573-1,부산 사상구 대동로 94,부산,사상구,학장동,128.97820308629744,35.13787349209996,http://place.map.kakao.com/21336746
롯데슈퍼부산화명점,롯데슈퍼,부산화명점,493,롯데슈퍼 부산화명점,MT1,primary_category,valid,matched,open,롯데슈퍼프레시 부산화명점,"가정,생활 > 슈퍼마켓 > 대형슈퍼 > 롯데슈퍼프레시",부산 북구 화명동 2324,부산 북구 금곡대로 166,부산,북구,화명동,129.00935633001106,35.22268071267728,http://place.map.kakao.com/21539066
롯데슈퍼분당서현점,롯데슈퍼,분당서현점,502,롯데슈퍼 분당서현점,MT1,primary_category,valid,matched,open,롯데슈퍼프레시 분당서현점,"가정,생활 > 슈퍼마켓 > 대형슈퍼 > 롯데슈퍼프레시",경기 성남시 분당구 서현동 94-3,경기 성남시 분당구 중앙공원로40번길 42,경기,성남시,분당구,127.13236840386735,37.3780275138981,http://place.map.kakao.com/17026974
롯데슈퍼산본2동점,롯데슈퍼,산본2동점,500,롯데슈퍼 산본2동점,MT1,primary_category,valid,matched,open,롯데프레시&델리 산본2동점,"가정,생활 > 슈퍼마켓 > 대형슈퍼 > 롯데슈퍼프레시",경기 군포시 산본동 1066-2,경기 군포시 고산로677번길 40,경기,군포시,산본동,126.93068322299777,37.372792259387246,http://place.map.kakao.com/16698526
롯데슈퍼산본피트인점,롯데슈퍼,산본피트인점,502,롯데슈퍼 산본피트인점,MT1,primary_category,valid,matched,open,롯데슈퍼프레시 산본피트인점,"가정,생활 > 슈퍼마켓 > 대형슈퍼 > 롯데슈퍼프레시",경기 군포시 산본동 1145-6,경기 군포시 번영로 485,경기,군포시,산본동,126.930667095876,37.3578052953857,http://place.map.kakao.com/1935296244
롯데슈퍼삼성점,롯데슈퍼,삼성점,500,롯데슈퍼 삼성점,MT1,primary_category,valid,matched,open,롯데슈퍼프레시 삼성점,"가정,생활 > 슈퍼마켓 > 대형슈퍼 > 롯데슈퍼프레시",서울 강남구 삼성동 8-2,서울 강남구 선릉로 660,서울,강남구,삼성동,127.042331438739,37.515549855072,http://place.map.kakao.com/1492307432
롯데슈퍼삼천점,롯데슈퍼,삼천점,208,롯데슈퍼 삼천점,MT1,primary_category,valid,matched,open,롯데프레시&델리 삼천점,"가정,생활 > 슈퍼마켓 > 대형슈퍼 > 롯데슈퍼프레시",전북특별자치도 전주시 완산구 삼천동1가 285-5,전북특별자치도 전주시 완산구 용리로 46,전북특별자치도,전주시,완산구,127.11508979474894,35.79854704272041,http://place.map.kakao.com/7856890
롯데슈퍼삼천포점,롯데슈퍼,삼천포점,476,롯데슈퍼 삼천포점,MT1,primary_category,valid,matched,open,롯데슈퍼프레시 삼천포점,"가정,생활 > 슈퍼마켓 > 대형슈퍼 > 롯데슈퍼프레시",경남 사천시 벌리동 270-3,경남 사천시 주공로 41,경남,사천시,벌리동,128.08636749197197,34.94207499352733,http://place.map.kakao.com/19210996
롯데슈퍼상계11점,롯데슈퍼,상계11점,502,롯데슈퍼 상계11점,MT1,primary_category,valid,matched,open,롯데슈퍼프레시 상계11점,"가정,생활 > 슈퍼마켓 > 대형슈퍼 > 롯데슈퍼프레시",서울 노원구 상계동 651,서울 노원구 동일로 1541,서울,노원구,상계동,127.056874469549,37.6659409577969,http://place.map.kakao.com/11840099
롯데슈퍼상계7동점,롯데슈퍼,상계7동점,500,롯데슈퍼 상계7동점,MT1,primary_category,valid,matched,open,롯데슈퍼프레시 상계7동점,"가정,생활 > 슈퍼마켓 > 대형슈퍼 > 롯데슈퍼프레시",서울 노원구 상계동 749-9,서울 노원구 동일로 1372,서울,노원구,상계동,127.06177548351138,37.65108058320631,http://place.map.kakao.com/10351594
롯데슈퍼상남점,롯데슈퍼,상남점,498,롯데슈퍼 상남점,MT1,primary_category,valid,matched,open,롯데슈퍼프레시 상남점,"가정,생활 > 슈퍼마켓 > 대형슈퍼 > 롯데슈퍼프레시",경남 창원시 성산구 상남동 45-1,경남 창원시 성산구 동산로 122,경남,창원시,성산구,128.69061666701822,35.218852125914175,http://place.map.kakao.com/11840015
롯데슈퍼상록수점,롯데슈퍼,상록수점,174,롯데슈퍼 프레시 상록수점,,manual_override,valid,matched,open,롯데슈퍼 프레시 상록수점,,경기 안산시 상록구 상록수로 34,경기 안산시 상록구 상록수로 34,경기,안산시,상록구,126.863767865958,37.3021010869624,
롯데슈퍼서초3동점,롯데슈퍼,서초3동점,500,롯데슈퍼 서초3동점,MT1,primary_category,valid,matched,open,롯데슈퍼프레시 서초3동점,"가정,생활 > 슈퍼마켓 > 대형슈퍼 > 롯데슈퍼프레시",서울 서초구 서초동 1521-2,서울 서초구 명달로20길 60,서울,서초구,서초동,127.00781534047,37.4864294610256,http://place.map.kakao.com/21223257
롯데슈퍼서초국제점,롯데슈퍼,서초국제점,496,롯데슈퍼 서초국제점,MT1,primary_category,valid,matched,open,롯데슈퍼프레시 서초국제점,"가정,생활 > 슈퍼마켓 > 대형슈퍼 > 롯데슈퍼프레시",서울 서초구 서초동 1445-3,서울 서초구 효령로 304,서울,서초구,서초동,127.01799179864192,37.485046383074426,http://place.map.kakao.com/24660821
롯데슈퍼성내점,롯데슈퍼,성내점,500,롯데슈퍼 성내점,MT1,primary_category,valid,matched,open,롯데슈퍼프레시 성내점,"가정,생활 > 슈퍼마켓 > 대형슈퍼 > 롯데슈퍼프레시",서울 송파구 신천동 17-4,서울 송파구 올림픽로37길 130,서울,송파구,신천동,127.10446701515849,37.52064245484668,http://place.map.kakao.com/11840103
롯데슈퍼성주점,롯데슈퍼,성주점,482,롯데슈퍼 성주점,,manual_override,valid,matched,open,롯데슈퍼 성주점,,경북 성주군 성주읍3길 41,경북 성주군 성주읍3길 41,경북,성주군,성주읍,128.288707763332,35.9215642285262,
롯데슈퍼세곡점,롯데슈퍼,세곡점,500,롯데슈퍼 세곡점,MT1,primary_category,valid,matched,open,롯데슈퍼프레시 세곡점,"가정,생활 > 슈퍼마켓 > 대형슈퍼 > 롯데슈퍼프레시",서울 강남구 세곡동 594,서울 강남구 헌릉로569길 27,서울,강남구,세곡동,127.09878535029587,37.46684823163982,http://place.map.kakao.com/1276608407
롯데슈퍼세교점,롯데슈퍼,세교점,500,롯데슈퍼 세교점,MT1,primary_category,valid,matched,open,롯데슈퍼프레시 세교점,"가정,생활 > 슈퍼마켓 > 대형슈퍼 > 롯데슈퍼프레시",경기 오산시 금암동 512-4,경기 오산시 수청로 188,경기,오산시,금암동,127.04589630228533,37.17732907821043,http://place.map.kakao.com/13025237
롯데슈퍼세종고운점,롯데슈퍼,세종고운점,502,롯데슈퍼 세종고운점,MT1,primary_category,valid,matched,open,롯데프레시&델리 세종고운점,"가정,생활 > 슈퍼마켓 > 대형슈퍼 > 롯데슈퍼프레시",세종특별자치시 고운동 1400,세종특별자치시 마음로 181,세종특별자치시,,고운동,127.22938828018977,36.51462174739607,http://place.map.kakao.com/27409773
롯데슈퍼세종나성프레시점,롯데슈퍼,세종나성프레시점,502,롯데슈퍼프레시 세종나성점,,manual_override,valid,matched,open,롯데슈퍼프레시 세종나성점,,세종특별자치시 나성동 398,세종특별자치시 국세청로 32,세종특별자치시,,나성동,127.26196662573,36.4864205789188,http://place.map.kakao.com/1296227383
롯데슈퍼송정점,롯데슈퍼,송정점,502,롯데슈퍼 송정점,MT1,primary_category,valid,matched,open,롯데슈퍼프레시 송정점,"가정,생활 > 슈퍼마켓 > 대형슈퍼 > 롯데슈퍼프레시",경기 이천시 송정동 317-3,경기 이천시 증신로291번길 82,경기,이천시,송정동,127.4357214759535,37.296562675616116,http://place.map.kakao.com/11840020
롯데슈퍼송파점,롯데슈퍼,송파점,488,롯데슈퍼 송파점,MT1,primary_category,valid,matched,open,롯데슈퍼프레시 송파점,"가정,생활 > 슈퍼마켓 > 대형슈퍼 > 롯데슈퍼프레시",서울 송파구 송파동 121,서울 송파구 가락로 183,서울,송파구,송파동,127.114680822547,37.5052086972562,http://place.map.kakao.com/11840105
롯데슈퍼수성점,롯데슈퍼,수성점,469,롯데슈퍼 수성점,MT1,primary_category,valid,matched,open,롯데프레시&델리 수성점,"가정,생활 > 슈퍼마켓 > 대형슈퍼 > 롯데슈퍼프레시",대구 수성구 중동 333-7,대구 수성구 수성로 227,대구,수성구,중동,128.61244358356598,35.84591104395967,http://place.map.kakao.com/11840022
롯데슈퍼수지점,롯데슈퍼,수지점,115,롯데슈퍼프레시 수지점1,,manual_override,valid,matched,open,롯데슈퍼프레시 수지점1,,경기 용인시 수지구 수지로 62,경기 용인시 수지구 수지로 62,경기,용인시,수지구,127.076189909618,37.3084405045318,
롯데슈퍼시흥조남점,롯데슈퍼,시흥조남점,500,롯데슈퍼 시흥조남점,MT1,primary_category,valid,matched,open,롯데슈퍼프레시 시흥조남점,"가정,생활 > 슈퍼마켓 > 대형슈퍼 > 롯데슈퍼프레시",경기 시흥시 조남동 677,경기 시흥시 목감중앙로 47,경기,시흥시,조남동,126.85476613960947,37.37353324246276,http://place.map.kakao.com/2047365572
롯데슈퍼신도림점,롯데슈퍼,신도림점,38,롯데슈퍼 신도림점,MT1,primary_category,valid,matched,open,롯데슈퍼프레시 신도림점,"가정,생활 > 슈퍼마켓 > 대형슈퍼 > 롯데슈퍼프레시",서울 구로구 신도림동 388-5,서울 구로구 신도림로 57,서울,구로구,신도림동,126.88171918714717,37.509214347253724,http://place.map.kakao.com/27436518
롯데슈퍼신반포점,롯데슈퍼,신반포점,502,롯데슈퍼 신반포점,MT1,primary_category,valid,matched,open,롯데슈퍼프레시 신반포점,"가정,생활 > 슈퍼마켓 > 대형슈퍼 > 롯데슈퍼프레시",서울 서초구 반포동 2-8,서울 서초구 신반포로15길 29,서울,서초구,반포동,126.99428290768091,37.50540298131252,http://place.map.kakao.com/11073574
롯데슈퍼신부점,롯데슈퍼,신부점,502,롯데슈퍼 신부점,MT1,primary_category,valid,matched,open,롯데슈퍼프레시 신부점,"가정,생활 > 슈퍼마켓 > 대형슈퍼 > 롯데슈퍼프레시",충남 천안시 동남구 신부동 84-1,충남 천안시 동남구 신부7길 5-1,충남,천안시,동남구,127.15848432546409,36.81528851746564,http://place.map.kakao.com/11840025
롯데슈퍼신천점,롯데슈퍼,신천점,500,롯데슈퍼 신천점,MT1,primary_category,valid,matched,open,롯데슈퍼프레시 신천점,"가정,생활 > 슈퍼마켓 > 대형슈퍼 > 롯데슈퍼프레시",서울 송파구 잠실동 19-8,서울 송파구 올림픽로 111,서울,송파구,잠실동,127.08304093749976,37.51207353105823,http://place.map.kakao.com/8325443
롯데슈퍼신현점,롯데슈퍼,신현점,502,롯데슈퍼 신현점,MT1,primary_category,valid,matched,open,롯데슈퍼프레시 신현점,"가정,생활 > 슈퍼마켓 > 대형슈퍼 > 롯데슈퍼프레시",인천 서해구 신현동 134-25,인천 서해구 염곡로 351,인천,서해구,신현동,126.66822609724423,37.516093393299144,http://place.map.kakao.com/1412610480
롯데슈퍼쌍문점,롯데슈퍼,쌍문점,503,롯데슈퍼 쌍문점,MT1,primary_category,valid,matched,open,롯데슈퍼프레시 쌍문점,"가정,생활 > 슈퍼마켓 > 대형슈퍼 > 롯데슈퍼프레시",서울 도봉구 쌍문동 19,서울 도봉구 도당로 10,서울,도봉구,쌍문동,127.03521748869953,37.65916655526784,http://place.map.kakao.com/11840113
롯데슈퍼안산점,롯데슈퍼,안산점,500,롯데슈퍼 안산점,MT1,primary_category,valid,matched,open,롯데슈퍼프레시 안산점,"가정,생활 > 슈퍼마켓 > 대형슈퍼 > 롯데슈퍼프레시",경기 안산시 단원구 고잔동 671-2,경기 안산시 단원구 당곡2로 23,경기,안산시,단원구,126.83790173716204,37.3250010542539,http://place.map.kakao.com/11840030
롯데슈퍼안양점,롯데슈퍼,안양점,500,롯데슈퍼 안양점,MT1,primary_category,valid,matched,open,롯데슈퍼 안양점,"가정,생활 > 슈퍼마켓 > 대형슈퍼 > 롯데슈퍼프레시",경기 안양시 만안구 안양동 900-10,경기 안양시 만안구 안양로329번길 108,경기,안양시,만안구,126.91314377083773,37.40129157365404,http://place.map.kakao.com/11840031
롯데슈퍼양산남부점,롯데슈퍼,양산남부점,493,롯데슈퍼 양산남부점,MT1,primary_category,valid,matched,open,롯데슈퍼프레시 양산남부점,"가정,생활 > 슈퍼마켓 > 대형슈퍼 > 롯데슈퍼프레시",경남 양산시 남부동 607-7,경남 양산시 양주로 44,경남,양산시,남부동,129.02804705410875,35.33141469508323,http://place.map.kakao.com/11840034
롯데슈퍼언남점,롯데슈퍼,언남점,503,롯데슈퍼 언남점,MT1,primary_category,valid,matched,open,롯데슈퍼프레시 언남점,"가정,생활 > 슈퍼마켓 > 대형슈퍼 > 롯데슈퍼프레시",경기 용인시 기흥구 언남동 419-1,경기 용인시 기흥구 구성로 118,경기,용인시,기흥구,127.121498428806,37.2925933534965,http://place.map.kakao.com/9747220
롯데슈퍼엑스포점,롯데슈퍼,엑스포점,502,롯데슈퍼 엑스포점,MT1,primary_category,valid,matched,open,롯데슈퍼프레시 엑스포점,"가정,생활 > 슈퍼마켓 > 대형슈퍼 > 롯데슈퍼프레시",대전 유성구 전민동 466-3,대전 유성구 엑스포로 488,대전,유성구,전민동,127.40572660869286,36.40004200381706,http://place.map.kakao.com/11840174
롯데슈퍼여의점,롯데슈퍼,여의점,502,롯데슈퍼 여의점,MT1,primary_category,valid,matched,open,롯데슈퍼프레시 여의점,"가정,생활 > 슈퍼마켓 > 대형슈퍼 > 롯데슈퍼프레시",서울 영등포구 여의도동 42-1,서울 영등포구 국제금융로 79,서울,영등포구,여의도동,126.93345445909593,37.52063116511231,http://place.map.kakao.com/8355276
롯데슈퍼역촌점,롯데슈퍼,역촌점,294,롯데슈퍼 역촌점,,manual_override,valid,matched,open,롯데슈퍼 역촌점,,서울 은평구 진흥로 103,서울 은평구 진흥로 103,서울,은평구,역촌동,126.922406417484,37.6060733736923,
롯데슈퍼연수점,롯데슈퍼,연수점,502,롯데슈퍼 연수점,MT1,primary_category,valid,matched,open,롯데슈퍼프레시 연수점,"가정,생활 > 슈퍼마켓 > 대형슈퍼 > 롯데슈퍼프레시",인천 연수구 동춘동 932,인천 연수구 앵고개로 266,인천,연수구,동춘동,126.67247212230727,37.40692441107789,http://place.map.kakao.com/11840036
롯데슈퍼연수함박점,롯데슈퍼,연수함박점,498,롯데슈퍼 연수함박점,MT1,primary_category,valid,matched,open,롯데슈퍼프레시 연수함박점,"가정,생활 > 슈퍼마켓 > 대형슈퍼 > 롯데슈퍼프레시",인천 연수구 연수동 507-7,인천 연수구 비류대로433번길 11,인천,연수구,연수동,126.682694200776,37.4249548424907,http://place.map.kakao.com/25061865
롯데슈퍼영월점,롯데슈퍼,영월점,489,롯데슈퍼 영월점,MT1,primary_category,valid,matched,open,롯데슈퍼프레시 영월점,"가정,생활 > 슈퍼마켓 > 대형슈퍼 > 롯데슈퍼프레시",강원특별자치도 영월군 영월읍 하송리 251-2,강원특별자치도 영월군 영월읍 중앙로 5-10,강원특별자치도,영월군,영월읍,128.46434483489224,37.18407715028604,http://place.map.kakao.com/13025240
롯데슈퍼영주점,롯데슈퍼,영주점,483,롯데슈퍼 영주점,MT1,primary_category,valid,matched,open,롯데프레시&델리 영주점,"가정,생활 > 슈퍼마켓 > 대형슈퍼 > 롯데슈퍼프레시",경북 영주시 휴천동 693-9,경북 영주시 구성로 256,경북,영주시,휴천동,128.62798373845374,36.81602121127183,http://place.map.kakao.com/7856811
롯데슈퍼오산점,롯데슈퍼,오산점,500,롯데슈퍼 오산점,MT1,primary_category,valid,matched,open,롯데슈퍼프레시 오산점,"가정,생활 > 슈퍼마켓 > 대형슈퍼 > 롯데슈퍼프레시",경기 오산시 오산동 877-21,경기 오산시 대원로15번길 17,경기,오산시,오산동,127.069890484866,37.1478906209445,http://place.map.kakao.com/1056817636
롯데슈퍼용인남사점,롯데슈퍼,용인남사점,397,롯데슈퍼 용인남사점,,manual_override,valid,matched,open,롯데슈퍼 용인남사점,,경기 용인시 처인구 남사읍 한숲로33번길 8,경기 용인시 처인구 남사읍 한숲로33번길 8,경기,용인시,처인구,127.169735472462,37.1520343992004,
롯데슈퍼용인동천점,롯데슈퍼,용인동천점,503,롯데슈퍼 용인동천점,MT1,primary_category,valid,matched,open,롯데프레시&델리 용인동천점,"가정,생활 > 슈퍼마켓 > 대형슈퍼 > 롯데슈퍼프레시",경기 용인시 수지구 동천동 387-6,경기 용인시 수지구 동천로 69,경기,용인시,수지구,127.0958933643462,37.339769051005625,http://place.map.kakao.com/11840042
롯데슈퍼용인점,롯데슈퍼,용인점,503,롯데슈퍼 용인점,,manual_override,valid,matched,open,롯데슈퍼 용인점,,경기 용인시 처인구 백옥대로 1066,경기 용인시 처인구 백옥대로 1066,경기,용인시,처인구,127.210489148464,37.2306001990462,
롯데슈퍼우만점,롯데슈퍼,우만점,503,롯데슈퍼 우만점,MT1,primary_category,valid,matched,open,롯데슈퍼프레시 우만점,"가정,생활 > 슈퍼마켓 > 대형슈퍼 > 롯데슈퍼프레시",경기 수원시 팔달구 우만동 559-7,경기 수원시 팔달구 중부대로143번길 39,경기,수원시,팔달구,127.03215903327794,37.27996805188941,http://place.map.kakao.com/12143563
롯데슈퍼우장산점,롯데슈퍼,우장산점,502,롯데슈퍼 우장산점,MT1,primary_category,valid,matched,open,롯데슈퍼프레시 우장산점,"가정,생활 > 슈퍼마켓 > 대형슈퍼 > 롯데슈퍼프레시",서울 강서구 내발산동 719-6,서울 강서구 강서로 267,서울,강서구,내발산동,126.83604187098852,37.54949784787669,http://place.map.kakao.com/11558485
롯데슈퍼원주점,롯데슈퍼,원주점,500,롯데슈퍼 원주점,MT1,primary_category,valid,matched,open,롯데슈퍼프레시 원주점,"가정,생활 > 슈퍼마켓 > 대형슈퍼 > 롯데슈퍼프레시",강원특별자치도 원주시 개운동 118-2,강원특별자치도 원주시 치악로 1781,강원특별자치도,원주시,개운동,127.954832263598,37.341368676398,http://place.map.kakao.com/12465347
롯데슈퍼원효로점,롯데슈퍼,원효로점,503,롯데슈퍼 원효로점,MT1,primary_category,valid,matched,open,롯데슈퍼프레시 원효로점,"가정,생활 > 슈퍼마켓 > 대형슈퍼 > 롯데슈퍼프레시",서울 용산구 원효로1가 133-3,서울 용산구 백범로 341,서울,용산구,원효로1가,126.96696665024781,37.53819950611165,http://place.map.kakao.com/13025276
롯데슈퍼월성점,롯데슈퍼,월성점,500,롯데슈퍼 월성점,MT1,primary_category,valid,matched,open,롯데슈퍼 월성점,"가정,생활 > 슈퍼마켓 > 대형슈퍼 > 롯데슈퍼프레시",대구 달서구 본동 619,대구 달서구 월성로 14,대구,달서구,본동,128.53408207527306,35.83155657174,http://place.map.kakao.com/11840045
롯데슈퍼위례중앙점,롯데슈퍼,위례중앙점,500,롯데슈퍼 위례중앙점,MT1,primary_category,valid,matched,open,롯데슈퍼프레시 위례중앙점,"가정,생활 > 슈퍼마켓 > 대형슈퍼 > 롯데슈퍼프레시",서울 송파구 장지동 894,서울 송파구 위례광장로 136,서울,송파구,장지동,127.14196810957871,37.47548186757364,http://place.map.kakao.com/1264918560
롯데슈퍼율량점,롯데슈퍼,율량점,184,롯데슈퍼 율량점,MT1,primary_category,valid,matched,open,롯데프레시&델리 율량점,"가정,생활 > 슈퍼마켓 > 대형슈퍼 > 롯데슈퍼프레시",충북 청주시 청원구 율량동 883,충북 청주시 청원구 율봉로 169,충북,청주시,청원구,127.48836432664788,36.6689621792788,http://place.map.kakao.com/7856891
롯데슈퍼인계점,롯데슈퍼,인계점,503,롯데슈퍼 인계점,MT1,primary_category,valid,matched,open,롯데슈퍼프레시 인계점,"가정,생활 > 슈퍼마켓 > 대형슈퍼 > 롯데슈퍼프레시",경기 수원시 팔달구 인계동 362,경기 수원시 팔달구 권광로 262,경기,수원시,팔달구,127.03568061775087,37.270629831436125,http://place.map.kakao.com/11840048
롯데슈퍼인천동양점,롯데슈퍼,인천동양점,496,롯데슈퍼 인천동양점,MT1,primary_category,valid,matched,open,롯데프레시&델리 인천동양점,"가정,생활 > 슈퍼마켓 > 대형슈퍼 > 롯데슈퍼프레시",인천 계양구 동양동 578,인천 계양구 당미1길 3,인천,계양구,동양동,126.75641641437404,37.55936491240092,http://place.map.kakao.com/18013693
롯데슈퍼인천청라2점,롯데슈퍼,인천청라2점,294,롯데슈퍼 인천청라2점,,manual_override,valid,matched,open,롯데슈퍼 인천청라2점,,"인천 서구 보석로 44, 태영빌딩 1층","인천 서구 보석로 44, 태영빌딩 1층",인천,서구,청라동,126.624108421818,37.5235280821893,
롯데슈퍼인천청라점,롯데슈퍼,인천청라점,502,롯데슈퍼 인천청라점,MT1,primary_category,valid,matched,open,롯데슈퍼프레시 인천청라점,"가정,생활 > 슈퍼마켓 > 대형슈퍼 > 롯데슈퍼프레시",인천 서해구 청라동 176-1,인천 서해구 청라루비로42번길 6-9,인천,서해구,청라동,126.64129931769413,37.52871732013233,http://place.map.kakao.com/27439529
롯데슈퍼인후점,롯데슈퍼,인후점,502,롯데슈퍼 인후점,MT1,primary_category,valid,matched,open,롯데프레시&델리 인후점,"가정,생활 > 슈퍼마켓 > 대형슈퍼 > 롯데슈퍼프레시",전북특별자치도 전주시 덕진구 인후동1가 807-10,전북특별자치도 전주시 덕진구 건산로 255,전북특별자치도,전주시,덕진구,127.16478583848155,35.835501702842286,http://place.map.kakao.com/11840049
롯데슈퍼일산점,롯데슈퍼,일산점,502,롯데슈퍼 일산점,MT1,primary_category,valid,matched,open,롯데슈퍼프레시 일산점,"가정,생활 > 슈퍼마켓 > 대형슈퍼 > 롯데슈퍼프레시",경기 고양시 일산동구 중산동 1669-5,경기 고양시 일산동구 고봉로 250,경기,고양시,일산동구,126.77853059655304,37.68166523072286,http://place.map.kakao.com/10350900
롯데슈퍼잠실3동점,롯데슈퍼,잠실3동점,498,롯데슈퍼 잠실3동점,MT1,primary_category,valid,matched,open,롯데슈퍼프레시 잠실3동점,"가정,생활 > 슈퍼마켓 > 대형슈퍼 > 롯데슈퍼프레시",서울 송파구 잠실동 35-2,서울 송파구 석촌호수로 61,서울,송파구,잠실동,127.0862290175311,37.51071748805043,http://place.map.kakao.com/12143577
롯데슈퍼잠원점,롯데슈퍼,잠원점,500,롯데슈퍼 잠원점,MT1,primary_category,valid,matched,open,롯데슈퍼프레시 잠원점,"가정,생활 > 슈퍼마켓 > 대형슈퍼 > 롯데슈퍼프레시",서울 서초구 잠원동 58-24,서울 서초구 신반포로 257,서울,서초구,잠원동,127.01200925092122,37.50870919770225,http://place.map.kakao.com/10363444
롯데슈퍼장락점,롯데슈퍼,장락점,483,롯데슈퍼 장락점,MT1,primary_category,valid,matched,open,롯데슈퍼프레시 장락점,"가정,생활 > 슈퍼마켓 > 대형슈퍼 > 롯데슈퍼프레시",충북 제천시 장락동 632,충북 제천시 청전대로 231,충북,제천시,장락동,128.223415600259,37.1521207375953,http://place.map.kakao.com/7856109
롯데슈퍼장안점,롯데슈퍼,장안점,501,롯데슈퍼 장안점,MT1,primary_category,valid,matched,open,롯데슈퍼프레시 장안점,"가정,생활 > 슈퍼마켓 > 대형슈퍼 > 롯데슈퍼프레시",서울 동대문구 장안동 94-27,서울 동대문구 한천로46길 42,서울,동대문구,장안동,127.07070813762843,37.581464140898916,http://place.map.kakao.com/11840118
롯데슈퍼장위점,롯데슈퍼,장위점,502,롯데슈퍼 장위점,MT1,primary_category,valid,matched,open,롯데슈퍼프레시 장위점,"가정,생활 > 슈퍼마켓 > 대형슈퍼 > 롯데슈퍼프레시",서울 성북구 장위동 316-3,서울 성북구 월계로40길 7,서울,성북구,장위동,127.04856962611167,37.62275978805756,http://place.map.kakao.com/11840175
롯데슈퍼전농점,롯데슈퍼,전농점,502,롯데슈퍼 전농점,MT1,primary_category,valid,matched,open,롯데슈퍼프레시 전농점,"가정,생활 > 슈퍼마켓 > 대형슈퍼 > 롯데슈퍼프레시",서울 동대문구 전농동 10,서울 동대문구 사가정로 148,서울,동대문구,전농동,127.06079500061772,37.577697832154584,http://place.map.kakao.com/11840119
롯데슈퍼전북대점,롯데슈퍼,전북대점,502,롯데슈퍼 전북대점,MT1,primary_category,valid,matched,open,롯데슈퍼프레시 전북대점,"가정,생활 > 슈퍼마켓 > 대형슈퍼 > 롯데슈퍼프레시",전북특별자치도 전주시 덕진구 금암동 667-52,전북특별자치도 전주시 덕진구 백제대로 572,전북특별자치도,전주시,덕진구,127.13249194200039,35.8403284913412,http://place.map.kakao.com/27298224
롯데슈퍼정릉점,롯데슈퍼,정릉점,503,롯데슈퍼 정릉점,MT1,primary_category,valid,matched,open,롯데슈퍼프레시 정릉점,"가정,생활 > 슈퍼마켓 > 대형슈퍼 > 롯데슈퍼프레시",서울 성북구 정릉동 1034,서울 성북구 정릉로 307,서울,성북구,정릉동,127.01799244935012,37.60311225948324,http://place.map.kakao.com/21528037
롯데슈퍼정자점,롯데슈퍼,정자점,503,롯데슈퍼 정자점,MT1,primary_category,valid,matched,open,롯데프레시&델리 정자점,"가정,생활 > 슈퍼마켓 > 대형슈퍼 > 롯데슈퍼프레시",경기 수원시 장안구 정자동 874-2,경기 수원시 장안구 정자천로 187,경기,수원시,장안구,126.99565216809928,37.29647873443043,http://place.map.kakao.com/9788017
롯데슈퍼중계역점,롯데슈퍼,중계역점,500,롯데슈퍼 중계역점,MT1,primary_category,valid,matched,open,롯데슈퍼프레시 중계역점,"가정,생활 > 슈퍼마켓 > 대형슈퍼 > 롯데슈퍼프레시",서울 노원구 중계동 515-2,서울 노원구 동일로 1308,서울,노원구,중계동,127.06426968579372,37.64589751581228,http://place.map.kakao.com/2082614878
롯데슈퍼중계점,롯데슈퍼,중계점,502,롯데슈퍼 중계점,MT1,primary_category,valid,matched,open,롯데프레시&델리 중계점,"가정,생활 > 슈퍼마켓 > 대형슈퍼 > 롯데슈퍼프레시",서울 노원구 하계동 271-3,서울 노원구 섬밭로 209,서울,노원구,하계동,127.06584346176841,37.634865174019225,http://place.map.kakao.com/10360056
롯데슈퍼중촌점,롯데슈퍼,중촌점,502,롯데슈퍼 중촌점,MT1,primary_category,valid,matched,open,롯데슈퍼프레시 중촌점,"가정,생활 > 슈퍼마켓 > 대형슈퍼 > 롯데슈퍼프레시",대전 중구 중촌동 16-10,대전 중구 목중로 50,대전,중구,중촌동,127.40955196939223,36.33766564487555,http://place.map.kakao.com/11840055
롯데슈퍼창동2점,롯데슈퍼,창동2점,502,롯데슈퍼 창동2점,MT1,primary_category,valid,matched,open,롯데슈퍼프레시 창동2점,"가정,생활 > 슈퍼마켓 > 대형슈퍼 > 롯데슈퍼프레시",서울 도봉구 창동 274-5,서울 도봉구 해등로16길 63,서울,도봉구,창동,127.04353053991228,37.65571419080449,http://place.map.kakao.com/18165812
롯데슈퍼창천점,롯데슈퍼,창천점,209,롯데슈퍼 창천점,MT1,primary_category,valid,matched,open,롯데슈퍼프레시 창천점,"가정,생활 > 슈퍼마켓 > 대형슈퍼 > 롯데슈퍼프레시",서울 서대문구 창천동 506-20,서울 서대문구 신촌로 13,서울,서대문구,창천동,126.9285876340505,37.55839256233745,http://place.map.kakao.com/8258145
롯데슈퍼철산점,롯데슈퍼,철산점,500,롯데슈퍼 철산점,MT1,primary_category,valid,matched,open,롯데슈퍼 철산점,"가정,생활 > 슈퍼마켓 > 대형슈퍼 > 롯데슈퍼프레시",경기 광명시 철산동 637,경기 광명시 광덕산로 5,경기,광명시,철산동,126.8693053793006,37.470353713771516,http://place.map.kakao.com/25612657
롯데슈퍼칠곡중리점,롯데슈퍼,칠곡중리점,483,롯데슈퍼 칠곡중리점,MT1,primary_category,valid,matched,open,롯데슈퍼프레시 칠곡중리점,"가정,생활 > 슈퍼마켓 > 대형슈퍼 > 롯데슈퍼프레시",경북 칠곡군 석적읍 중리 142-1,경북 칠곡군 석적읍 유학로 24,경북,칠곡군,석적읍,128.41240241721508,36.07885205477225,http://place.map.kakao.com/14922686
롯데슈퍼코엑스점,롯데슈퍼,코엑스점,500,롯데슈퍼 코엑스점,MT1,primary_category,valid,matched,open,롯데슈퍼프레시 코엑스점,"가정,생활 > 슈퍼마켓 > 대형슈퍼 > 롯데슈퍼프레시",서울 강남구 삼성동 107-6,서울 강남구 봉은사로103길 5,서울,강남구,삼성동,127.06140867761812,37.51504772738281,http://place.map.kakao.com/11840060
롯데슈퍼탑동점,롯데슈퍼,탑동점,503,롯데슈퍼 탑동점,MT1,primary_category,valid,matched,open,롯데슈퍼프레시 탑동점,"가정,생활 > 슈퍼마켓 > 대형슈퍼 > 롯데슈퍼프레시",경기 수원시 권선구 탑동 5-4,경기 수원시 권선구 금호로 248,경기,수원시,권선구,126.97722951697244,37.27560243849669,http://place.map.kakao.com/11840061
롯데슈퍼평창진부점,롯데슈퍼,평창진부점,500,롯데슈퍼 평창진부점,MT1,primary_category,valid,matched,open,롯데슈퍼프레시 평창진부점,"가정,생활 > 슈퍼마켓 > 대형슈퍼 > 롯데슈퍼프레시",강원특별자치도 평창군 진부면 하진부리 206-120,강원특별자치도 평창군 진부면 진부시장뒷길 57-3,강원특별자치도,평창군,진부면,128.55852403784402,37.63868384381063,http://place.map.kakao.com/13025252
롯데슈퍼평택점,롯데슈퍼,평택점,502,롯데슈퍼 평택점,MT1,primary_category,valid,matched,open,롯데슈퍼프레시 평택점,"가정,생활 > 슈퍼마켓 > 대형슈퍼 > 롯데슈퍼프레시",경기 평택시 합정동 763-3,경기 평택시 중앙로 168,경기,평택시,합정동,127.10163290017509,36.991690537208164,http://place.map.kakao.com/8134748
롯데슈퍼포천일동점,롯데슈퍼,포천일동점,502,롯데슈퍼 포천일동점,MT1,primary_category,valid,matched,open,롯데슈퍼프레시 포천일동점,"가정,생활 > 슈퍼마켓 > 대형슈퍼 > 롯데슈퍼프레시",경기 포천시 일동면 기산리 82-37,경기 포천시 일동면 화동로 1072,경기,포천시,일동면,127.31868941383978,37.9587047610697,http://place.map.kakao.com/17026993
롯데슈퍼포항장성점,롯데슈퍼,포항장성점,483,롯데슈퍼 포항장성점,MT1,primary_category,valid,matched,open,롯데슈퍼프레시 포항장성점,"가정,생활 > 슈퍼마켓 > 대형슈퍼 > 롯데슈퍼프레시",경북 포항시 북구 장성동 977,경북 포항시 북구 성실로 67-4,경북,포항시,북구,129.373193118974,36.0692239610323,http://place.map.kakao.com/534587716
롯데슈퍼풍암점,롯데슈퍼,풍암점,502,롯데슈퍼 풍암점,MT1,primary_category,valid,matched,open,롯데슈퍼프레시 풍암점,"가정,생활 > 슈퍼마켓 > 대형슈퍼 > 롯데슈퍼프레시",전남광주통합특별시 서구 풍암동 1109-2,전남광주통합특별시 서구 풍암2로 2,전남광주통합특별시,서구,풍암동,126.87945810255613,35.127170057072895,http://place.map.kakao.com/11840066
롯데슈퍼프리미엄공덕점,롯데슈퍼,프리미엄공덕점,336,롯데프리미엄푸드마켓 공덕점,,manual_override,valid,matched,open,롯데프리미엄푸드마켓 공덕점,,"서울 마포구 마포대로 109, 롯데캐슬프레지던트 B1","서울 마포구 마포대로 109, 롯데캐슬프레지던트 B1",서울,마포구,공덕동,126.950847479316,37.5450686146253,
롯데슈퍼프리미엄기흥점,롯데슈퍼,프리미엄기흥점,502,롯데슈퍼 프리미엄기흥점,MT1,primary_category,valid,matched,open,롯데슈퍼프레시 프리미엄기흥점,"가정,생활 > 슈퍼마켓 > 대형슈퍼 > 롯데슈퍼프레시",경기 용인시 기흥구 구갈동 660,경기 용인시 기흥구 기흥역로 63,경기,용인시,기흥구,127.11661881082136,37.27451892057395,http://place.map.kakao.com/320799415
롯데슈퍼프리미엄도곡점,롯데슈퍼,프리미엄도곡점,484,롯데슈퍼 프리미엄도곡점,MT1,primary_category,valid,matched,open,롯데슈퍼프레시 프리미엄 도곡점,"가정,생활 > 슈퍼마켓 > 대형슈퍼 > 롯데슈퍼프레시",서울 강남구 도곡동 467-7,서울 강남구 언주로30길 21,서울,강남구,도곡동,127.05236359572643,37.488247161774616,http://place.map.kakao.com/1424524612
롯데슈퍼프리미엄서초점,롯데슈퍼,프리미엄서초점,502,롯데프리미엄푸드마켓 서초점,,manual_override,valid,matched,open,롯데프리미엄푸드마켓 서초점,,서울 서초구 서초동 1685-8,서울 서초구 서초중앙로24길 27,서울,서초구,서초동,127.016401514684,37.4954098238729,http://place.map.kakao.com/711838756
롯데슈퍼프리미엄용호점,롯데슈퍼,프리미엄용호점,497,롯데프리미엄푸드마켓 용호점,,manual_override,valid,matched,open,롯데프리미엄푸드마켓 용호점,,부산 남구 용호동 954,부산 남구 분포로 145,부산,남구,용호동,129.11243980206424,35.1341750638523,http://place.map.kakao.com/82970420
롯데슈퍼프리미엄일원점,롯데슈퍼,프리미엄일원점,500,롯데슈퍼 프리미엄일원점,MT1,primary_category,valid,matched,open,롯데슈퍼프레시 프리미엄일원점,"가정,생활 > 슈퍼마켓 > 대형슈퍼 > 롯데슈퍼프레시",서울 강남구 일원동 717,서울 강남구 일원로 115,서울,강남구,일원동,127.084450960111,37.4840749361128,http://place.map.kakao.com/1042881333
롯데슈퍼프리미엄황금점,롯데슈퍼,프리미엄황금점,502,롯데프리미엄푸드마켓 황금점,,manual_override,valid,matched,open,롯데프리미엄푸드마켓 황금점,,대구 수성구 황금동 366,대구 수성구 청수로 235,대구,수성구,황금동,128.633674621921,35.8409899121746,http://place.map.kakao.com/13347400
롯데슈퍼하당점,롯데슈퍼,하당점,502,롯데슈퍼 하당점,MT1,primary_category,valid,matched,open,롯데슈퍼프레시 하당점,"가정,생활 > 슈퍼마켓 > 대형슈퍼 > 롯데슈퍼프레시",전남광주통합특별시 목포시 상동 980-1,전남광주통합특별시 목포시 비파로43번길 37,전남광주통합특별시,목포시,상동,126.42342021239351,34.80058905313732,http://place.map.kakao.com/11840067
롯데슈퍼한마음점,롯데슈퍼,한마음점,502,롯데슈퍼 한마음점,MT1,primary_category,valid,matched,open,롯데슈퍼프레시 한마음점,"가정,생활 > 슈퍼마켓 > 대형슈퍼 > 롯데슈퍼프레시",전남광주통합특별시 영암군 삼호읍 용당리 2178-2,전남광주통합특별시 영암군 삼호읍 신항로 63-12,전남광주통합특별시,영암군,삼호읍,126.37969433743353,34.74508936953672,http://place.map.kakao.com/21549729
롯데슈퍼한빛점,롯데슈퍼,한빛점,502,롯데슈퍼 한빛점,MT1,primary_category,valid,matched,open,롯데슈퍼프레시 한빛점,"가정,생활 > 슈퍼마켓 > 대형슈퍼 > 롯데슈퍼프레시",대전 유성구 어은동 99,대전 유성구 어은로 57,대전,유성구,어은동,127.3564170514263,36.36353456394346,http://place.map.kakao.com/21344787
롯데슈퍼합천점,롯데슈퍼,합천점,487,롯데슈퍼 합천점,MT1,primary_category,valid,matched,open,롯데슈퍼프레시 합천점,"가정,생활 > 슈퍼마켓 > 대형슈퍼 > 롯데슈퍼프레시",경남 합천군 합천읍 합천리 698,경남 합천군 합천읍 충효로 39,경남,합천군,합천읍,128.1605312587887,35.563851726018974,http://place.map.kakao.com/11840069
롯데슈퍼화성봉담점,롯데슈퍼,화성봉담점,503,롯데슈퍼 화성봉담점,MT1,primary_category,valid,matched,open,롯데슈퍼프레시 화성봉담점,"가정,생활 > 슈퍼마켓 > 대형슈퍼 > 롯데슈퍼프레시",경기 화성시 효행구 봉담읍 상리 11-4,경기 화성시 효행구 봉담읍 샘마을길 39,경기,화성시,효행구,126.95141819987224,37.21748340071193,http://place.map.kakao.com/18642631
롯데슈퍼회룡역점,롯데슈퍼,회룡역점,500,롯데슈퍼 회룡역점,MT1,primary_category,valid,matched,open,롯데슈퍼프레시 회룡역점,"가정,생활 > 슈퍼마켓 > 대형슈퍼 > 롯데슈퍼프레시",경기 의정부시 호원동 51-1,경기 의정부시 외미로 99,경기,의정부시,호원동,127.04657892730823,37.724674612550366,http://place.map.kakao.com/27564522
롯데슈퍼효자점,롯데슈퍼,효자점,502,롯데슈퍼 효자점,MT1,primary_category,valid,matched,open,롯데프레시&델리 효자점,"가정,생활 > 슈퍼마켓 > 대형슈퍼 > 롯데슈퍼프레시",전북특별자치도 전주시 완산구 효자동1가 197-2,전북특별자치도 전주시 완산구 효동2길 8,전북특별자치도,전주시,완산구,127.12667531304906,35.80547403721812,http://place.map.kakao.com/11840076
세븐일레븐(본사),세븐일레븐,(본사),182,세븐일레븐(본사),,not_applicable,not_applicable,unmatched,,,,,,,,,,,
신세계백화점강남점,신세계백화점,강남점,366,신세계백화점 강남점,,primary_category,valid,matched,open,신세계백화점 강남점,"가정,생활 > 백화점 > 신세계백화점",서울 서초구 반포동 19-3,서울 서초구 신반포로 176,서울,서초구,반포동,127.00432032924516,37.505305732081965,http://place.map.kakao.com/22386977
신세계백화점광주신세계점,신세계백화점,광주신세계점,7,신세계백화점 광주신세계점,,primary_category,valid,matched,open,신세계백화점 광주신세계점,"가정,생활 > 백화점 > 신세계백화점",전남광주통합특별시 서구 광천동 49-1,전남광주통합특별시 서구 무진대로 932,전남광주통합특별시,서구,광천동,126.88264435375639,35.16068129387156,http://place.map.kakao.com/12836615
신세계백화점광주점,신세계백화점,광주점,57,신세계백화점 광주점,,primary_category,valid,matched,open,신세계백화점 광주신세계점,"가정,생활 > 백화점 > 신세계백화점",전남광주통합특별시 서구 광천동 49-1,전남광주통합특별시 서구 무진대로 932,전남광주통합특별시,서구,광천동,126.88264435375639,35.16068129387156,http://place.map.kakao.com/12836615
신세계백화점본점,신세계백화점,본점,198,신세계백화점 본점 더 리저브,,manual_override,valid,matched,open,신세계백화점 본점 더 리저브,,서울 중구 충무로1가 52-5,서울 중구 소공로 63,서울,중구,충무로1가,126.98108960513339,37.560948320099605,http://place.map.kakao.com/7969138
신세계백화점센텀시티점,신세계백화점,센텀시티점,426,신세계백화점 센텀시티점,,primary_category,valid,matched,open,신세계백화점 센텀시티점,"가정,생활 > 백화점 > 신세계백화점",부산 해운대구 우동 1495,부산 해운대구 센텀남대로 35,부산,해운대구,우동,129.12907174004943,35.16864392798528,http://place.map.kakao.com/7969139
신세계백화점영등포점,신세계백화점,영등포점,53,신세계백화점 타임스퀘어점,,manual_override,valid,matched,open,신세계백화점 타임스퀘어점,,서울 영등포구 영등포동4가 434-5,서울 영등포구 영중로 9,서울,영등포구,영등포동4가,126.90556661901638,37.51719015109776,http://place.map.kakao.com/16908419
신세계백화점죽전점,신세계백화점,죽전점,652,신세계 사우스시티,,manual_override,valid,matched,open,신세계 사우스시티,,경기 용인시 수지구 죽전동 1285,경기 용인시 수지구 포은대로 536,경기,용인시,수지구,127.10825624869119,37.32502994669613,http://place.map.kakao.com/26071818
이마트24(본사),이마트24,(본사),224,이마트24(본사),,not_applicable,not_applicable,unmatched,,,,,,,,,,,
이마트가든5점,이마트,가든5점,588,이마트 가든파이브점,,manual_override,valid,matched,open,이마트 가든파이브점,,서울 송파구 문정동 628,서울 송파구 충민로 10,서울,송파구,문정동,127.11836060535106,37.47915335636237,http://place.map.kakao.com/21393358
이마트강릉점,이마트,강릉점,593,이마트 강릉점,MT1,primary_category,valid,matched,open,이마트 강릉점,"가정,생활 > 대형마트 > 이마트",강원특별자치도 강릉시 송정동 1008-7,강원특별자치도 강릉시 경강로 2398-10,강원특별자치도,강릉시,송정동,128.92261908163255,37.77062579375875,http://place.map.kakao.com/8041146
이마트검단점,이마트,검단점,615,이마트 검단점,MT1,primary_category,valid,matched,open,이마트 검단점,"가정,생활 > 대형마트 > 이마트",인천 검단구 당하동 1065-1,인천 검단구 서곶로 754,인천,검단구,당하동,126.67744445237531,37.58577121777256,http://place.map.kakao.com/26830694
이마트경기광주점,이마트,경기광주점,631,이마트 경기광주점,MT1,primary_category,valid,matched,open,이마트 경기광주점,"가정,생활 > 대형마트 > 이마트",경기 광주시 경안동 25-3,경기 광주시 광주대로 30,경기,광주시,경안동,127.26126717522864,37.409957606823085,http://place.map.kakao.com/11396165
이마트경산점,이마트,경산점,584,이마트 경산점,,manual_override,valid,matched,open,이마트 경산점,,경북 경산시 옥산로 227,경북 경산시 옥산로 227,경북,경산시,중산동,128.720087326388,35.8349111322679,
이마트계양점,이마트,계양점,635,이마트 계양점,MT1,primary_category,valid,matched,open,이마트 계양점,"가정,생활 > 대형마트 > 이마트",인천 계양구 작전동 911-1,인천 계양구 봉오대로 785,인천,계양구,작전동,126.73689908179385,37.531049935600514,http://place.map.kakao.com/8041148
이마트고잔점,이마트,고잔점,645,이마트 고잔점,MT1,primary_category,valid,matched,open,이마트 안산고잔점,"가정,생활 > 대형마트 > 이마트",경기 안산시 단원구 초지동 742-4,경기 안산시 단원구 원포공원1로 46,경기,안산시,단원구,126.81291973664509,37.30311485798262,http://place.map.kakao.com/26841595
이마트과천점,이마트,과천점,524,이마트 과천점,MT1,primary_category,valid,matched,open,이마트 과천점,"가정,생활 > 대형마트 > 이마트",경기 과천시 별양동 1-19,경기 과천시 별양상가3로 11,경기,과천시,별양동,126.99184293920582,37.426304854205654,http://place.map.kakao.com/27283351
이마트광교점,이마트,광교점,631,이마트 광교점,MT1,primary_category,valid,matched,open,이마트 광교점,"가정,생활 > 대형마트 > 이마트",경기 수원시 영통구 이의동 1240,경기 수원시 영통구 광교로 191,경기,수원시,영통구,127.04691813955174,37.2963226458928,http://place.map.kakao.com/25658205
이마트광명소하점,이마트,광명소하점,618,이마트 광명소하점,MT1,primary_category,valid,matched,open,이마트 광명소하점,"가정,생활 > 대형마트 > 이마트",경기 광명시 소하동 1339-3,경기 광명시 소하로 97,경기,광명시,소하동,126.884658230332,37.4466568636717,http://place.map.kakao.com/12728625
이마트광산점,이마트,광산점,562,이마트 광산점,MT1,primary_category,valid,matched,open,이마트 광산점,"가정,생활 > 대형마트 > 이마트",전남광주통합특별시 광산구 우산동 1598-3,전남광주통합특별시 광산구 사암로 172,전남광주통합특별시,광산구,우산동,126.80859455018722,35.1599244372614,http://place.map.kakao.com/8046159
이마트광주점,이마트,광주점,622,이마트 광주점,MT1,primary_category,valid,matched,open,이마트 광주점,"가정,생활 > 대형마트 > 이마트",전남광주통합특별시 서구 화정동 12-13,전남광주통합특별시 서구 죽봉대로 61,전남광주통합특별시,서구,화정동,126.88210921218504,35.1588284814727,http://place.map.kakao.com/16456511
이마트구로점,이마트,구로점,605,이마트 구로점,MT1,primary_category,valid,matched,open,이마트 구로점,"가정,생활 > 대형마트 > 이마트",서울 구로구 구로동 188-26,서울 구로구 디지털로32길 43,서울,구로구,구로동,126.89787309332522,37.484372728368086,http://place.map.kakao.com/8039405
이마트구미점,이마트,구미점,535,이마트 구미점,MT1,primary_category,valid,matched,open,이마트 구미점,"가정,생활 > 대형마트 > 이마트",경북 구미시 광평동 65-1,경북 구미시 구미대로 256,경북,구미시,광평동,128.364898420203,36.1094391952902,http://place.map.kakao.com/8046160
이마트군산점,이마트,군산점,611,이마트 군산점,MT1,primary_category,valid,matched,open,이마트 군산점,"가정,생활 > 대형마트 > 이마트",전북특별자치도 군산시 경암동 590-296,전북특별자치도 군산시 구암3.1로 137,전북특별자치도,군산시,경암동,126.73500861752936,35.98284660385269,http://place.map.kakao.com/10670778
이마트금정점,이마트,금정점,627,이마트 금정점,MT1,primary_category,valid,matched,open,이마트 금정점,"가정,생활 > 대형마트 > 이마트",부산 금정구 구서동 368,부산 금정구 중앙대로1841번길 24,부산,금정구,구서동,129.090620555063,35.2501956876121,http://place.map.kakao.com/8039406
이마트김천점,이마트,김천점,488,이마트 김천점,MT1,primary_category,valid,matched,open,이마트 김천점,"가정,생활 > 대형마트 > 이마트",경북 김천시 신음동 990-1,경북 김천시 시청로 75,경북,김천시,신음동,128.116816912781,36.1349885669974,http://place.map.kakao.com/8046253
이마트김포한강점,이마트,김포한강점,612,이마트 김포한강점,MT1,primary_category,valid,matched,open,이마트 김포한강점,"가정,생활 > 대형마트 > 이마트",경기 김포시 구래동 6880-9,경기 김포시 김포한강7로 71,경기,김포시,구래동,126.628286688382,37.6443401522282,http://place.map.kakao.com/26843025
이마트김해점,이마트,김해점,600,이마트 김해점,MT1,primary_category,valid,matched,open,이마트 김해점,"가정,생활 > 대형마트 > 이마트",경남 김해시 외동 1264,경남 김해시 김해대로 2232,경남,김해시,외동,128.8717492265758,35.23013859406327,http://place.map.kakao.com/26817302
이마트남양주점,이마트,남양주점,630,이마트 남양주점,MT1,primary_category,valid,matched,open,이마트 남양주점,"가정,생활 > 대형마트 > 이마트",경기 남양주시 호평동 637,경기 남양주시 늘을2로 27,경기,남양주시,호평동,127.24305335973098,37.65504746809282,http://place.map.kakao.com/21072375
이마트남원점,이마트,남원점,424,이마트 남원점,MT1,primary_category,valid,matched,open,이마트 남원점,"가정,생활 > 대형마트 > 이마트",전북특별자치도 남원시 왕정동 146-1,전북특별자치도 남원시 남문로 385-16,전북특별자치도,남원시,왕정동,127.375026150391,35.4078309340325,http://place.map.kakao.com/8041312
이마트다산점,이마트,다산점,616,이마트 다산점,MT1,primary_category,valid,matched,open,이마트 다산점,"가정,생활 > 대형마트 > 이마트",경기 남양주시 다산동 4001-29,경기 남양주시 도농로 24,경기,남양주시,다산동,127.1578598102885,37.60799503243982,http://place.map.kakao.com/10751933
이마트대전터미널점,이마트,대전터미널점,638,이마트 대전터미널점,MT1,primary_category,valid,matched,open,이마트 대전터미널점,"가정,생활 > 대형마트 > 이마트",대전 동구 용전동 63-3,대전 동구 동서대로 1689,대전,동구,용전동,127.43657714778041,36.34969869974715,http://place.map.kakao.com/17027114
이마트동구미점,이마트,동구미점,538,이마트 동구미점,MT1,primary_category,valid,matched,open,이마트 동구미점,"가정,생활 > 대형마트 > 이마트",경북 구미시 임수동 92-28,경북 구미시 이계북로 23,경북,구미시,임수동,128.404027557342,36.1063592560764,http://place.map.kakao.com/16290193
이마트동백점,이마트,동백점,547,이마트 동백점,MT1,primary_category,valid,matched,open,이마트 동백점,"가정,생활 > 대형마트 > 이마트",경기 용인시 기흥구 중동 833,경기 용인시 기흥구 동백죽전대로 444,경기,용인시,기흥구,127.15154870695167,37.27821686960925,http://place.map.kakao.com/8046413
이마트동인천점,이마트,동인천점,615,이마트 동인천점,MT1,primary_category,valid,matched,open,이마트 동인천점,"가정,생활 > 대형마트 > 이마트",인천 제물포구 신생동 38,인천 제물포구 인중로 134,인천,제물포구,신생동,126.629100900982,37.4665552229232,http://place.map.kakao.com/10751934
이마트동탄점,이마트,동탄점,607,스타필드마켓 동탄점,,manual_override,valid,matched,open,스타필드마켓 동탄점,,경기 화성시 동탄구 동탄중앙로 376,경기 화성시 동탄구 동탄중앙로 376,경기,화성시,동탄구,127.079637319713,37.214066662686,
이마트동해점,이마트,동해점,534,이마트 동해점,MT1,primary_category,valid,matched,open,이마트 동해점,"가정,생활 > 대형마트 > 이마트",강원특별자치도 동해시 천곡동 831,강원특별자치도 동해시 천곡로 100,강원특별자치도,동해시,천곡동,129.117072802569,37.5239459014524,http://place.map.kakao.com/8041314
이마트둔산점,이마트,둔산점,573,이마트 둔산점,MT1,primary_category,valid,matched,open,이마트 둔산점,"가정,생활 > 대형마트 > 이마트",대전 서구 둔산동 959-2,대전 서구 둔산북로 41,대전,서구,둔산동,127.378704546411,36.3563404204779,http://place.map.kakao.com/11183833
이마트마산점,이마트,마산점,568,이마트 마산점,MT1,primary_category,valid,matched,open,이마트 마산점,"가정,생활 > 대형마트 > 이마트",경남 창원시 마산합포구 중앙동3가 4-1,경남 창원시 마산합포구 서성로 3,경남,창원시,마산합포구,128.56999322847216,35.1978666646815,http://place.map.kakao.com/21087993
이마트마포점,이마트,마포점,582,이마트 마포점,MT1,primary_category,valid,matched,open,이마트 마포점,"가정,생활 > 대형마트 > 이마트",서울 마포구 신공덕동 173,서울 마포구 백범로 212,서울,마포구,신공덕동,126.95375182689,37.5424342746309,http://place.map.kakao.com/26842386
이마트만촌점,이마트,만촌점,593,이마트 만촌점,MT1,primary_category,valid,matched,open,이마트 만촌점,"가정,생활 > 대형마트 > 이마트",대구 수성구 만촌동 1356-5,대구 수성구 동원로 136,대구,수성구,만촌동,128.63688609454343,35.87112444515077,http://place.map.kakao.com/8039567
이마트명일점,이마트,명일점,546,이마트 명일점,MT1,primary_category,valid,matched,open,이마트 명일점,"가정,생활 > 대형마트 > 이마트",서울 강동구 명일동 46-4,서울 강동구 고덕로 276,서울,강동구,명일동,127.155987297642,37.5546046874526,http://place.map.kakao.com/10666796
이마트목동점,이마트,목동점,634,이마트 목동점,MT1,primary_category,valid,matched,open,이마트 목동점,"가정,생활 > 대형마트 > 이마트",서울 양천구 목동 962,서울 양천구 오목로 299,서울,양천구,목동,126.87035534325851,37.526083880807505,http://place.map.kakao.com/8047162
이마트목포점,이마트,목포점,573,이마트 목포점,MT1,primary_category,valid,matched,open,이마트 목포점,"가정,생활 > 대형마트 > 이마트",전남광주통합특별시 목포시 옥암동 915-25,전남광주통합특별시 목포시 옥암로 138,전남광주통합특별시,목포시,옥암동,126.425216690206,34.8116126142793,http://place.map.kakao.com/8545824
이마트묵동점,이마트,묵동점,530,이마트 묵동점,MT1,primary_category,valid,matched,open,이마트 묵동점,"가정,생활 > 대형마트 > 이마트",서울 중랑구 묵동 170-1,서울 중랑구 동일로 932,서울,중랑구,묵동,127.07744787752199,37.61332796359173,http://place.map.kakao.com/13024994
이마트문현점,이마트,문현점,566,이마트 문현점,MT1,primary_category,valid,matched,open,이마트 문현점,"가정,생활 > 대형마트 > 이마트",부산 남구 문현동 751,부산 남구 전포대로91번길 47,부산,남구,문현동,129.06429577146844,35.144388859911594,http://place.map.kakao.com/8046162
이마트미아점,이마트,미아점,617,이마트 미아점,MT1,primary_category,valid,matched,open,이마트 미아점,"가정,생활 > 대형마트 > 이마트",서울 성북구 길음동 25-2,서울 성북구 도봉로 17,서울,성북구,길음동,127.029845552727,37.6108502600034,http://place.map.kakao.com/8041315
이마트반야월점,이마트,반야월점,541,이마트 반야월점,MT1,primary_category,valid,matched,open,이마트 반야월점,"가정,생활 > 대형마트 > 이마트",대구 동구 신서동 520-1,대구 동구 안심로 389-2,대구,동구,신서동,128.72735034607177,35.87023408142464,http://place.map.kakao.com/8546163
이마트별내점,이마트,별내점,635,이마트 별내점,MT1,primary_category,valid,matched,open,이마트 별내점,"가정,생활 > 대형마트 > 이마트",경기 남양주시 별내동 989,경기 남양주시 순화궁로 167,경기,남양주시,별내동,127.12595961826416,37.642746594629855,http://place.map.kakao.com/22248313
이마트보라점,이마트,보라점,503,이마트 보라점,MT1,primary_category,valid,matched,open,이마트 보라점,"가정,생활 > 대형마트 > 이마트",경기 용인시 기흥구 보라동 623-1,경기 용인시 기흥구 한보라1로 92,경기,용인시,기흥구,127.105128103531,37.2476002338208,http://place.map.kakao.com/8046414
이마트보령점,이마트,보령점,472,이마트 보령점,MT1,primary_category,valid,matched,open,이마트 보령점,"가정,생활 > 대형마트 > 이마트",충남 보령시 궁촌동 340-1,충남 보령시 해안로 25,충남,보령시,궁촌동,126.58865768476998,36.34398736957243,http://place.map.kakao.com/21128110
이마트봉선점,이마트,봉선점,613,이마트 봉선점,MT1,primary_category,valid,matched,open,이마트 봉선점,"가정,생활 > 대형마트 > 이마트",전남광주통합특별시 남구 봉선동 1064,전남광주통합특별시 남구 봉선로 198,전남광주통합특별시,남구,봉선동,126.916025996941,35.1224128603896,http://place.map.kakao.com/8489914
이마트부천점,이마트,부천점,622,이마트 부천점,MT1,primary_category,valid,matched,open,이마트 부천점,"가정,생활 > 대형마트 > 이마트",경기 부천시 소사구 심곡본동 316-2,경기 부천시 소사구 부천로 1,경기,부천시,소사구,126.782873933987,37.4839092139729,http://place.map.kakao.com/8046326
이마트분당점,이마트,분당점,572,이마트 분당점,MT1,primary_category,valid,matched,open,이마트 분당점,"가정,생활 > 대형마트 > 이마트",경기 성남시 분당구 정자동 211,경기 성남시 분당구 불정로 134,경기,성남시,분당구,127.11974489038398,37.358822811332715,http://place.map.kakao.com/8532475
이마트사상점,이마트,사상점,631,이마트 사상점,MT1,primary_category,valid,matched,open,이마트 사상점,"가정,생활 > 대형마트 > 이마트",부산 사상구 괘법동 531-2,부산 사상구 광장로 17,부산,사상구,괘법동,128.978873849757,35.1641679307742,http://place.map.kakao.com/21072383
이마트사천점,이마트,사천점,426,이마트 사천점,MT1,primary_category,valid,matched,open,이마트 사천점,"가정,생활 > 대형마트 > 이마트",경남 사천시 좌룡동 388-10,경남 사천시 삼천포대교로 591,경남,사천시,좌룡동,128.0772354903206,34.95070910079878,http://place.map.kakao.com/12768086
이마트산본점,이마트,산본점,585,이마트 산본점,MT1,primary_category,valid,matched,open,이마트 산본점,"가정,생활 > 대형마트 > 이마트",경기 군포시 산본동 1123,경기 군포시 산본로 347,경기,군포시,산본동,126.93149939307,37.3610891242523,http://place.map.kakao.com/8532476
이마트상주점,이마트,상주점,469,이마트 상주점,MT1,primary_category,valid,matched,open,이마트 상주점,"가정,생활 > 대형마트 > 이마트",경북 상주시 만산동 693-29,경북 상주시 경상대로 3141,경북,상주시,만산동,128.1510098308226,36.4277684482599,http://place.map.kakao.com/23121416
이마트서귀포점,이마트,서귀포점,626,이마트 서귀포점,MT1,primary_category,valid,matched,open,이마트 서귀포점,"가정,생활 > 대형마트 > 이마트",제주특별자치도 서귀포시 법환동 841-2,제주특별자치도 서귀포시 일주동로 9209,제주특별자치도,서귀포시,법환동,126.50920673074761,33.24835812463035,http://place.map.kakao.com/10666797
이마트서산점,이마트,서산점,597,이마트 서산점,MT1,primary_category,valid,matched,open,이마트 서산점,"가정,생활 > 대형마트 > 이마트",충남 서산시 잠홍동 463,충남 서산시 서해로 3685,충남,서산시,잠홍동,126.47878006117935,36.78837627246721,http://place.map.kakao.com/17083030
이마트서수원점,이마트,서수원점,570,이마트 서수원점,MT1,primary_category,valid,matched,open,이마트 서수원점,"가정,생활 > 대형마트 > 이마트",경기 수원시 권선구 구운동 925,경기 수원시 권선구 수인로 291,경기,수원시,권선구,126.96995404267203,37.28290176089569,http://place.map.kakao.com/8046416
이마트성남점,이마트,성남점,590,이마트 성남점,MT1,primary_category,valid,matched,open,이마트 성남점,"가정,생활 > 대형마트 > 이마트",경기 성남시 수정구 태평동 7336,경기 성남시 수정구 수정로 201,경기,성남시,수정구,127.14188398203223,37.44412586585297,http://place.map.kakao.com/13127987
이마트성서점,이마트,성서점,597,이마트 성서점,MT1,primary_category,valid,matched,open,이마트 성서점,"가정,생활 > 대형마트 > 이마트",대구 달서구 이곡동 1254,대구 달서구 이곡동로 24,대구,달서구,이곡동,128.510251576816,35.8534186618907,http://place.map.kakao.com/8046328
이마트세종점,이마트,세종점,559,이마트 세종점,MT1,primary_category,valid,matched,open,이마트 세종점,"가정,생활 > 대형마트 > 이마트",세종특별자치시 가람동 970,세종특별자치시 금송로 687,세종특별자치시,,가람동,127.25104718198362,36.47099638527813,http://place.map.kakao.com/909109366
이마트속초점,이마트,속초점,563,이마트 속초점,MT1,primary_category,valid,matched,open,이마트 속초점,"가정,생활 > 대형마트 > 이마트",강원특별자치도 속초시 청호동 459-134,강원특별자치도 속초시 설악금강대교로 12,강원특별자치도,속초시,청호동,128.595754202882,38.1911142755067,http://place.map.kakao.com/8046329
이마트수색점,이마트,수색점,512,이마트 수색점,MT1,primary_category,valid,matched,open,이마트 수색점,"가정,생활 > 대형마트 > 이마트",서울 은평구 수색동 75,서울 은평구 수색로 217,서울,은평구,수색동,126.898722098783,37.5798453110675,http://place.map.kakao.com/12143712
이마트수서점,이마트,수서점,451,이마트 수서점,MT1,primary_category,valid,matched,open,이마트 수서점,"가정,생활 > 대형마트 > 이마트",서울 강남구 수서동 724,서울 강남구 광평로 280,서울,강남구,수서동,127.10344848976337,37.487537720340406,http://place.map.kakao.com/8046418
이마트수원점,이마트,수원점,659,이마트 수원점,MT1,primary_category,valid,matched,open,이마트 수원점,"가정,생활 > 대형마트 > 이마트",경기 수원시 권선구 권선동 1189,경기 수원시 권선구 경수대로 270,경기,수원시,권선구,127.02166378757994,37.24993537381793,http://place.map.kakao.com/8046330
이마트수지점,이마트,수지점,594,이마트 수지점,MT1,primary_category,valid,matched,open,이마트 수지점,"가정,생활 > 대형마트 > 이마트",경기 용인시 수지구 신봉동 909,경기 용인시 수지구 수지로 203,경기,용인시,수지구,127.083355251461,37.3198196118482,http://place.map.kakao.com/8046419
이마트순천점,이마트,순천점,562,이마트 순천점,MT1,primary_category,valid,matched,open,이마트 순천점,"가정,생활 > 대형마트 > 이마트",전남광주통합특별시 순천시 덕암동 169,전남광주통합특별시 순천시 팔마로 191,전남광주통합특별시,순천시,덕암동,127.508383268869,34.9425555125067,http://place.map.kakao.com/8532477
이마트신도림점,이마트,신도림점,589,이마트 신도림점,MT1,primary_category,valid,matched,open,이마트 신도림점,"가정,생활 > 대형마트 > 이마트",서울 구로구 구로동 3-25,서울 구로구 새말로 97,서울,구로구,구로동,126.890496837047,37.5067164863743,http://place.map.kakao.com/8532478
이마트신월점,이마트,신월점,334,이마트 신월점,MT1,primary_category,valid,matched,open,이마트 신월점,"가정,생활 > 대형마트 > 이마트",서울 양천구 신월동 26,서울 양천구 화곡로 59,서울,양천구,신월동,126.82855573371,37.5397564345599,http://place.map.kakao.com/16931866
이마트신제주점,이마트,신제주점,496,이마트 신제주점,MT1,primary_category,valid,matched,open,이마트 신제주점,"가정,생활 > 대형마트 > 이마트",제주특별자치도 제주시 노형동 919,제주특별자치도 제주시 1100로 3348,제주특별자치도,제주시,노형동,126.48042311734721,33.48498571467005,http://place.map.kakao.com/21485562
이마트신촌점,이마트,신촌점,353,이마트 신촌점,MT1,primary_category,valid,matched,open,이마트 신촌점,"가정,생활 > 대형마트 > 이마트",서울 마포구 노고산동 57-1,서울 마포구 신촌로 94,서울,마포구,노고산동,126.93599858704168,37.55500122359755,http://place.map.kakao.com/1423436133
이마트아산점,이마트,아산점,537,이마트 아산점,MT1,primary_category,valid,matched,open,이마트 아산점,"가정,생활 > 대형마트 > 이마트",충남 아산시 풍기동 477,충남 아산시 온천대로 1678,충남,아산시,풍기동,127.02187043025,36.7767582286187,http://place.map.kakao.com/8489915
이마트안동점,이마트,안동점,547,이마트 안동점,MT1,primary_category,valid,matched,open,이마트 안동점,"가정,생활 > 대형마트 > 이마트",경북 안동시 옥동 800-3,경북 안동시 옥동1길 2,경북,안동시,옥동,128.69940564226803,36.55847538907046,http://place.map.kakao.com/16228845
이마트안성점,이마트,안성점,560,이마트 안성점,MT1,primary_category,valid,matched,open,이마트 안성점,"가정,생활 > 대형마트 > 이마트",경기 안성시 석정동 149-3,경기 안성시 중앙로 246,경기,안성시,석정동,127.255986385207,37.0127233340865,http://place.map.kakao.com/8039573
이마트안양점,이마트,안양점,615,이마트 안양점,MT1,primary_category,valid,matched,open,이마트 안양점,"가정,생활 > 대형마트 > 이마트",경기 안양시 동안구 비산동 411-8,경기 안양시 동안구 관악대로 104,경기,안양시,동안구,126.935332427721,37.3983720655258,http://place.map.kakao.com/21321879
이마트양산점,이마트,양산점,613,이마트 양산점,MT1,primary_category,valid,matched,open,이마트 양산점,"가정,생활 > 대형마트 > 이마트",경남 양산시 중부동 705,경남 양산시 양산역6길 12,경남,양산시,중부동,129.02644438674383,35.336812406900286,http://place.map.kakao.com/18710054
이마트양재점,이마트,양재점,597,이마트 양재점,MT1,primary_category,valid,matched,open,이마트 양재점,"가정,생활 > 대형마트 > 이마트",서울 서초구 양재동 215,서울 서초구 매헌로 16,서울,서초구,양재동,127.037012004407,37.4633941087872,http://place.map.kakao.com/10751935
이마트양주점,이마트,양주점,556,이마트 양주점,MT1,primary_category,valid,matched,open,이마트 양주점,"가정,생활 > 대형마트 > 이마트",경기 양주시 회정동 98,경기 양주시 평화로 1713,경기,양주시,회정동,127.053919024538,37.8417426625991,http://place.map.kakao.com/8046650
이마트에코시티점,이마트,에코시티점,162,이마트 에코시티점,,manual_override,valid,matched,closed,이마트 에코시티점,,전북특별자치도 전주시 덕진구 세병서로 9,전북특별자치도 전주시 덕진구 세병서로 9,전북특별자치도,전주시,덕진구,127.123764082885,35.8725963163886,
이마트여수점,이마트,여수점,539,이마트 여수점,MT1,primary_category,valid,matched,open,이마트 여수점,"가정,생활 > 대형마트 > 이마트",전남광주통합특별시 여수시 오림동 405-1,전남광주통합특별시 여수시 좌수영로 277,전남광주통합특별시,여수시,오림동,127.71501738012998,34.75789376128532,http://place.map.kakao.com/8046651
이마트여의도점,이마트,여의도점,575,이마트 여의도점,MT1,primary_category,valid,matched,open,이마트 여의도점,"가정,생활 > 대형마트 > 이마트",서울 영등포구 여의도동 47,서울 영등포구 여의동로3길 10,서울,영등포구,여의도동,126.92679043264873,37.518401745189415,http://place.map.kakao.com/8046652
이마트여주점,이마트,여주점,522,이마트 여주점,MT1,primary_category,valid,matched,open,이마트 여주점,"가정,생활 > 대형마트 > 이마트",경기 여주시 홍문동 401,경기 여주시 세종로 151,경기,여주시,홍문동,127.6356662479184,37.28425776748448,http://place.map.kakao.com/8039575
이마트역삼점,이마트,역삼점,559,이마트 역삼점,MT1,primary_category,valid,matched,open,이마트 역삼점,"가정,생활 > 대형마트 > 이마트",서울 강남구 역삼동 755,서울 강남구 역삼로 310,서울,강남구,역삼동,127.048397383795,37.49930420889,http://place.map.kakao.com/8046653
이마트연수점,이마트,연수점,585,이마트 연수점,MT1,primary_category,valid,matched,open,이마트 연수점,"가정,생활 > 대형마트 > 이마트",인천 연수구 동춘동 926-9,인천 연수구 경원대로 184,인천,연수구,동춘동,126.680727117911,37.4039703012009,http://place.map.kakao.com/8041320
이마트연제점,이마트,연제점,632,이마트 연제점,MT1,primary_category,valid,matched,open,이마트 연제점,"가정,생활 > 대형마트 > 이마트",부산 연제구 연산동 822-7,부산 연제구 연수로 89,부산,연제구,연산동,129.081311151707,35.1761302288023,http://place.map.kakao.com/18710050
이마트영등포점,이마트,영등포점,642,이마트 영등포점,MT1,primary_category,valid,matched,open,이마트 영등포점,"가정,생활 > 대형마트 > 이마트",서울 영등포구 영등포동4가 442,서울 영등포구 영중로 15,서울,영등포구,영등포동4가,126.90331984149027,37.51742529723954,http://place.map.kakao.com/8227100
이마트영천점,이마트,영천점,412,이마트 영천점,MT1,primary_category,valid,matched,open,이마트 영천점,"가정,생활 > 대형마트 > 이마트",경북 영천시 오수동 286,경북 영천시 최무선로 83,경북,영천시,오수동,128.90998818865123,35.95843330417885,http://place.map.kakao.com/8533168
이마트오산점,이마트,오산점,596,이마트 오산점,MT1,primary_category,valid,matched,open,이마트 오산점,"가정,생활 > 대형마트 > 이마트",경기 오산시 원동 360-6,경기 오산시 경기대로 181,경기,오산시,원동,127.07270439763737,37.14066062312787,http://place.map.kakao.com/8041485
이마트왕십리점,이마트,왕십리점,619,이마트 왕십리점,MT1,primary_category,valid,matched,open,이마트 왕십리점,"가정,생활 > 대형마트 > 이마트",서울 성동구 행당동 168-151,서울 성동구 왕십리광장로 17,서울,성동구,행당동,127.038735688303,37.561703921452,http://place.map.kakao.com/8047104
이마트용산점,이마트,용산점,595,이마트 용산점,MT1,primary_category,valid,matched,open,이마트 용산점,"가정,생활 > 대형마트 > 이마트",서울 용산구 한강로3가 40-999,서울 용산구 한강대로23길 55,서울,용산구,한강로3가,126.96578815221102,37.52968200913392,http://place.map.kakao.com/10751938
이마트용인점,이마트,용인점,562,이마트 용인점,MT1,primary_category,valid,matched,open,이마트 용인점,"가정,생활 > 대형마트 > 이마트",경기 용인시 처인구 역북동 586-6,경기 용인시 처인구 명지로 53,경기,용인시,처인구,127.189098165553,37.2314356932318,http://place.map.kakao.com/10667612
이마트울산점,이마트,울산점,617,이마트 울산점,MT1,primary_category,valid,matched,open,이마트 울산점,"가정,생활 > 대형마트 > 이마트",울산 남구 삼산동 1646,울산 남구 남중로 48,울산,남구,삼산동,129.348387826402,35.5380410612245,http://place.map.kakao.com/11180510
이마트원주점,이마트,원주점,607,이마트 원주점,MT1,primary_category,valid,matched,open,이마트 원주점,"가정,생활 > 대형마트 > 이마트",강원특별자치도 원주시 무실동 1084-1,강원특별자치도 원주시 북원로 1928,강원특별자치도,원주시,무실동,127.919074309041,37.3207126291381,http://place.map.kakao.com/8046421
이마트월계점,이마트,월계점,627,스타필드마켓 월계점,,manual_override,valid,matched,open,스타필드마켓 월계점,,서울 노원구 월계동 333-1,서울 노원구 마들로3길 15,서울,노원구,월계동,127.06181746208499,37.62652764550659,http://place.map.kakao.com/1706913480
이마트월배점,이마트,월배점,594,이마트 월배점,MT1,primary_category,valid,matched,open,이마트 월배점,"가정,생활 > 대형마트 > 이마트",대구 달서구 대천동 555,대구 달서구 진천로 92,대구,달서구,대천동,128.52364568318535,35.81715096188315,http://place.map.kakao.com/8533169
이마트은평점,이마트,은평점,644,이마트 은평점,MT1,primary_category,valid,matched,open,이마트 은평점,"가정,생활 > 대형마트 > 이마트",서울 은평구 응암동 90-1,서울 은평구 은평로 111,서울,은평구,응암동,126.92051313899661,37.600825378213734,http://place.map.kakao.com/21128108
이마트의왕점,이마트,의왕점,534,이마트 의왕점,MT1,primary_category,valid,matched,open,이마트 의왕점,"가정,생활 > 대형마트 > 이마트",경기 의왕시 오전동 892,경기 의왕시 경수대로 262,경기,의왕시,오전동,126.97318998606968,37.35068282735167,http://place.map.kakao.com/176311132
이마트의정부점,이마트,의정부점,635,이마트 의정부점,MT1,primary_category,valid,matched,open,이마트 의정부점,"가정,생활 > 대형마트 > 이마트",경기 의정부시 민락동 849,경기 의정부시 민락로 210,경기,의정부시,민락동,127.10223412813964,37.74318604279271,http://place.map.kakao.com/20325731
이마트이천점,이마트,이천점,617,이마트 이천점,MT1,primary_category,valid,matched,open,이마트 이천점,"가정,생활 > 대형마트 > 이마트",경기 이천시 증포동 47-4,경기 이천시 이섭대천로 1440-50,경기,이천시,증포동,127.458957608817,37.294137400938,http://place.map.kakao.com/1512037482
이마트익산점,이마트,익산점,583,이마트 익산점,MT1,primary_category,valid,matched,open,이마트 익산점,"가정,생활 > 대형마트 > 이마트",전북특별자치도 익산시 동산동 667-53,전북특별자치도 익산시 평동로 705,전북특별자치도,익산시,동산동,126.957882430394,35.9305985491888,http://place.map.kakao.com/8545953
이마트일산점,이마트,일산점,535,이마트 일산점,MT1,primary_category,valid,matched,open,이마트 일산점,"가정,생활 > 대형마트 > 이마트",경기 고양시 일산동구 백석동 1194,경기 고양시 일산동구 중앙로 1124,경기,고양시,일산동구,126.78183119786083,37.64817297533191,http://place.map.kakao.com/35836828
이마트자양점,이마트,자양점,626,이마트 자양점,MT1,primary_category,valid,matched,open,이마트 자양점,"가정,생활 > 대형마트 > 이마트",서울 광진구 자양동 227-7,서울 광진구 아차산로 272,서울,광진구,자양동,127.07339432262434,37.53841287581957,http://place.map.kakao.com/19566620
이마트전주점,이마트,전주점,552,이마트 전주점,MT1,primary_category,valid,matched,open,이마트 전주점,"가정,생활 > 대형마트 > 이마트",전북특별자치도 전주시 완산구 서신동 767,전북특별자치도 전주시 완산구 당산로 111,전북특별자치도,전주시,완산구,127.120282591176,35.8325869099422,http://place.map.kakao.com/10752624
이마트제주점,이마트,제주점,526,이마트 제주점,MT1,primary_category,valid,matched,open,이마트 제주점,"가정,생활 > 대형마트 > 이마트",제주특별자치도 제주시 삼도이동 1259,제주특별자치도 제주시 탑동로 38,제주특별자치도,제주시,삼도이동,126.52117761069262,33.517975029130476,http://place.map.kakao.com/21473132
이마트제천점,이마트,제천점,617,이마트 제천점,MT1,primary_category,valid,matched,open,이마트 제천점,"가정,생활 > 대형마트 > 이마트",충북 제천시 강제동 684,충북 제천시 장평천로 11,충북,제천시,강제동,128.222935467736,37.1234196660304,http://place.map.kakao.com/21768862
이마트죽전점,이마트,죽전점,591,이마트 죽전점,MT1,primary_category,valid,matched,open,스타필드마켓 이마트 죽전점,"가정,생활 > 대형마트 > 이마트",경기 용인시 수지구 죽전동 1282,경기 용인시 수지구 포은대로 552,경기,용인시,수지구,127.109934447353,37.3253482659152,http://place.map.kakao.com/21487158
이마트중동점,이마트,중동점,574,이마트 중동점,MT1,primary_category,valid,matched,open,이마트 중동점,"가정,생활 > 대형마트 > 이마트",경기 부천시 원미구 중동 1157,경기 부천시 원미구 석천로 188,경기,부천시,원미구,126.76434287605836,37.50396251471102,http://place.map.kakao.com/8046582
이마트진접점,이마트,진접점,502,이마트 진접점,MT1,primary_category,valid,matched,open,이마트 진접점,"가정,생활 > 대형마트 > 이마트",경기 남양주시 진접읍 연평리 101-14,경기 남양주시 진접읍 금강로유연들1길 154,경기,남양주시,진접읍,127.181840204559,37.7089280226283,http://place.map.kakao.com/23807544
이마트진주점,이마트,진주점,583,이마트 진주점,MT1,primary_category,valid,matched,open,이마트 진주점,"가정,생활 > 대형마트 > 이마트",경남 진주시 인사동 3,경남 진주시 진양호로 477,경남,진주시,인사동,128.077421832856,35.1916072881539,http://place.map.kakao.com/8545954
이마트창동점,이마트,창동점,537,이마트 창동점,MT1,primary_category,valid,matched,open,이마트 창동점,"가정,생활 > 대형마트 > 이마트",서울 도봉구 창동 135-26,서울 도봉구 노해로65길 4,서울,도봉구,창동,127.047226995957,37.6517925939067,http://place.map.kakao.com/8046583
이마트창원점,이마트,창원점,580,이마트 창원점,MT1,primary_category,valid,matched,open,이마트 창원점,"가정,생활 > 대형마트 > 이마트",경남 창원시 성산구 중앙동 91,경남 창원시 성산구 원이대로 608,경남,창원시,성산구,128.68017132437,35.2265606139623,http://place.map.kakao.com/17350395
이마트천안서북점,이마트,천안서북점,639,이마트 천안서북점,MT1,primary_category,valid,matched,open,이마트 천안서북점,"가정,생활 > 대형마트 > 이마트",충남 천안시 서북구 백석동 1047,충남 천안시 서북구 삼성대로 20,충남,천안시,서북구,127.122202265722,36.8384452103302,http://place.map.kakao.com/26842495
이마트천안점,이마트,천안점,639,이마트 천안점,MT1,primary_category,valid,matched,open,이마트 천안점,"가정,생활 > 대형마트 > 이마트",충남 천안시 서북구 쌍용동 191,충남 천안시 서북구 충무로 187,충남,천안시,서북구,127.12699660303585,36.796068212457484,http://place.map.kakao.com/21128087
이마트천안터미널점,이마트,천안터미널점,565,이마트 천안터미널점,MT1,primary_category,valid,matched,open,이마트 천안터미널점,"가정,생활 > 대형마트 > 이마트",충남 천안시 동남구 신부동 354-1,충남 천안시 동남구 만남로 43,충남,천안시,동남구,127.15606072853035,36.81948773775687,http://place.map.kakao.com/26842497
이마트천호점,이마트,천호점,580,이마트 천호점,MT1,primary_category,valid,matched,open,이마트 천호점,"가정,생활 > 대형마트 > 이마트",서울 강동구 천호동 454-1,서울 강동구 천호대로 1017,서울,강동구,천호동,127.125605460931,37.53860764917305,http://place.map.kakao.com/8545956
이마트청계천점,이마트,청계천점,555,이마트 청계천점,MT1,primary_category,valid,matched,open,이마트 청계천점,"가정,생활 > 대형마트 > 이마트",서울 중구 황학동 2545,서울 중구 청계천로 400,서울,중구,황학동,127.02179955803058,37.57134801872825,http://place.map.kakao.com/8533171
이마트청주점,이마트,청주점,621,이마트 청주점,MT1,primary_category,valid,matched,open,이마트 청주점,"가정,생활 > 대형마트 > 이마트",충북 청주시 서원구 미평동 123-1,충북 청주시 서원구 청남로 1853,충북,청주시,서원구,127.47466426932682,36.60107335661584,http://place.map.kakao.com/8046656
이마트춘천점,이마트,춘천점,628,이마트 춘천점,MT1,primary_category,valid,matched,open,이마트 춘천점,"가정,생활 > 대형마트 > 이마트",강원특별자치도 춘천시 온의동 511,강원특별자치도 춘천시 경춘로 2353,강원특별자치도,춘천시,온의동,127.718571052174,37.8638303573543,http://place.map.kakao.com/8546847
이마트충주점,이마트,충주점,587,이마트 충주점,MT1,primary_category,valid,matched,open,이마트 충주점,"가정,생활 > 대형마트 > 이마트",충북 충주시 문화동 1024,충북 충주시 중원대로 3420,충북,충주시,문화동,127.923800829651,36.9721797870243,http://place.map.kakao.com/18710053
이마트칠성점,이마트,칠성점,643,이마트 칠성점,MT1,primary_category,valid,matched,open,이마트 칠성점,"가정,생활 > 대형마트 > 이마트",대구 북구 칠성동2가 20-1,대구 북구 침산로 93,대구,북구,칠성동2가,128.58978935243834,35.88522557358881,http://place.map.kakao.com/10670781
이마트태백점,이마트,태백점,532,이마트 태백점,MT1,primary_category,valid,matched,open,이마트 태백점,"가정,생활 > 대형마트 > 이마트",강원특별자치도 태백시 화전동 113,강원특별자치도 태백시 굴거랑길 4,강원특별자치도,태백시,화전동,128.961839763386,37.1999301179941,http://place.map.kakao.com/8046657
이마트통영점,이마트,통영점,569,이마트 통영점,MT1,primary_category,valid,matched,open,이마트 통영점,"가정,생활 > 대형마트 > 이마트",경남 통영시 광도면 죽림리 1566-2,경남 통영시 광도면 죽림4로 9,경남,통영시,광도면,128.417829049274,34.8873274223582,http://place.map.kakao.com/8046585
이마트파주운정점,이마트,파주운정점,563,이마트 파주운정점,MT1,primary_category,valid,matched,open,이마트 파주운정점,"가정,생활 > 대형마트 > 이마트",경기 파주시 동패동 1763,경기 파주시 한울로 123,경기,파주시,동패동,126.74510310911404,37.710383835768866,http://place.map.kakao.com/21540461
이마트파주점,이마트,파주점,597,이마트 파주점,MT1,primary_category,valid,matched,open,이마트 파주점,"가정,생활 > 대형마트 > 이마트",경기 파주시 당하동 195-5,경기 파주시 당하길 10,경기,파주시,당하동,126.75085470685889,37.747092595031404,http://place.map.kakao.com/26831474
이마트평촌점,이마트,평촌점,596,이마트 평촌점,MT1,primary_category,valid,matched,open,이마트 평촌점,"가정,생활 > 대형마트 > 이마트",경기 안양시 동안구 관양동 1608,경기 안양시 동안구 시민대로 300,경기,안양시,동안구,126.96364732748665,37.39492964284795,http://place.map.kakao.com/8533172
이마트평택점,이마트,평택점,638,이마트 평택점,MT1,primary_category,valid,matched,open,이마트 평택점,"가정,생활 > 대형마트 > 이마트",경기 평택시 지제동 50,경기 평택시 영신로 29,경기,평택시,지제동,127.075534580484,37.0211175184242,http://place.map.kakao.com/10674842
이마트포천점,이마트,포천점,504,이마트 포천점,MT1,primary_category,valid,matched,open,이마트 포천점,"가정,생활 > 대형마트 > 이마트",경기 포천시 설운동 2,경기 포천시 호국로 915,경기,포천시,설운동,127.16044074034149,37.84771723748073,http://place.map.kakao.com/12273894
이마트포항이동점,이마트,포항이동점,587,이마트 포항이동점,MT1,primary_category,valid,matched,open,이마트 포항이동점,"가정,생활 > 대형마트 > 이마트",경북 포항시 북구 득량동 305,경북 포항시 북구 대이로 188,경북,포항시,북구,129.3390419746736,36.031778197827215,http://place.map.kakao.com/8490603
이마트포항점,이마트,포항점,629,이마트 포항점,MT1,primary_category,valid,matched,open,이마트 포항점,"가정,생활 > 대형마트 > 이마트",경북 포항시 남구 인덕동 161-176,경북 포항시 남구 냉천로 10,경북,포항시,남구,129.398955404228,35.9913523564402,http://place.map.kakao.com/10674843
이마트풍산점,이마트,풍산점,563,이마트 풍산점,MT1,primary_category,valid,matched,open,이마트 풍산점,"가정,생활 > 대형마트 > 이마트",경기 고양시 일산동구 중산동 1809,경기 고양시 일산동구 무궁화로 237,경기,고양시,일산동구,126.78714598528751,37.67384259179524,http://place.map.kakao.com/25626222
이마트하남점,이마트,하남점,640,이마트 하남점,MT1,primary_category,valid,matched,open,이마트 하남점,"가정,생활 > 대형마트 > 이마트",경기 하남시 덕풍동 736,경기 하남시 덕풍서로 70,경기,하남시,덕풍동,127.20557737827855,37.552690727113564,http://place.map.kakao.com/82048894
이마트하월곡점,이마트,하월곡점,524,이마트 하월곡점,MT1,primary_category,valid,matched,open,이마트 하월곡점,"가정,생활 > 대형마트 > 이마트",서울 성북구 하월곡동 230,서울 성북구 종암로 167,서울,성북구,하월곡동,127.03128474705741,37.604713247072375,http://place.map.kakao.com/21298201
이마트해운대점,이마트,해운대점,628,이마트 해운대점,MT1,primary_category,valid,matched,open,이마트 해운대점,"가정,생활 > 대형마트 > 이마트",부산 해운대구 중동 1767,부산 해운대구 좌동순환로 511,부산,해운대구,중동,129.167304511623,35.1658551638247,http://place.map.kakao.com/8041489
이마트화성봉담점,이마트,화성봉담점,600,이마트 화성봉담점,MT1,primary_category,valid,matched,open,이마트 화성봉담점,"가정,생활 > 대형마트 > 이마트",경기 화성시 효행구 봉담읍 동화리 130,경기 화성시 효행구 봉담읍 효행로 278,경기,화성시,효행구,126.97289064867654,37.22247936897568,http://place.map.kakao.com/18831895
이마트화정점,이마트,화정점,554,이마트 화정점,MT1,primary_category,valid,matched,open,이마트 화정점,"가정,생활 > 대형마트 > 이마트",경기 고양시 덕양구 화정동 976,경기 고양시 덕양구 백양로 79,경기,고양시,덕양구,126.83341788945837,37.63267728746393,http://place.map.kakao.com/21128088
이마트흥덕점,이마트,흥덕점,629,이마트 흥덕점,MT1,primary_category,valid,matched,open,이마트 흥덕점,"가정,생활 > 대형마트 > 이마트",경기 용인시 기흥구 영덕동 985-3,경기 용인시 기흥구 흥덕중앙로 60,경기,용인시,기흥구,127.0733302312074,37.275754736165524,http://place.map.kakao.com/11520584
현대백화점대구점,현대백화점,대구점,564,더현대 대구,,manual_override,valid,matched,open,더현대 대구,,대구 중구 계산동2가 200,대구 중구 달구벌대로 2077,대구,중구,계산동2가,128.59063111852757,35.86662835745753,http://place.map.kakao.com/26588534
현대백화점디큐브점,현대백화점,디큐브점,288,현대백화점 디큐브시티점,,manual_override,valid,matched,historical,현대백화점 디큐브시티점,,서울 구로구 신도림동 692,서울 구로구 경인로 662,서울,구로구,신도림동,126.888212953215,37.5081230677129,
현대백화점목동점,현대백화점,목동점,636,현대백화점 목동점,,primary_category,valid,matched,open,현대백화점 목동점,"가정,생활 > 백화점 > 현대백화점",서울 양천구 목동 916,서울 양천구 목동동로 257,서울,양천구,목동,126.87525853214666,37.526654089298255,http://place.map.kakao.com/26825477
현대백화점무역센터점,현대백화점,무역센터점,636,현대백화점 무역센터점,,primary_category,valid,matched,open,현대백화점 무역센터점,"가정,생활 > 백화점 > 현대백화점",서울 강남구 삼성동 159-7,서울 강남구 테헤란로 517,서울,강남구,삼성동,127.05977475920854,37.508651435836725,http://place.map.kakao.com/18384587
현대백화점미아점,현대백화점,미아점,614,현대백화점 미아점,,primary_category,valid,matched,open,현대백화점 미아점,"가정,생활 > 백화점 > 현대백화점",서울 성북구 길음동 20-1,서울 성북구 동소문로 315,서울,성북구,길음동,127.028748311194,37.608482732465,http://place.map.kakao.com/8156625
현대백화점본점,현대백화점,본점,588,현대백화점본점,,primary_category,valid,matched,open,현대백화점 압구정본점,"가정,생활 > 백화점 > 현대백화점",서울 강남구 압구정동 429,서울 강남구 압구정로 165,서울,강남구,압구정동,127.0274681898568,37.52737270067088,http://place.map.kakao.com/21297272
현대백화점부산점,현대백화점,부산점,564,커넥트현대 부산,,manual_override,valid,matched,open,커넥트현대 부산,,부산 동구 범일동 62-5,부산 동구 범일로 125,부산,동구,범일동,129.05857440867092,35.14130151736924,http://place.map.kakao.com/21748301
현대백화점신촌점,현대백화점,신촌점,612,현대백화점 신촌점,,primary_category,valid,matched,open,현대백화점 신촌점,"가정,생활 > 백화점 > 현대백화점",서울 서대문구 창천동 30-33,서울 서대문구 신촌로 83,서울,서대문구,창천동,126.93581652251622,37.556153500544426,http://place.map.kakao.com/21695719
현대백화점울산동구점,현대백화점,울산동구점,564,현대백화점 울산점 동구,,manual_override,valid,matched,open,현대백화점 울산점 동구,,울산 동구 서부동 105-3,울산 동구 방어진순환도로 899,울산,동구,서부동,129.431351439387,35.5216190395648,http://place.map.kakao.com/11200567
현대백화점울산점,현대백화점,울산점,540,현대백화점 울산점,,primary_category,valid,matched,open,현대백화점 울산점,"가정,생활 > 백화점 > 현대백화점",울산 남구 삼산동 1521-1,울산 남구 삼산로 261,울산,남구,삼산동,129.33581191270414,35.53956943412385,http://place.map.kakao.com/8154974
현대백화점중동점,현대백화점,중동점,660,현대백화점 중동점 EAST,,manual_override,valid,matched,open,현대백화점 중동점 EAST,,경기 부천시 원미구 중동 1164,경기 부천시 원미구 길주로 180,경기,부천시,원미구,126.76183908456196,37.50427464649725,http://place.map.kakao.com/14661403
현대백화점천호점,현대백화점,천호점,588,현대백화점 천호점,,primary_category,valid,matched,open,현대백화점 천호점,"가정,생활 > 백화점 > 현대백화점",서울 강동구 천호동 572,서울 강동구 천호대로 1005,서울,강동구,천호동,127.1244432563588,37.538841968226784,http://place.map.kakao.com/13125937
현대백화점충청점,현대백화점,충청점,564,현대백화점 충청점,,primary_category,valid,matched,open,현대백화점 충청점,"가정,생활 > 백화점 > 현대백화점",충북 청주시 흥덕구 복대동 3380,충북 청주시 흥덕구 직지대로 308,충북,청주시,흥덕구,127.426506441269,36.6448287847106,http://place.map.kakao.com/17912136
현대백화점킨텍스점,현대백화점,킨텍스점,564,현대백화점 킨텍스점,,primary_category,valid,matched,open,현대백화점 킨텍스점,"가정,생활 > 백화점 > 현대백화점",경기 고양시 일산서구 대화동 2602,경기 고양시 일산서구 호수로 817,경기,고양시,일산서구,126.75115248136792,37.66825815853768,http://place.map.kakao.com/12526820
현대백화점판교점,현대백화점,판교점,561,현대백화점 판교점,,primary_category,valid,matched,open,현대백화점 판교점,"가정,생활 > 백화점 > 현대백화점",경기 성남시 분당구 백현동 541,경기 성남시 분당구 판교역로146번길 20,경기,성남시,분당구,127.11204751299005,37.39279718014944,http://place.map.kakao.com/27572094
