retailer_name,source_product_id,source_product_name,product_url,canonical_item,subtype,manufacturer_name,quantity,unit
농협몰,0000303389,함양농협 하늘가애 토종밀가루 1kg,https://www.nonghyupmall.com/BC14010R/viewDetailPage.nh?wrsC=0000303389,밀가루,밀가루,함양농협,1000,g
농협몰,0000900784,속이노란 붉은 햇 홍감자(중) 3kg/5kg/10kg,https://www.nonghyupmall.com/BC14010R/viewDetailPage.nh?wrsC=0000900784,계란,계란,속이노란,10000,g
농협몰,0000982571,[임실치즈농협] 벨라유 플레인 포션치즈,https://www.nonghyupmall.com/BC14010R/viewDetailPage.nh?wrsC=0000982571,버터,버터,임실치즈농협,,
농협몰,0013181743,[인정란] 아라리 무항생제 구운란 60구 (30구x2판),https://www.nonghyupmall.com/BC14010R/viewDetailPage.nh?wrsC=0013181743,계란,계란,인정란,30,구
농협몰,0013676942,[농협식품] 농협 굵은소금 1kg,https://www.nonghyupmall.com/BC14010R/viewDetailPage.nh?wrsC=0013676942,설탕,설탕,농협식품,1000,g
농협몰,0017228158,계란후라이 아동 바디슈트 3종세트 204092,https://www.nonghyupmall.com/BC14010R/viewDetailPage.nh?wrsC=0017228158,계란,계란,계란후라이,,
농협몰,0017263836,연세우유 멸균우유 마카다미아 초코우유 190ml x 96팩,https://www.nonghyupmall.com/BC14010R/viewDetailPage.nh?wrsC=0017263836,우유,우유,연세우유,96,팩
농협몰,0020458531,제주 유기농우유로 만든 수제밀크잼 2개 골라담기,https://www.nonghyupmall.com/BC14010R/viewDetailPage.nh?wrsC=0020458531,우유,우유,제주,2,개
농협몰,0021745276,참숯으로 코팅한 리얼 참숯란 30구[구운란],https://www.nonghyupmall.com/BC14010R/viewDetailPage.nh?wrsC=0021745276,계란,계란,참숯으로,30,구
농협몰,0023666508,[홈앤하우스] 프리모 그라인더 200ml 2P,https://www.nonghyupmall.com/BC14010R/viewDetailPage.nh?wrsC=0023666508,설탕,설탕,홈앤하우스,200,ml
농협몰,0023666511,[홈앤하우스] 프리모 3단조절 양념병 라인형,https://www.nonghyupmall.com/BC14010R/viewDetailPage.nh?wrsC=0023666511,설탕,설탕,홈앤하우스,,
농협몰,0026003447,꽃을든남자 하수오 한방 샴푸1000ml / 컨디셔너1000ml / 베리웰 우유 바디워시500ml,https://www.nonghyupmall.com/BC14010R/viewDetailPage.nh?wrsC=0026003447,우유,우유,꽃을든남자,500,ml
농협몰,0028319777,[홈앤하우스] 프리모 양념병 그라인더 모음전,https://www.nonghyupmall.com/BC14010R/viewDetailPage.nh?wrsC=0028319777,설탕,설탕,홈앤하우스,,
농협몰,0028643030,[온도씨] 하루한알 쫄깃한 구운란 두판 30구+30구 총 60구 (L),https://www.nonghyupmall.com/BC14010R/viewDetailPage.nh?wrsC=0028643030,계란,계란,온도씨,60,구
농협몰,0028643043,[온도씨] 하루한알 촉촉한 반숙란 한판 30구 (L),https://www.nonghyupmall.com/BC14010R/viewDetailPage.nh?wrsC=0028643043,계란,계란,온도씨,30,구
농협몰,0028855172,장발장 NO충전물 플레인 100% 통밀빵 1kg ( 밀가루안들어가는빵 샌드위치빵 통밀식빵 모닝빵 치아타바 저탄수식빵 비건 저염 무설탕 저칼로리 단백질 식빵 ),https://www.nonghyupmall.com/BC14010R/viewDetailPage.nh?wrsC=0028855172,밀가루,밀가루,장발장,1000,g
농협몰,0028916453,장발장 NO충전물 플레인 100% 통밀식빵1kg ( 비건 저염 무설탕 저칼로리 샌드위치빵 ),https://www.nonghyupmall.com/BC14010R/viewDetailPage.nh?wrsC=0028916453,설탕,설탕,장발장,1000,g
농협몰,0029870400,치즈헤븐 구워먹는치즈 300g 2/3/4팩,https://www.nonghyupmall.com/BC14010R/viewDetailPage.nh?wrsC=0029870400,버터,버터,치즈헤븐,4,팩
농협몰,0030093418,도루코 마이셰프 퓨어 우드 IH 계란말이팬 21cm /인덕션용,https://www.nonghyupmall.com/BC14010R/viewDetailPage.nh?wrsC=0030093418,계란,계란,도루코,,
농협몰,0030222799,군계란(60알),https://www.nonghyupmall.com/BC14010R/viewDetailPage.nh?wrsC=0030222799,계란,계란,군계란(60알),,
농협몰,0030295494,순메밀가루 1kgx3,https://www.nonghyupmall.com/BC14010R/viewDetailPage.nh?wrsC=0030295494,밀가루,밀가루,순메밀가루,1000,g
농협몰,0030299355,와포햇살 들깨가루 250g,https://www.nonghyupmall.com/BC14010R/viewDetailPage.nh?wrsC=0030299355,설탕,설탕,와포햇살,250,g
농협몰,0030823844,키친아트 4구에그후라이팬26cm 1P,https://www.nonghyupmall.com/BC14010R/viewDetailPage.nh?wrsC=0030823844,계란,계란,키친아트,4,구
농협몰,0032839670,[티칸네] 허브티 3종 선물세트 (60티백),https://www.nonghyupmall.com/BC14010R/viewDetailPage.nh?wrsC=0032839670,우유,우유,티칸네,,
농협몰,0032839683,[티칸네] 임산부티 루이보스 3종 선물세트 (60티백),https://www.nonghyupmall.com/BC14010R/viewDetailPage.nh?wrsC=0032839683,우유,우유,티칸네,,
농협몰,0033509222,[다신샵] 속편한 두부&쌀 탕종 베이글 6종 골라담기/식단관리 노밀가루 단백질빵,https://www.nonghyupmall.com/BC14010R/viewDetailPage.nh?wrsC=0033509222,밀가루,밀가루,다신샵,,
농협몰,0034292123,다림식품 새우계란죽 500gX5개 부드럽고 담백한맛!,https://www.nonghyupmall.com/BC14010R/viewDetailPage.nh?wrsC=0034292123,계란,계란,다림식품,5,개
농협몰,0034891496,삼립 크래프트 크림치즈 스프레드 4종 4병 맛보기(무화과/메이플호두/베이컨/블루베리),https://www.nonghyupmall.com/BC14010R/viewDetailPage.nh?wrsC=0034891496,버터,버터,삼립,,
농협몰,0035896940,우유꿀설기 500g 3박스,https://www.nonghyupmall.com/BC14010R/viewDetailPage.nh?wrsC=0035896940,우유,우유,우유꿀설기,500,g
농협몰,0036016042,[서울경기수도권] 캐리어_ 클라윈드 인버터 벽걸이 에어컨 6형 PARC-0061WAWSD (실외기포함),https://www.nonghyupmall.com/BC14010R/viewDetailPage.nh?wrsC=0036016042,버터,버터,서울경기수도권,,
농협몰,0036156744,삼립 이즈니버터로 고소한 골든버터스틱 6입 4봉,https://www.nonghyupmall.com/BC14010R/viewDetailPage.nh?wrsC=0036156744,버터,버터,삼립,4,봉
농협몰,0036165555,연유버터스프레드 2개입,https://www.nonghyupmall.com/BC14010R/viewDetailPage.nh?wrsC=0036165555,버터,버터,연유버터스프레드,2,개입
농협몰,0036201479,상하목장 유기농 딸기 우유125ml(24개입),https://www.nonghyupmall.com/BC14010R/viewDetailPage.nh?wrsC=0036201479,우유,우유,상하목장,24,개입
농협몰,0036201750,상하목장 얼려먹는 아이스크림 밀크(24개입),https://www.nonghyupmall.com/BC14010R/viewDetailPage.nh?wrsC=0036201750,우유,우유,상하목장,24,개입
농협몰,0036202021,어메이징 오트 초콜릿 330ML(12개입),https://www.nonghyupmall.com/BC14010R/viewDetailPage.nh?wrsC=0036202021,우유,우유,어메이징,12,개입
농협몰,0036417089,백설 찰밀가루 2.5kg x2개,https://www.nonghyupmall.com/BC14010R/viewDetailPage.nh?wrsC=0036417089,밀가루,밀가루,백설,2,개
농협몰,0036417427,햇반 쿡반 버터장조림주먹밥 500g x5개,https://www.nonghyupmall.com/BC14010R/viewDetailPage.nh?wrsC=0036417427,버터,버터,햇반,5,개
농협몰,0036441314,백설 명품 천일염 오천년의 신비 굵은입자 소금 1kg x2개,https://www.nonghyupmall.com/BC14010R/viewDetailPage.nh?wrsC=0036441314,설탕,설탕,백설,2,개
농협몰,0036441327,백설 맛소금 250g x10개,https://www.nonghyupmall.com/BC14010R/viewDetailPage.nh?wrsC=0036441327,설탕,설탕,백설,10,개
농협몰,0036441369,백설 맛소금 1kg x2개,https://www.nonghyupmall.com/BC14010R/viewDetailPage.nh?wrsC=0036441369,설탕,설탕,백설,2,개
농협몰,0036441554,백설 구운소금 1kg x5개,https://www.nonghyupmall.com/BC14010R/viewDetailPage.nh?wrsC=0036441554,설탕,설탕,백설,5,개
농협몰,0036441765,백설 브라운 자일로스 설탕 5kg x1개,https://www.nonghyupmall.com/BC14010R/viewDetailPage.nh?wrsC=0036441765,설탕,설탕,백설,1,개
농협몰,0036441778,백설 갈색설탕 5kg x2개,https://www.nonghyupmall.com/BC14010R/viewDetailPage.nh?wrsC=0036441778,설탕,설탕,백설,2,개
농협몰,0036442544,백설 허브맛솔트 와인&버터 40g x3개,https://www.nonghyupmall.com/BC14010R/viewDetailPage.nh?wrsC=0036442544,버터,버터,백설,3,개
농협몰,0036513134,예천 화건 고춧가루 보통맛 500gx1,https://www.nonghyupmall.com/BC14010R/viewDetailPage.nh?wrsC=0036513134,설탕,설탕,예천,500,g
농협몰,0036513262,3년숙성 천일염 마늘소금 450gx3,https://www.nonghyupmall.com/BC14010R/viewDetailPage.nh?wrsC=0036513262,설탕,설탕,3년숙성,450,g
농협몰,0036513275,3년숙성 천일염 가는소금 500gx3팩,https://www.nonghyupmall.com/BC14010R/viewDetailPage.nh?wrsC=0036513275,설탕,설탕,3년숙성,3,팩
농협몰,0036848292,매일 바이오 제로 190ml (24팩),https://www.nonghyupmall.com/BC14010R/viewDetailPage.nh?wrsC=0036848292,우유,우유,매일,24,팩
농협몰,0037032683,[한국양계농협] 목계촌 1+등급란 대란 60입 최우수등급판정 계란 (30입*2),https://www.nonghyupmall.com/BC14010R/viewDetailPage.nh?wrsC=0037032683,계란,계란,한국양계농협,30,입
농협몰,0037079411,[다신샵] 저당 통밀&쌀 크림빵/ 우유생크림 NO하얀밀가루,https://www.nonghyupmall.com/BC14010R/viewDetailPage.nh?wrsC=0037079411,밀가루,밀가루,다신샵,,
농협몰,0037385491,연세우유 세브란스 전용목장 A2단백 멸균우유 180ml 24팩+125ml 24팩 (총48팩),https://www.nonghyupmall.com/BC14010R/viewDetailPage.nh?wrsC=0037385491,우유,우유,연세우유,48,팩
농협몰,0037863210,그레잇 아몬드버터 200g x 2병(즉시제조/아몬드100%),https://www.nonghyupmall.com/BC14010R/viewDetailPage.nh?wrsC=0037863210,버터,버터,그레잇,200,g
농협몰,0038801066,스키피 크리미 땅콩버터 2.27kg,https://www.nonghyupmall.com/BC14010R/viewDetailPage.nh?wrsC=0038801066,버터,버터,스키피,2270.00,g
농협몰,0038867477,[다신샵] 고단백 식단빵 단백한빵 4종 골라담기 / 글루텐프리 NO밀가루 프로틴빵,https://www.nonghyupmall.com/BC14010R/viewDetailPage.nh?wrsC=0038867477,밀가루,밀가루,다신샵,,
농협몰,0039236535,[콕스타] 전기 스텐 만두 고구마 계란 찜기 달걀 삶는 기계 멀티찜기 2단 야채찜기 NKTES-1000,https://www.nonghyupmall.com/BC14010R/viewDetailPage.nh?wrsC=0039236535,계란,계란,콕스타,,
농협몰,0039262192,애경 립바이브 슈가밤 4.8g (4종) 로지레드 x 1개 + 쉐어버터 x 1개 + 쿨민트 x 1개 + 프로폴리스 x 1개,https://www.nonghyupmall.com/BC14010R/viewDetailPage.nh?wrsC=0039262192,버터,버터,애경,1,개
농협몰,0039272500,건국 착한목장 멸균우유 2종 (총 48팩) 무항생제우유24팩+소화가 잘되는우유24팩,https://www.nonghyupmall.com/BC14010R/viewDetailPage.nh?wrsC=0039272500,우유,우유,건국,24,팩
농협몰,0039276135,라벨영 쇼킹비타민우유미백크림 55gx1개 톤업 비타밀크토닝,https://www.nonghyupmall.com/BC14010R/viewDetailPage.nh?wrsC=0039276135,우유,우유,라벨영,1,개
농협몰,0039297516,[델푸릇] 저칼로리 단백질 쉐이크 식사대용 무설탕,https://www.nonghyupmall.com/BC14010R/viewDetailPage.nh?wrsC=0039297516,설탕,설탕,델푸릇,,
농협몰,0039303376,서울우유 딸기꿀딴지 180mlx24개,https://www.nonghyupmall.com/BC14010R/viewDetailPage.nh?wrsC=0039303376,우유,우유,서울우유,24,개
농협몰,0039303503,서울우유 멸균우유 1000mlx5개,https://www.nonghyupmall.com/BC14010R/viewDetailPage.nh?wrsC=0039303503,우유,우유,서울우유,5,개
농협몰,0039303587,[바로바로팜] 롯데빠다코코낫 2번들 600G,https://www.nonghyupmall.com/BC14010R/viewDetailPage.nh?wrsC=0039303587,버터,버터,바로바로팜,600,g
농협몰,0039343611,맷돌로 갈아 만든 100% 국내산 백태콩물 500ml 2병,https://www.nonghyupmall.com/BC14010R/viewDetailPage.nh?wrsC=0039343611,버터,버터,맷돌로,500,ml
농협몰,0039343624,맷돌로 갈아 만든 100% 국내산 반반콩물(우뭇가사리1000ml+서리태1000ml) 총 2병,https://www.nonghyupmall.com/BC14010R/viewDetailPage.nh?wrsC=0039343624,버터,버터,맷돌로,1000,ml
농협몰,0039373944,라벨영 쇼킹찐영양클렌징샴푸액 500mlx3개 와인+우유 발효영양으로 두피모발 토탈케어,https://www.nonghyupmall.com/BC14010R/viewDetailPage.nh?wrsC=0039373944,우유,우유,라벨영,3,개
농협몰,0039376026,서울우유 견과우유죽 130gx30개,https://www.nonghyupmall.com/BC14010R/viewDetailPage.nh?wrsC=0039376026,우유,우유,서울우유,30,개
농협몰,0039382263,햇반 컵반 컵밥 황태국밥 170g x12개+버터장조림비빔밥 216g x12개,https://www.nonghyupmall.com/BC14010R/viewDetailPage.nh?wrsC=0039382263,버터,버터,햇반,12,개
농협몰,0039382784,비비고 계란옷입은 고기완자 480g x2개+도톰 동그랑땡 340g x1개,https://www.nonghyupmall.com/BC14010R/viewDetailPage.nh?wrsC=0039382784,계란,계란,비비고,1,개
농협몰,0039393661,서울우유 내안의 진짜 딸기 280mlx36개,https://www.nonghyupmall.com/BC14010R/viewDetailPage.nh?wrsC=0039393661,우유,우유,서울우유,36,개
농협몰,0039396967,스윗버터갈릭 엄마손파이 254gx8개,https://www.nonghyupmall.com/BC14010R/viewDetailPage.nh?wrsC=0039396967,버터,버터,스윗버터갈릭,8,개
농협몰,0039396970,스윗버터갈릭 엄마손파이 127gx16개,https://www.nonghyupmall.com/BC14010R/viewDetailPage.nh?wrsC=0039396970,버터,버터,스윗버터갈릭,16,개
농협몰,0039399078,할리스 순수 우유 롤케이크,https://www.nonghyupmall.com/BC14010R/viewDetailPage.nh?wrsC=0039399078,우유,우유,할리스,,
농협몰,0039410845,[홈쇼핑히트] AGK 스빙 라이트 오토 슬라이서,https://www.nonghyupmall.com/BC14010R/viewDetailPage.nh?wrsC=0039410845,계란,계란,홈쇼핑히트,,
농협몰,0039414751,투썸플레이스 부드러운 에그 잉글리쉬 머핀 + 아메리카노 R,https://www.nonghyupmall.com/BC14010R/viewDetailPage.nh?wrsC=0039414751,계란,계란,투썸플레이스,,
농협몰,0039421706,신세계푸드 버터 깨찰빵 생지 2.9kg(90개),https://www.nonghyupmall.com/BC14010R/viewDetailPage.nh?wrsC=0039421706,버터,버터,신세계푸드,90,개
농협몰,0039424862,"무설탕 음료 망개리-티(tea) 액상스틱_망개, 오미자, 유자를 넣어 블랜딩한 새콤달콤한 건강한 저당음료",https://www.nonghyupmall.com/BC14010R/viewDetailPage.nh?wrsC=0039424862,설탕,설탕,무설탕,,
농협몰,0039432964,떡미당 굳지않는 앙버터절편 400g,https://www.nonghyupmall.com/BC14010R/viewDetailPage.nh?wrsC=0039432964,버터,버터,떡미당,400,g
농협몰,0039434593,서울우유 속편한 하루강황 170mlx36개,https://www.nonghyupmall.com/BC14010R/viewDetailPage.nh?wrsC=0039434593,우유,우유,서울우유,36,개
농협몰,0039436528,[샘표] 쓱쓱싹싹 밥도둑 버터 장조림 90gⅹ8입,https://www.nonghyupmall.com/BC14010R/viewDetailPage.nh?wrsC=0039436528,버터,버터,샘표,8,입
농협몰,0039439783,난각번호1번 프리미엄 유정란 꾸지뽕먹고 자란 방사유정란 계란 대란 20구,https://www.nonghyupmall.com/BC14010R/viewDetailPage.nh?wrsC=0039439783,계란,계란,난각번호1번,20,구
농협몰,0039460952,[제니퍼룸] 위글위글 에그보일러 JRK-EB0301MRD-B,https://www.nonghyupmall.com/BC14010R/viewDetailPage.nh?wrsC=0039460952,계란,계란,제니퍼룸,,
농협몰,0039464235,스타벅스 [노릇노릇 든든하게] 카페 아메리카노 T + 스크램블 에그 베이컨 샌드위치,https://www.nonghyupmall.com/BC14010R/viewDetailPage.nh?wrsC=0039464235,계란,계란,스타벅스,,
농협몰,0039482183,[비타그램] 이지쿡 계란찜기 VG-EG2503,https://www.nonghyupmall.com/BC14010R/viewDetailPage.nh?wrsC=0039482183,계란,계란,비타그램,,
농협몰,0039485111,꼬소당 우리쌀 버터 촉촉 소금빵 225g(3개입) 3세트,https://www.nonghyupmall.com/BC14010R/viewDetailPage.nh?wrsC=0039485111,버터,버터,꼬소당,3,개입
농협몰,0039487823,[건국유업] 건국멸균우유 200ml x 48팩(2박스),https://www.nonghyupmall.com/BC14010R/viewDetailPage.nh?wrsC=0039487823,우유,우유,건국유업,48,팩
농협몰,0039487865,서울우유 아침에주스 미니 사과주스 100ml 30팩,https://www.nonghyupmall.com/BC14010R/viewDetailPage.nh?wrsC=0039487865,우유,우유,서울우유,30,팩
농협몰,0039488446,애경 립바이브 슈가밤 쉐어버터 인텐스 4.8g x 2개,https://www.nonghyupmall.com/BC14010R/viewDetailPage.nh?wrsC=0039488446,버터,버터,애경,2,개
농협몰,0039488529,캐리어 인버터 스탠드 냉난방기 X ESQD181XAWWSD 냉58.5㎡/43.9㎡/실외기포함,https://www.nonghyupmall.com/BC14010R/viewDetailPage.nh?wrsC=0039488529,버터,버터,캐리어,,
농협몰,0039488532,캐리어 인버터 스탠드 냉난방기 A ESQC181AAWWSD 냉58.5㎡/난43.9㎡/실외기포함,https://www.nonghyupmall.com/BC14010R/viewDetailPage.nh?wrsC=0039488532,버터,버터,캐리어,,
농협몰,0039489113,[팜프레쉬] 유기농 그릭요거트 가당 300g 1개,https://www.nonghyupmall.com/BC14010R/viewDetailPage.nh?wrsC=0039489113,버터,버터,팜프레쉬,1,개
농협몰,0039491907,[올가] [NEW]ORGA 유기농 땅콩버터 크리미 220g x 2개,https://www.nonghyupmall.com/BC14010R/viewDetailPage.nh?wrsC=0039491907,버터,버터,올가,2,개
농협몰,0039494005,[HC해피콜]버던트 티타늄 IH 계란말이팬,https://www.nonghyupmall.com/BC14010R/viewDetailPage.nh?wrsC=0039494005,계란,계란,HC해피콜,,
농협몰,0039498643,가니 A6769 099 애니멀 그래픽 버터플라이 로고 카드지갑,https://www.nonghyupmall.com/BC14010R/viewDetailPage.nh?wrsC=0039498643,버터,버터,가니,,
농협몰,0039499451,가니 A6541 943 레오파드 버터플라이 로고 카드지갑,https://www.nonghyupmall.com/BC14010R/viewDetailPage.nh?wrsC=0039499451,버터,버터,가니,,
농협몰,0039499563,가니 T3900 868 이솔리 버터플라이 로고 여성 후드티,https://www.nonghyupmall.com/BC14010R/viewDetailPage.nh?wrsC=0039499563,버터,버터,가니,,
농협몰,0039501446,팩세이프 20405138 시티세이프 CX 컨버터블 크로스백 가방 백팩 가방,https://www.nonghyupmall.com/BC14010R/viewDetailPage.nh?wrsC=0039501446,버터,버터,팩세이프,,
농협몰,0039502692,"[HC해피콜]버던트 티타늄 IH 프라이팬 5종A(프라이팬20,28,계란말이팬,궁중팬28,유리뚜껑28)",https://www.nonghyupmall.com/BC14010R/viewDetailPage.nh?wrsC=0039502692,계란,계란,HC해피콜,,
농협몰,0039503257,매일유업 멸균 오리지널 200ml*48입,https://www.nonghyupmall.com/BC14010R/viewDetailPage.nh?wrsC=0039503257,우유,우유,매일유업,48,입
농협몰,0039504474,비비고 육즙가득 떡갈비 360g x2개+계란옷입은 고기완자 480g x2개,https://www.nonghyupmall.com/BC14010R/viewDetailPage.nh?wrsC=0039504474,계란,계란,비비고,2,개
농협몰,0039506975,"[농할가15,120원][성원] 동물복지 유정란 30구",https://www.nonghyupmall.com/BC14010R/viewDetailPage.nh?wrsC=0039506975,계란,계란,"농할가15,120원",30,구
농협몰,0039507150,밸런스밀 프로틴바 피넛버터 34g 12입 x1개,https://www.nonghyupmall.com/BC14010R/viewDetailPage.nh?wrsC=0039507150,버터,버터,밸런스밀,1,개
농협몰,0039516242,미각기행 달콤 고소한 풍미를 가득 품은 우리밀 앙버터 호두과자 23g x10개입(파우치형),https://www.nonghyupmall.com/BC14010R/viewDetailPage.nh?wrsC=0039516242,버터,버터,미각기행,10,개입
농협몰,0039519209,동원 양반 비빔드밥 갈릭버터 스테이크 솥밥 420g 5개,https://www.nonghyupmall.com/BC14010R/viewDetailPage.nh?wrsC=0039519209,버터,버터,동원,5,개
농협몰,0039520272,[푸른들마켓][해표] 전남신안 천일염3kg,https://www.nonghyupmall.com/BC14010R/viewDetailPage.nh?wrsC=0039520272,설탕,설탕,푸른들마켓,3000,g
농협몰,0039522830,"맛있는우유GT 멸균 초코,딸기 190ml X 24팩,48팩",https://www.nonghyupmall.com/BC14010R/viewDetailPage.nh?wrsC=0039522830,우유,우유,맛있는우유GT,48,팩
농협몰,0039529505,[양계장사람들] 무항생제 왕란 90구,https://www.nonghyupmall.com/BC14010R/viewDetailPage.nh?wrsC=0039529505,계란,계란,양계장사람들,90,구
농협몰,0039529518,[양계장사람들] 무항생제 특란 60구,https://www.nonghyupmall.com/BC14010R/viewDetailPage.nh?wrsC=0039529518,계란,계란,양계장사람들,60,구
농협몰,0039529662,미각제빵소 버터쫀떡빵2입*4봉,https://www.nonghyupmall.com/BC14010R/viewDetailPage.nh?wrsC=0039529662,버터,버터,미각제빵소,4,봉
농협몰,0039534541,[파파에그] 실리콘 냄비 찜기 푸드팩 7PCS,https://www.nonghyupmall.com/BC14010R/viewDetailPage.nh?wrsC=0039534541,계란,계란,파파에그,,
농협몰,0039536815,찰떡아이스 옥수수 크림치즈x6+소금우유 카라멜x6,https://www.nonghyupmall.com/BC14010R/viewDetailPage.nh?wrsC=0039536815,우유,우유,찰떡아이스,,
농협몰,0039539009,"[농할가13,760원][성원] 선비란 무항생제 특란 30구",https://www.nonghyupmall.com/BC14010R/viewDetailPage.nh?wrsC=0039539009,계란,계란,"농할가13,760원",30,구
농협몰,0039546393,백설 파스타소스 크림 3종 세트 총 6개(베이컨머쉬룸 2개+콰트로치즈 2개+트러플버터 2개),https://www.nonghyupmall.com/BC14010R/viewDetailPage.nh?wrsC=0039546393,버터,버터,백설,2,개
농협몰,0039547875,[동원] 덴마크 대니쉬 The건강한 우유 200mL 24개,https://www.nonghyupmall.com/BC14010R/viewDetailPage.nh?wrsC=0039547875,우유,우유,동원,24,개
농협몰,0039549293,CP컴퍼니 18CMSS024A 005086W 999 다이애그널 렌즈 와펜 남성 후드티,https://www.nonghyupmall.com/BC14010R/viewDetailPage.nh?wrsC=0039549293,계란,계란,CP컴퍼니,,
농협몰,0039551988,국산 서리태 콩물 1L 2병,https://www.nonghyupmall.com/BC14010R/viewDetailPage.nh?wrsC=0039551988,우유,우유,국산,1000,ml
농협몰,0039553517,[쿠비녹스] 스테인레스 2단 계란찜기 (CX-253EG),https://www.nonghyupmall.com/BC14010R/viewDetailPage.nh?wrsC=0039553517,계란,계란,쿠비녹스,,
농협몰,0039554594,밸런스밀 프로틴바 단백질바 말차초코 4입 x2개+피넛버터 4입 x2개+초코 4입 x2개(총 24개),https://www.nonghyupmall.com/BC14010R/viewDetailPage.nh?wrsC=0039554594,버터,버터,밸런스밀,24,개
농협몰,1000373802,[BUTTERFLY] 버터플라이 드라이버(Driver)3000 + 탁구공 2개,https://www.nonghyupmall.com/BC14010R/viewDetailPage.nh?wrsC=1000373802,버터,버터,BUTTERFLY,2,개
농협몰,1000900783,속이노란 붉은 햇 홍감자(대) 3kg/5kg/10kg,https://www.nonghyupmall.com/BC14010R/viewDetailPage.nh?wrsC=1000900783,계란,계란,속이노란,10000,g
농협몰,1012460853,[인정란] 부드러움을 인정한 촉촉한 반숙계란 30구 x 2판,https://www.nonghyupmall.com/BC14010R/viewDetailPage.nh?wrsC=1012460853,계란,계란,인정란,30,구
농협몰,1014006077,삼손푸드 황토에 직접구운 알카리소금 2kg(김장용),https://www.nonghyupmall.com/BC14010R/viewDetailPage.nh?wrsC=1014006077,설탕,설탕,삼손푸드,2000,g
농협몰,1014033426,삼손푸드 황토소금으로 만든 오디소금 120g,https://www.nonghyupmall.com/BC14010R/viewDetailPage.nh?wrsC=1014033426,설탕,설탕,삼손푸드,120,g
농협몰,1023666510,[홈앤하우스] 프리모 3단조절 양념병 라인형 2P,https://www.nonghyupmall.com/BC14010R/viewDetailPage.nh?wrsC=1023666510,설탕,설탕,홈앤하우스,,
농협몰,1025134367,창평쌀조청 1kg / 조청쌀엿 설탕물엿보다 깊은단맛,https://www.nonghyupmall.com/BC14010R/viewDetailPage.nh?wrsC=1025134367,설탕,설탕,창평쌀조청,1000,g
농협몰,1025134466,창평쌀조청 5kg / 조청쌀엿 설탕물엿보다 깊은단맛,https://www.nonghyupmall.com/BC14010R/viewDetailPage.nh?wrsC=1025134466,설탕,설탕,창평쌀조청,5000,g
농협몰,1026280487,[미소드림] 자연방사 유정란으로 만든 구운란 30구 /구운계란,https://www.nonghyupmall.com/BC14010R/viewDetailPage.nh?wrsC=1026280487,계란,계란,미소드림,30,구
농협몰,1028642979,[온도씨] 하루한알 쫄깃한 구운란 한판 30구 (M),https://www.nonghyupmall.com/BC14010R/viewDetailPage.nh?wrsC=1028642979,계란,계란,온도씨,30,구
농협몰,1028643055,[온도씨] 하루한알 촉촉한 반숙란 두판 30구+30구 총 60구 (L),https://www.nonghyupmall.com/BC14010R/viewDetailPage.nh?wrsC=1028643055,계란,계란,온도씨,60,구
농협몰,1028643071,[온도씨] 하루한알 구운란 한판 30구(M)+반숙란 한판 30구(L),https://www.nonghyupmall.com/BC14010R/viewDetailPage.nh?wrsC=1028643071,계란,계란,온도씨,30,구
농협몰,1028643084,[온도씨] 하루한알 구운란 한판 30구(L)+반숙란 한판 30구(L),https://www.nonghyupmall.com/BC14010R/viewDetailPage.nh?wrsC=1028643084,계란,계란,온도씨,30,구
농협몰,1028917835,뺑콩플레 100% 통밀빵 1kg ( 샌드위치빵 통밀식빵 치아바타 모닝빵 깜빠뉴 비건빵 저염 무설탕 저칼로리 프로틴 단백질 식빵 ),https://www.nonghyupmall.com/BC14010R/viewDetailPage.nh?wrsC=1028917835,설탕,설탕,뺑콩플레,1000,g
농협몰,1029612575,[인산죽염] 9회인산자죽염 고체 1kg,https://www.nonghyupmall.com/BC14010R/viewDetailPage.nh?wrsC=1029612575,설탕,설탕,인산죽염,1000,g
농협몰,1030222785,구운계란 20구+반숙란 20구,https://www.nonghyupmall.com/BC14010R/viewDetailPage.nh?wrsC=1030222785,계란,계란,구운계란,20,구
농협몰,1030222800,군계란(30알)+반숙란(30알),https://www.nonghyupmall.com/BC14010R/viewDetailPage.nh?wrsC=1030222800,계란,계란,군계란(30알)+반숙란(30알),,
농협몰,1030299354,와포햇살 통들깨 300g,https://www.nonghyupmall.com/BC14010R/viewDetailPage.nh?wrsC=1030299354,설탕,설탕,와포햇살,300,g
농협몰,1033404009,[생산직송] 풀무원 꼬마나또 30팩(김조림/버터간장) 골라담기,https://www.nonghyupmall.com/BC14010R/viewDetailPage.nh?wrsC=1033404009,버터,버터,생산직송,30,팩
농협몰,1034547329,두레촌 강봉석 브라운 조청설탕 400g,https://www.nonghyupmall.com/BC14010R/viewDetailPage.nh?wrsC=1034547329,설탕,설탕,두레촌,400,g
농협몰,1034914651,"[농협식품] 계란찜 요리사 60g(국산새우 액젓소스 10g*5개, 대파와 당근 2g*5개)",https://www.nonghyupmall.com/BC14010R/viewDetailPage.nh?wrsC=1034914651,계란,계란,농협식품,5,개
농협몰,1036068604,스키피 크런치 땅콩버터 1.36kg x 2,https://www.nonghyupmall.com/BC14010R/viewDetailPage.nh?wrsC=1036068604,버터,버터,스키피,1360.00,g
농협몰,1036156701,삼립 100% 우유로만 반죽한 순우유와플 10입 2팩,https://www.nonghyupmall.com/BC14010R/viewDetailPage.nh?wrsC=1036156701,우유,우유,삼립,2,팩
농협몰,1036182454,[임실치즈농협] 구워먹는치즈,https://www.nonghyupmall.com/BC14010R/viewDetailPage.nh?wrsC=1036182454,버터,버터,임실치즈농협,,
농협몰,1036201944,어메이징 오트 커피 330ML(12개입),https://www.nonghyupmall.com/BC14010R/viewDetailPage.nh?wrsC=1036201944,우유,우유,어메이징,12,개입
농협몰,1036417075,백설 강력 밀가루 2.5kg x2개,https://www.nonghyupmall.com/BC14010R/viewDetailPage.nh?wrsC=1036417075,밀가루,밀가루,백설,2,개
농협몰,1036441298,백설 명품 천일염 오천년의 신비 가는입자 소금 250g x12개,https://www.nonghyupmall.com/BC14010R/viewDetailPage.nh?wrsC=1036441298,설탕,설탕,백설,12,개
농협몰,1036441313,백설 명품 천일염 오천년의 신비 굵은입자 소금 1kg x5개,https://www.nonghyupmall.com/BC14010R/viewDetailPage.nh?wrsC=1036441313,설탕,설탕,백설,5,개
농협몰,1036441326,백설 맛소금 250g x20개,https://www.nonghyupmall.com/BC14010R/viewDetailPage.nh?wrsC=1036441326,설탕,설탕,백설,20,개
농협몰,1036441342,백설 맛소금 1kg x5개,https://www.nonghyupmall.com/BC14010R/viewDetailPage.nh?wrsC=1036441342,설탕,설탕,백설,5,개
농협몰,1036441764,백설 브라운 자일로스 설탕 5kg x4개,https://www.nonghyupmall.com/BC14010R/viewDetailPage.nh?wrsC=1036441764,설탕,설탕,백설,4,개
농협몰,1036441777,백설 갈색설탕 3kg x2개,https://www.nonghyupmall.com/BC14010R/viewDetailPage.nh?wrsC=1036441777,설탕,설탕,백설,2,개
농협몰,1036441793,백설 흑설탕 1kg x2개,https://www.nonghyupmall.com/BC14010R/viewDetailPage.nh?wrsC=1036441793,설탕,설탕,백설,2,개
농협몰,1036442543,백설 허브맛솔트 와인&버터 40g x6개,https://www.nonghyupmall.com/BC14010R/viewDetailPage.nh?wrsC=1036442543,버터,버터,백설,6,개
농협몰,1036513133,예천 화건 고춧가루 보통맛 500gx2,https://www.nonghyupmall.com/BC14010R/viewDetailPage.nh?wrsC=1036513133,설탕,설탕,예천,500,g
농협몰,1036513261,3년숙성 천일염 마늘소금 450gx5,https://www.nonghyupmall.com/BC14010R/viewDetailPage.nh?wrsC=1036513261,설탕,설탕,3년숙성,450,g
농협몰,1036513274,3년숙성 천일염 가는소금 500gx5팩,https://www.nonghyupmall.com/BC14010R/viewDetailPage.nh?wrsC=1036513274,설탕,설탕,3년숙성,5,팩
농협몰,1036810373,[한국양계농협]목계촌 최우수등급판정 1+등급란 계란 대란 30입 (15입*2팩),https://www.nonghyupmall.com/BC14010R/viewDetailPage.nh?wrsC=1036810373,계란,계란,한국양계농협,2,팩
농협몰,1037765704,[임실치즈농협] 선물세트 스모크특호,https://www.nonghyupmall.com/BC14010R/viewDetailPage.nh?wrsC=1037765704,버터,버터,임실치즈농협,,
농협몰,1037766062,[임실치즈농협] 체다 슬라이스치즈,https://www.nonghyupmall.com/BC14010R/viewDetailPage.nh?wrsC=1037766062,버터,버터,임실치즈농협,,
농협몰,1038192253,햇반 쿡반 주먹밥 500g 불고기 x1개+버터장조림 x1개+김치치즈 x1개+스팸김치 x1개+참치마요 x1개,https://www.nonghyupmall.com/BC14010R/viewDetailPage.nh?wrsC=1038192253,버터,버터,햇반,1,개
농협몰,1039095980,보만 2단 계란찜기 EB7210WG,https://www.nonghyupmall.com/BC14010R/viewDetailPage.nh?wrsC=1039095980,계란,계란,보만,,
농협몰,1039132021,위니아AID 클라쎄 120리터 컨버터블 미니 스탠드형김치냉장고 1도어 KAE112SSM4MSV(AK),https://www.nonghyupmall.com/BC14010R/viewDetailPage.nh?wrsC=1039132021,버터,버터,위니아AID,,
농협몰,1039234161,신안명인소금 & 히말라야 핑크솔트 8종 세트,https://www.nonghyupmall.com/BC14010R/viewDetailPage.nh?wrsC=1039234161,설탕,설탕,신안명인소금,,
농협몰,1039237102,"로이첸 윈닥스 IH스터닝 직사각 에그팬 25cm (인덕션,가스레인지,하이라이트 사용 가능)",https://www.nonghyupmall.com/BC14010R/viewDetailPage.nh?wrsC=1039237102,계란,계란,로이첸,,
농협몰,1039271098,1등급 무항생제 유정란 계란 달걀 대란 30구/40구/60구 HACCP인증,https://www.nonghyupmall.com/BC14010R/viewDetailPage.nh?wrsC=1039271098,계란,계란,1등급,60,구
농협몰,1039274224,천연한끼 해양심층수 버섯소금 200g 한생원,https://www.nonghyupmall.com/BC14010R/viewDetailPage.nh?wrsC=1039274224,설탕,설탕,천연한끼,200,g
농협몰,1039276134,라벨영 쇼킹비타민우유미백크림 55gx2개 톤업 비타밀크토닝,https://www.nonghyupmall.com/BC14010R/viewDetailPage.nh?wrsC=1039276134,우유,우유,라벨영,2,개
농협몰,1039277067,민속주왕주 남상란명인 40도 700ml 일반증류주,https://www.nonghyupmall.com/BC14010R/viewDetailPage.nh?wrsC=1039277067,계란,계란,민속주왕주,700,ml
농협몰,1039302330,[빙그레] 따옴 유기농주스 120ml 3종 24팩,https://www.nonghyupmall.com/BC14010R/viewDetailPage.nh?wrsC=1039302330,우유,우유,빙그레,24,팩
농협몰,1039303263,서울우유 속편한우유 플러스 저지방 190mlx24개,https://www.nonghyupmall.com/BC14010R/viewDetailPage.nh?wrsC=1039303263,우유,우유,서울우유,24,개
농협몰,1039303502,서울우유 멸균우유+초코우유+딸기우유(각8개씩 총24입) 200ml,https://www.nonghyupmall.com/BC14010R/viewDetailPage.nh?wrsC=1039303502,우유,우유,서울우유,200,ml
농협몰,1039307025,[바로바로팜] 대상맛소금500G,https://www.nonghyupmall.com/BC14010R/viewDetailPage.nh?wrsC=1039307025,설탕,설탕,바로바로팜,500,g
농협몰,1039311943,서울우유 클릭유 1A등급 우유 180mlx48개,https://www.nonghyupmall.com/BC14010R/viewDetailPage.nh?wrsC=1039311943,우유,우유,서울우유,48,개
농협몰,1039343610,맷돌로 갈아 만든 100% 국내산 서리태 콩물 1000ml,https://www.nonghyupmall.com/BC14010R/viewDetailPage.nh?wrsC=1039343610,버터,버터,맷돌로,1000,ml
농협몰,1039343623,맷돌로 갈아 만든 100% 국내산 반반콩물(백태1000ml+서리태1000ml) 총 2병,https://www.nonghyupmall.com/BC14010R/viewDetailPage.nh?wrsC=1039343623,버터,버터,맷돌로,1000,ml
농협몰,1039373943,라벨영 쇼킹찐영양클렌징샴푸액 500mlx5개 와인+우유 발효영양으로 두피모발 토탈케어,https://www.nonghyupmall.com/BC14010R/viewDetailPage.nh?wrsC=1039373943,우유,우유,라벨영,5,개
농협몰,1039376111,크레잇 계란옷 분홍 소세지전 1kg x3개,https://www.nonghyupmall.com/BC14010R/viewDetailPage.nh?wrsC=1039376111,계란,계란,크레잇,3,개
농협몰,1039382556,햇반 쿡반 볶음밥 계란 400g x2개+김치 400g x2개+새우 420g x2개 (총 12인분),https://www.nonghyupmall.com/BC14010R/viewDetailPage.nh?wrsC=1039382556,계란,계란,햇반,2,개
농협몰,1039382783,비비고 계란옷입은 고기완자 480g x3개+도톰 동그랑땡 340g x1개,https://www.nonghyupmall.com/BC14010R/viewDetailPage.nh?wrsC=1039382783,계란,계란,비비고,1,개
농협몰,1039393561,서울우유 유기농우유 딸기 120mlx32개,https://www.nonghyupmall.com/BC14010R/viewDetailPage.nh?wrsC=1039393561,우유,우유,서울우유,32,개
농협몰,1039397039,[감동란]간이배어 있는 촉촉한 동물복지란 반숙계란 15개입,https://www.nonghyupmall.com/BC14010R/viewDetailPage.nh?wrsC=1039397039,계란,계란,감동란,15,개입
농협몰,1039402601,그라인더 시즈닝세트(3종),https://www.nonghyupmall.com/BC14010R/viewDetailPage.nh?wrsC=1039402601,설탕,설탕,그라인더,,
농협몰,1039410844,[홈쇼핑히트] AGK 스빙 마스터 오토 슬라이서,https://www.nonghyupmall.com/BC14010R/viewDetailPage.nh?wrsC=1039410844,계란,계란,홈쇼핑히트,,
농협몰,1039424861,"글루텐 프리 저당 무설탕 비건 간식 망개쌀보리칩 _단품 쌀과자 4종(망개잎맛, 자색고구마맛, 단호박맛, 고추맛 내용량 50g)",https://www.nonghyupmall.com/BC14010R/viewDetailPage.nh?wrsC=1039424861,설탕,설탕,글루텐,50,g
농협몰,1039428582,캐리어 인버터 벽걸이 에어컨EARB-0131FAWSD,https://www.nonghyupmall.com/BC14010R/viewDetailPage.nh?wrsC=1039428582,버터,버터,캐리어,,
농협몰,1039430235,하먼 리코타치즈,https://www.nonghyupmall.com/BC14010R/viewDetailPage.nh?wrsC=1039430235,버터,버터,하먼,,
농협몰,1039433586,참미소 유기농 쌀눈귀리칩스 30g 기름없이 열풍으로 구운 건강 간식 무설탕 무색소 무감미료 저지방 저칼로리 저당 비건 글루텐프리,https://www.nonghyupmall.com/BC14010R/viewDetailPage.nh?wrsC=1039433586,설탕,설탕,참미소,30,g
농협몰,1039487864,서울우유 아침에주스 미니 사과주스 100ml 20팩,https://www.nonghyupmall.com/BC14010R/viewDetailPage.nh?wrsC=1039487864,우유,우유,서울우유,20,팩
농협몰,1039489125,[팜프레쉬] 흔들어 마시는 요거트 180g 5개,https://www.nonghyupmall.com/BC14010R/viewDetailPage.nh?wrsC=1039489125,버터,버터,팜프레쉬,5,개
농협몰,1039489310,[LG전자/MW23GD.스마트 인버터 전자레인지 / 23L,https://www.nonghyupmall.com/BC14010R/viewDetailPage.nh?wrsC=1039489310,버터,버터,[LG전자/MW23GD.스마트,23000,ml
농협몰,1039491906,[올가] [NEW]ORGA 유기농 땅콩버터 크런치 220g x 2개,https://www.nonghyupmall.com/BC14010R/viewDetailPage.nh?wrsC=1039491906,버터,버터,올가,2,개
농협몰,1039495755,데우스엑스마키나 DMP251001B VWH (The Egg) 더 에그 남성 반팔티,https://www.nonghyupmall.com/BC14010R/viewDetailPage.nh?wrsC=1039495755,계란,계란,데우스엑스마키나,,
농협몰,1039499588,가니 T3956 135 버터플라이 로고 쇼츠 여성 반바지,https://www.nonghyupmall.com/BC14010R/viewDetailPage.nh?wrsC=1039499588,버터,버터,가니,,
농협몰,1039502406,구찌 760170 AACPY 1000 블론디 GG 다이애그널 스티치 미니 숄더백,https://www.nonghyupmall.com/BC14010R/viewDetailPage.nh?wrsC=1039502406,계란,계란,구찌,,
농협몰,1039502691,"[HC해피콜]버던트 티타늄 IH 프라이팬 4종C(프라이팬20,28,계란말이팬,궁중팬28)",https://www.nonghyupmall.com/BC14010R/viewDetailPage.nh?wrsC=1039502691,계란,계란,HC해피콜,,
농협몰,1039503269,내츄럴플러스 유기농 토마토즙 100 15포 4박스 / 스페인 완숙 토마토 무설탕 과일즙,https://www.nonghyupmall.com/BC14010R/viewDetailPage.nh?wrsC=1039503269,설탕,설탕,내츄럴플러스,,
농협몰,1039503719,셀린느 CL40226U 01F 트리옹프 06 버터플라이 아시안 핏 선글라스,https://www.nonghyupmall.com/BC14010R/viewDetailPage.nh?wrsC=1039503719,버터,버터,셀린느,,
농협몰,1039504134,[애월아빠들] 난각2번 제주 무항생제 구엄닭 토종 유정란 20구 40구,https://www.nonghyupmall.com/BC14010R/viewDetailPage.nh?wrsC=1039504134,계란,계란,애월아빠들,40,구
농협몰,1039507146,밸런스밀 프로틴 쉐이크 45g(귀리 5개+견과 5개+카카오 5개)+피넛버터 34g 12개,https://www.nonghyupmall.com/BC14010R/viewDetailPage.nh?wrsC=1039507146,버터,버터,밸런스밀,12,개
농협몰,1039507456,[애월아빠들] 제주 동물복지 무항생제 제주품은 유정란 40구,https://www.nonghyupmall.com/BC14010R/viewDetailPage.nh?wrsC=1039507456,계란,계란,애월아빠들,40,구
농협몰,1039508417,프레지덩 미니 포션 버터 (20개입 2박스),https://www.nonghyupmall.com/BC14010R/viewDetailPage.nh?wrsC=1039508417,버터,버터,프레지덩,20,개입
농협몰,1039512450,[도루코] 헤이즐 IH 계란말이팬 21cm,https://www.nonghyupmall.com/BC14010R/viewDetailPage.nh?wrsC=1039512450,계란,계란,도루코,,
농협몰,1039513169,CP컴퍼니 17CMSS141A 005086W 999 다이애그널 렌즈 와펜 익스플로러 남성 후드집업,https://www.nonghyupmall.com/BC14010R/viewDetailPage.nh?wrsC=1039513169,계란,계란,CP컴퍼니,,
농협몰,1039515446,파스퇴르 바른목장 우유 190mlX24개,https://www.nonghyupmall.com/BC14010R/viewDetailPage.nh?wrsC=1039515446,우유,우유,파스퇴르,24,개
농협몰,1039516241,미각기행 달콤 고소한 풍미를 가득 품은 우리쌀 앙버터 호두과자 23g x10개입(파우치형),https://www.nonghyupmall.com/BC14010R/viewDetailPage.nh?wrsC=1039516241,버터,버터,미각기행,10,개입
농협몰,1039519208,동원 양반 비빔드밥 갈릭버터 스테이크 솥밥 420g 3개,https://www.nonghyupmall.com/BC14010R/viewDetailPage.nh?wrsC=1039519208,버터,버터,동원,3,개
농협몰,1039525164,청정원 유기농흑설탕 454g,https://www.nonghyupmall.com/BC14010R/viewDetailPage.nh?wrsC=1039525164,설탕,설탕,청정원,454,g
농협몰,1039525870,가니 A1050172 151 버터플라이 로고 리브 탱크탑 여성 슬리브리스,https://www.nonghyupmall.com/BC14010R/viewDetailPage.nh?wrsC=1039525870,버터,버터,가니,,
농협몰,1039527623,[김도윤셰프]양파버터커리 140gx6팩,https://www.nonghyupmall.com/BC14010R/viewDetailPage.nh?wrsC=1039527623,버터,버터,김도윤셰프,6,팩
농협몰,1039529799,[전국기본설치포함] 캐리어 6 인버터 벽걸이 에어컨 TARB-0062GDWSD 5등급,https://www.nonghyupmall.com/BC14010R/viewDetailPage.nh?wrsC=1039529799,버터,버터,전국기본설치포함,62,g
농협몰,1039529801,[전국기본설치포함] 캐리어 인버터 벽걸이형 에어컨 10평 EARB-0102GDWSD 5등급,https://www.nonghyupmall.com/BC14010R/viewDetailPage.nh?wrsC=1039529801,버터,버터,전국기본설치포함,102,g
농협몰,1039533998,프레지덩 미니 포션 무염 버터 10g 100개(20개입 5박스),https://www.nonghyupmall.com/BC14010R/viewDetailPage.nh?wrsC=1039533998,버터,버터,프레지덩,20,개입
농협몰,1039535853,부산우유 샤인제로핏 150ml 24개입,https://www.nonghyupmall.com/BC14010R/viewDetailPage.nh?wrsC=1039535853,우유,우유,부산우유,24,개입
농협몰,1039536814,현대 큐밍 컨버터블김치냉장고 120리터 QKAC12TSM5MY 본사직배설치,https://www.nonghyupmall.com/BC14010R/viewDetailPage.nh?wrsC=1039536814,버터,버터,현대,,
농협몰,1039536827,찰떡아이스 4종 12개 통팥x3+쿠앤크x3+옥수수x3+소금우유x3,https://www.nonghyupmall.com/BC14010R/viewDetailPage.nh?wrsC=1039536827,우유,우유,찰떡아이스,12,개
농협몰,1039543728,[쿠비녹스] 스테인레스 2단 계란찜기 (CX-253EG),https://www.nonghyupmall.com/BC14010R/viewDetailPage.nh?wrsC=1039543728,계란,계란,쿠비녹스,,
농협몰,1039544804,필라델피아 크림치즈 포션 허브 16.67g 6팩 (36개),https://www.nonghyupmall.com/BC14010R/viewDetailPage.nh?wrsC=1039544804,버터,버터,필라델피아,36,개
농협몰,1039546392,백설 파스타소스 Best 6종 세트(토마토+아라비아따+꽃게로제+알리오올리오+베이컨머쉬룸+트러플버터),https://www.nonghyupmall.com/BC14010R/viewDetailPage.nh?wrsC=1039546392,버터,버터,백설,,
농협몰,1039546404,백설 파스타소스 미트토마토 430g x3개+트러플버터크림 430g x3개,https://www.nonghyupmall.com/BC14010R/viewDetailPage.nh?wrsC=1039546404,버터,버터,백설,3,개
농협몰,1039546417,백설 파스타소스 콰트로치즈크림 430g x2개+트러플버터크림 430g x2개,https://www.nonghyupmall.com/BC14010R/viewDetailPage.nh?wrsC=1039546417,버터,버터,백설,2,개
농협몰,1039546970,CP컴퍼니 RCCMSS715A 005086W 999 다이애그널 고글 와펜 남성 후드집업,https://www.nonghyupmall.com/BC14010R/viewDetailPage.nh?wrsC=1039546970,계란,계란,CP컴퍼니,,
농협몰,1039549289,CP컴퍼니 18CMSS023A 005086W 888 다이애그널 렌즈 와펜 남성 맨투맨,https://www.nonghyupmall.com/BC14010R/viewDetailPage.nh?wrsC=1039549289,계란,계란,CP컴퍼니,,
농협몰,1039549809,라미 4024760 공용 컨버터,https://www.nonghyupmall.com/BC14010R/viewDetailPage.nh?wrsC=1039549809,버터,버터,라미,,
농협몰,1039551987,국산 흑임자 콩물 1L 2병,https://www.nonghyupmall.com/BC14010R/viewDetailPage.nh?wrsC=1039551987,우유,우유,국산,1000,ml
농협몰,1039555497,(양재점) 크라운 뽀또체다치즈버터 맛,https://www.nonghyupmall.com/BC14010R/viewDetailPage.nh?wrsC=1039555497,버터,버터,(양재점),,
농협몰,1039556599,(양재점) 큐원 하얀설탕 * 1kg,https://www.nonghyupmall.com/BC14010R/viewDetailPage.nh?wrsC=1039556599,설탕,설탕,(양재점),1000,g
농협몰,1039558339,[티칸네] 루이보스 티 4종 컬렉션,https://www.nonghyupmall.com/BC14010R/viewDetailPage.nh?wrsC=1039558339,우유,우유,티칸네,,
농협몰,1039562400,백설 하얀설탕 4.5kg x 2,https://www.nonghyupmall.com/BC14010R/viewDetailPage.nh?wrsC=1039562400,설탕,설탕,백설,4500.0,g
농협몰,2000706656,나비골농협 우리밀가루 1kg,https://www.nonghyupmall.com/BC14010R/viewDetailPage.nh?wrsC=2000706656,밀가루,밀가루,나비골농협,1000,g
농협몰,2000900779,속이노란 붉은 햇 홍감자(특) 3kg/5kg/10kg,https://www.nonghyupmall.com/BC14010R/viewDetailPage.nh?wrsC=2000900779,계란,계란,속이노란,10000,g
농협몰,2000900782,"속이노란 붉은 햇 홍감자(왕특) 3kg,5kg,10kg",https://www.nonghyupmall.com/BC14010R/viewDetailPage.nh?wrsC=2000900782,계란,계란,속이노란,10000,g
농협몰,2012707436,[인정란]부드러움을 인정한 촉촉한 반숙계란 10구 x 2줄,https://www.nonghyupmall.com/BC14010R/viewDetailPage.nh?wrsC=2012707436,계란,계란,인정란,10,구
농협몰,2021517318,냉동 허니버터브레드 10입 1봉,https://www.nonghyupmall.com/BC14010R/viewDetailPage.nh?wrsC=2021517318,버터,버터,냉동,1,봉
농협몰,2022769372,무항생제 인증 창녕 우포 계란 60구 /옵션선택,https://www.nonghyupmall.com/BC14010R/viewDetailPage.nh?wrsC=2022769372,계란,계란,무항생제,60,구
농협몰,2026280457,[미소드림] 난각번호 1번 자연방사 유정란 30구/계란/달걀,https://www.nonghyupmall.com/BC14010R/viewDetailPage.nh?wrsC=2026280457,계란,계란,미소드림,30,구
농협몰,2027457625,[음성장터] 신선하고 맛있는 계란 중란/대란 2판(60알),https://www.nonghyupmall.com/BC14010R/viewDetailPage.nh?wrsC=2027457625,계란,계란,음성장터,,
농협몰,2028359870,유로베이크 냉동빵 우유크림카스테라 120g X 8봉,https://www.nonghyupmall.com/BC14010R/viewDetailPage.nh?wrsC=2028359870,우유,우유,유로베이크,8,봉
농협몰,2028918051,시골빵 깜빠뉴 통밀빵710g ( 샌드위치빵 모닝빵 건강식 비건 저염 무설탕 저칼로리 호밀 키토 프로틴 단백질 저탄수 식빵 ),https://www.nonghyupmall.com/BC14010R/viewDetailPage.nh?wrsC=2028918051,설탕,설탕,시골빵,710,g
농협몰,2029613960,[인산죽염] 3회 인산죽염 분말 300g,https://www.nonghyupmall.com/BC14010R/viewDetailPage.nh?wrsC=2029613960,설탕,설탕,인산죽염,300,g
농협몰,2029813911,소화가잘되는우유식빵 420g 5봉,https://www.nonghyupmall.com/BC14010R/viewDetailPage.nh?wrsC=2029813911,우유,우유,소화가잘되는우유식빵,5,봉
농협몰,2030182529,이제부터 설탕없는 진짜 도라지진액 1LX2,https://www.nonghyupmall.com/BC14010R/viewDetailPage.nh?wrsC=2030182529,설탕,설탕,이제부터,1000,ml
농협몰,2030182532,이제부터 설탕없는 진짜 생강진액 1LX1,https://www.nonghyupmall.com/BC14010R/viewDetailPage.nh?wrsC=2030182532,설탕,설탕,이제부터,1000,ml
농협몰,2030222797,구운계란 30구,https://www.nonghyupmall.com/BC14010R/viewDetailPage.nh?wrsC=2030222797,계란,계란,구운계란,30,구
농협몰,2030295489,순메밀가루 1kgx4,https://www.nonghyupmall.com/BC14010R/viewDetailPage.nh?wrsC=2030295489,밀가루,밀가루,순메밀가루,1000,g
농협몰,2030299353,와포햇살 통들깨 300gx2,https://www.nonghyupmall.com/BC14010R/viewDetailPage.nh?wrsC=2030299353,설탕,설탕,와포햇살,300,g
농협몰,2034445725,[유니맥스] 다용도 2단 계란 찜기 UM-EDG2135,https://www.nonghyupmall.com/BC14010R/viewDetailPage.nh?wrsC=2034445725,계란,계란,유니맥스,,
농협몰,2035173391,[희나리목장] 쫀득쫀득 고소한 구워먹는 수제 할루미치즈 200gx2ea,https://www.nonghyupmall.com/BC14010R/viewDetailPage.nh?wrsC=2035173391,버터,버터,희나리목장,200,g
농협몰,2036156656,얌!(YAAM!) 쫀득 버터바 4입 1박스/2박스,https://www.nonghyupmall.com/BC14010R/viewDetailPage.nh?wrsC=2036156656,버터,버터,얌!(YAAM!),4,입
농협몰,2036156739,삼립 폭신폭신 에그볼 클래식 230g 5봉,https://www.nonghyupmall.com/BC14010R/viewDetailPage.nh?wrsC=2036156739,계란,계란,삼립,5,봉
농협몰,2036177181,상하목장 유기농 백색우유125ml(24개입),https://www.nonghyupmall.com/BC14010R/viewDetailPage.nh?wrsC=2036177181,우유,우유,상하목장,24,개입
농협몰,2036182552,[임실치즈농협] 모짜렐라 슬라이스치즈,https://www.nonghyupmall.com/BC14010R/viewDetailPage.nh?wrsC=2036182552,버터,버터,임실치즈농협,,
농협몰,2036201480,상하목장 유기농 바나나 우유125ml(24개입),https://www.nonghyupmall.com/BC14010R/viewDetailPage.nh?wrsC=2036201480,우유,우유,상하목장,24,개입
농협몰,2036441297,백설 명품 천일염 오천년의 신비 굵은입자 소금 1kg x8개,https://www.nonghyupmall.com/BC14010R/viewDetailPage.nh?wrsC=2036441297,설탕,설탕,백설,8,개
농협몰,2036441309,백설 천일염 허브맛솔트 순한맛 50g x6개,https://www.nonghyupmall.com/BC14010R/viewDetailPage.nh?wrsC=2036441309,설탕,설탕,백설,6,개
농협몰,2036441312,백설 명품 천일염 오천년의 신비 굵은입자 소금 3kg x2개,https://www.nonghyupmall.com/BC14010R/viewDetailPage.nh?wrsC=2036441312,설탕,설탕,백설,2,개
농협몰,2036441325,백설 맛소금 250g x40개,https://www.nonghyupmall.com/BC14010R/viewDetailPage.nh?wrsC=2036441325,설탕,설탕,백설,40,개
농협몰,2036441776,백설 유기농 갈색설탕 1kg x2개,https://www.nonghyupmall.com/BC14010R/viewDetailPage.nh?wrsC=2036441776,설탕,설탕,백설,2,개
농협몰,2036441789,백설 하얀설탕 1kg x2개,https://www.nonghyupmall.com/BC14010R/viewDetailPage.nh?wrsC=2036441789,설탕,설탕,백설,2,개
농협몰,2036441792,백설 흑설탕 1kg x5개,https://www.nonghyupmall.com/BC14010R/viewDetailPage.nh?wrsC=2036441792,설탕,설탕,백설,5,개
농협몰,2036442539,백설 와사비 디핑 솔트 50g x10개,https://www.nonghyupmall.com/BC14010R/viewDetailPage.nh?wrsC=2036442539,설탕,설탕,백설,10,개
농협몰,2036442542,백설 허브맛솔트 와인&버터 40g x10개,https://www.nonghyupmall.com/BC14010R/viewDetailPage.nh?wrsC=2036442542,버터,버터,백설,10,개
농협몰,2036513129,예천 화건 고춧가루 매운맛 500gx2,https://www.nonghyupmall.com/BC14010R/viewDetailPage.nh?wrsC=2036513129,설탕,설탕,예천,500,g
농협몰,2036513132,예천 화건 고춧가루 보통맛 500gx4,https://www.nonghyupmall.com/BC14010R/viewDetailPage.nh?wrsC=2036513132,설탕,설탕,예천,500,g
농협몰,2036513273,3년숙성 소금 선물용 3종SET 각200g 함초+톳+마늘,https://www.nonghyupmall.com/BC14010R/viewDetailPage.nh?wrsC=2036513273,설탕,설탕,3년숙성,200,g
농협몰,2036513286,3년묵은 굵은소금 천일염 5kg 지퍼백포장,https://www.nonghyupmall.com/BC14010R/viewDetailPage.nh?wrsC=2036513286,설탕,설탕,3년묵은,5000,g
농협몰,2036757714,[농협식품] 한우다시 1kg,https://www.nonghyupmall.com/BC14010R/viewDetailPage.nh?wrsC=2036757714,설탕,설탕,농협식품,1000,g
농협몰,2036808997,[UNIMAX] 유니맥스 다용도 2단 스텐 계란 찜기 UM-EGD2135,https://www.nonghyupmall.com/BC14010R/viewDetailPage.nh?wrsC=2036808997,계란,계란,UNIMAX,,
농협몰,2036836914,연세우유 세브란스 전용목장 A2단백 멸균우유 125ml 48팩,https://www.nonghyupmall.com/BC14010R/viewDetailPage.nh?wrsC=2036836914,우유,우유,연세우유,48,팩
농협몰,2036836927,연세우유 세브란스 전용목장 A2단백 멸균우유 125ml 96팩,https://www.nonghyupmall.com/BC14010R/viewDetailPage.nh?wrsC=2036836927,우유,우유,연세우유,96,팩
농협몰,2037845641,[임실치즈농협] 브런치 꾸러미,https://www.nonghyupmall.com/BC14010R/viewDetailPage.nh?wrsC=2037845641,버터,버터,임실치즈농협,,
농협몰,2037868002,미셀라 카제인 분리 우유 단백질 원물 프로틴 보충제 무맛 2kg,https://www.nonghyupmall.com/BC14010R/viewDetailPage.nh?wrsC=2037868002,우유,우유,미셀라,2000,g
농협몰,2038192252,햇반 쿡반 주먹밥 500g 불고기 x2개+버터장조림 x2개+김치치즈 x2개,https://www.nonghyupmall.com/BC14010R/viewDetailPage.nh?wrsC=2038192252,버터,버터,햇반,2,개
농협몰,2038301874,3년묵은 세척 가정용 천일염(고운입자)700g,https://www.nonghyupmall.com/BC14010R/viewDetailPage.nh?wrsC=2038301874,설탕,설탕,3년묵은,700,g
농협몰,2039095976,위즈웰 에그스팀 계란찜기 WSE-412,https://www.nonghyupmall.com/BC14010R/viewDetailPage.nh?wrsC=2039095976,계란,계란,위즈웰,,
농협몰,2039232346,달걀 후라이 머리 핀 헤어 악세사리 헤어핀 집게핀,https://www.nonghyupmall.com/BC14010R/viewDetailPage.nh?wrsC=2039232346,계란,계란,달걀,,
농협몰,2039232416,[온도씨] 하루한알 쫄깃한 구운란 한판 30구 (L),https://www.nonghyupmall.com/BC14010R/viewDetailPage.nh?wrsC=2039232416,계란,계란,온도씨,30,구
농협몰,2039261069,삼성 인버터 건조기 용량:9kg 화이트 DV90TA040KE,https://www.nonghyupmall.com/BC14010R/viewDetailPage.nh?wrsC=2039261069,버터,버터,삼성,9000,g
농협몰,2039261593,[농협식품] 허브맛솔트 순한맛 60g + 마늘양파 60g,https://www.nonghyupmall.com/BC14010R/viewDetailPage.nh?wrsC=2039261593,설탕,설탕,농협식품,60,g
농협몰,2039276133,라벨영 쇼킹비타민우유미백크림 55x3개g 톤업 비타밀크토닝,https://www.nonghyupmall.com/BC14010R/viewDetailPage.nh?wrsC=2039276133,우유,우유,라벨영,3,개
농협몰,2039279918,마이노멀 무가당 땅콩버터 100% 골라담기 (크리미/크런치),https://www.nonghyupmall.com/BC14010R/viewDetailPage.nh?wrsC=2039279918,버터,버터,마이노멀,,
농협몰,2039302339,[빙그레] 바나나맛/딸기맛 미니우유 120ml 24팩,https://www.nonghyupmall.com/BC14010R/viewDetailPage.nh?wrsC=2039302339,우유,우유,빙그레,24,팩
농협몰,2039303246,서울우유 멸균우유 200mlx24개,https://www.nonghyupmall.com/BC14010R/viewDetailPage.nh?wrsC=2039303246,우유,우유,서울우유,24,개
농협몰,2039303316,서울우유 초코꿀딴지 180mlx24개,https://www.nonghyupmall.com/BC14010R/viewDetailPage.nh?wrsC=2039303316,우유,우유,서울우유,24,개
농협몰,2039308915,피넛버터앤코 땅콩버터 심플리스무스_454g,https://www.nonghyupmall.com/BC14010R/viewDetailPage.nh?wrsC=2039308915,버터,버터,피넛버터앤코,454,g
농협몰,2039343619,맷돌로 갈아 만든 100% 국내산 반반콩물(백태500ml+우뭇가사리1000ml) 총 2병,https://www.nonghyupmall.com/BC14010R/viewDetailPage.nh?wrsC=2039343619,버터,버터,맷돌로,1000,ml
농협몰,2039343622,맷돌로 갈아 만든 100% 국내산 반반콩물(우뭇가사리500ml+서리태1000ml) 총 2병,https://www.nonghyupmall.com/BC14010R/viewDetailPage.nh?wrsC=2039343622,버터,버터,맷돌로,1000,ml
농협몰,2039347330,뮤토 피코 캐리어 28형 / 스톤그레이 세이지그린 버터옐로우 더스트핑크 택1,https://www.nonghyupmall.com/BC14010R/viewDetailPage.nh?wrsC=2039347330,버터,버터,뮤토,,
농협몰,2039376110,크레잇 계란옷 분홍 소세지전 1kg x2개,https://www.nonghyupmall.com/BC14010R/viewDetailPage.nh?wrsC=2039376110,계란,계란,크레잇,2,개
농협몰,2039382245,햇반 컵반 컵밥 미역국밥 167g x6개+버터장조림비빔밥 216g x6개,https://www.nonghyupmall.com/BC14010R/viewDetailPage.nh?wrsC=2039382245,버터,버터,햇반,6,개
농협몰,2039382373,햇반 컵반 컵밥 버터장조림비빔밥 216g x5개+치킨마요덮밥 233g x1개,https://www.nonghyupmall.com/BC14010R/viewDetailPage.nh?wrsC=2039382373,버터,버터,햇반,1,개
농협몰,2039382555,햇반 쿡반 볶음밥 계란 400g x3개+김치 400g x3개 (총 12인분),https://www.nonghyupmall.com/BC14010R/viewDetailPage.nh?wrsC=2039382555,계란,계란,햇반,3,개
농협몰,2039382782,비비고 계란옷입은 고기완자 480g x4개+도톰 동그랑땡 340g x1개,https://www.nonghyupmall.com/BC14010R/viewDetailPage.nh?wrsC=2039382782,계란,계란,비비고,1,개
농협몰,2039382881,크레잇 계란옷 분홍 소세지전 1kg x2개+생활반찬 꼬마돈카츠 1kg x1개,https://www.nonghyupmall.com/BC14010R/viewDetailPage.nh?wrsC=2039382881,계란,계란,크레잇,1,개
농협몰,2039385116,[감동란]간이배어 있는 촉촉한 반숙계란 10개입 3팩 선물세트,https://www.nonghyupmall.com/BC14010R/viewDetailPage.nh?wrsC=2039385116,계란,계란,감동란,3,팩
농협몰,2039392369,굿앤키즈 어린이 튼튼 성장기 우유칼슘 CBP 하이초유단백 60정 6박스 / 비타민D 산양유분말 바나나맛 캔디,https://www.nonghyupmall.com/BC14010R/viewDetailPage.nh?wrsC=2039392369,우유,우유,굿앤키즈,,
농협몰,2039394534,[사조] 사조참치 간장버터 참치(안심따개) 100g X 12캔 /참치캔/통조림,https://www.nonghyupmall.com/BC14010R/viewDetailPage.nh?wrsC=2039394534,버터,버터,사조,100,g
농협몰,2039397038,[감동란]간이배어 있는 촉촉한 동물복지란 반숙계란 30개입,https://www.nonghyupmall.com/BC14010R/viewDetailPage.nh?wrsC=2039397038,계란,계란,감동란,30,개입
농협몰,2039416177,[감동란]간이배어 있는 촉촉한 반숙계란 30개입+감동란장 증정,https://www.nonghyupmall.com/BC14010R/viewDetailPage.nh?wrsC=2039416177,계란,계란,감동란,30,개입
농협몰,2039430234,하먼 슈레드치즈,https://www.nonghyupmall.com/BC14010R/viewDetailPage.nh?wrsC=2039430234,버터,버터,하먼,,
농협몰,2039434533,서울우유 프루티홈 오렌지 1000mlx9개,https://www.nonghyupmall.com/BC14010R/viewDetailPage.nh?wrsC=2039434533,우유,우유,서울우유,9,개
농협몰,2039443034,[빙그레] 요플레 플레인 화이트/그릭 마일드 무가당 900ml 수량별 골라담기,https://www.nonghyupmall.com/BC14010R/viewDetailPage.nh?wrsC=2039443034,우유,우유,빙그레,900,ml
농협몰,2039443951,라꽁비에뜨 가염.무염버터 15g x 30개입 프랑스 직수입 AOP인증,https://www.nonghyupmall.com/BC14010R/viewDetailPage.nh?wrsC=2039443951,버터,버터,라꽁비에뜨,30,개입
농협몰,2039461937,[오야니] 에그 숄더 OBSBSD10,https://www.nonghyupmall.com/BC14010R/viewDetailPage.nh?wrsC=2039461937,계란,계란,오야니,,
농협몰,2039487863,서울우유 아침에주스 미니 사과주스 100ml 10팩,https://www.nonghyupmall.com/BC14010R/viewDetailPage.nh?wrsC=2039487863,우유,우유,서울우유,10,팩
농협몰,2039488527,캐리어 벽걸이 07형 인버터 냉난방기 ARQ071YT 기본설치비포함/실외기포함,https://www.nonghyupmall.com/BC14010R/viewDetailPage.nh?wrsC=2039488527,버터,버터,캐리어,,
농협몰,2039488530,스탠드에어컨 16형 인버터 냉난방기 전국배송비없음/기본설치비포함/실외기포함 ESQC161AAWWSD,https://www.nonghyupmall.com/BC14010R/viewDetailPage.nh?wrsC=2039488530,버터,버터,스탠드에어컨,,
농협몰,2039502690,"[HC해피콜]버던트 티타늄 IH 프라이팬 4종B(계란말이팬,프라이팬28,궁중팬28,유리뚜껑28)",https://www.nonghyupmall.com/BC14010R/viewDetailPage.nh?wrsC=2039502690,계란,계란,HC해피콜,,
농협몰,2039503268,내츄럴플러스 유기농 토마토즙 100 15포 3박스 / 스페인 완숙 토마토 무설탕 과일즙,https://www.nonghyupmall.com/BC14010R/viewDetailPage.nh?wrsC=2039503268,설탕,설탕,내츄럴플러스,,
농협몰,2039504076,[애월아빠들] 난각1번 제주 무항생제 자연방사 청계 청란 20구 30구 40구,https://www.nonghyupmall.com/BC14010R/viewDetailPage.nh?wrsC=2039504076,계란,계란,애월아빠들,40,구
농협몰,2039504159,[프로즌] 가리비 버터구이 1+1 (370g+370g),https://www.nonghyupmall.com/BC14010R/viewDetailPage.nh?wrsC=2039504159,버터,버터,프로즌,370,g
농협몰,2039505673,[드렁크엘리펀트] 테라부 버터드 레퍼러티브 핸드크림 75ml,https://www.nonghyupmall.com/BC14010R/viewDetailPage.nh?wrsC=2039505673,버터,버터,드렁크엘리펀트,75,ml
농협몰,2039507145,밸런스밀 프로틴 쉐이크 45g(귀리 5개+견과 5개+카카오 5개)+프로틴바 말차초코 12개+피넛버터 34g 12개,https://www.nonghyupmall.com/BC14010R/viewDetailPage.nh?wrsC=2039507145,버터,버터,밸런스밀,12,개
농협몰,2039507455,제주 동물복지 무항생제 제주품은 유정란 20구,https://www.nonghyupmall.com/BC14010R/viewDetailPage.nh?wrsC=2039507455,계란,계란,제주,20,구
농협몰,2039515458,파스퇴르 킨더밀쉬 200ml (20개입)x1개,https://www.nonghyupmall.com/BC14010R/viewDetailPage.nh?wrsC=2039515458,우유,우유,파스퇴르,1,개
농협몰,2039521033,[레토] 고양이 스크래쳐 숨숨집 대형 우유갑 고양이집 (LCH-S01),https://www.nonghyupmall.com/BC14010R/viewDetailPage.nh?wrsC=2039521033,우유,우유,레토,,
농협몰,2039525585,스키피 스키피땅콩버터 청크 462g(12입),https://www.nonghyupmall.com/BC14010R/viewDetailPage.nh?wrsC=2039525585,버터,버터,스키피,12,입
농협몰,2039529798,[전국기본설치포함] 캐리어 6 인버터 벽걸이 에어컨 EARB-0061GAWSD 1등급,https://www.nonghyupmall.com/BC14010R/viewDetailPage.nh?wrsC=2039529798,버터,버터,전국기본설치포함,61,g
농협몰,2039529800,[전국기본설치포함] 캐리어 인버터 벽걸이형 에어컨 10평 EARB-0101GAWSD 1등급,https://www.nonghyupmall.com/BC14010R/viewDetailPage.nh?wrsC=2039529800,버터,버터,전국기본설치포함,101,g
농협몰,2039536826,찰떡아이스 4종 20개 통팥x5+쿠앤크x5+옥수수x5+소금우유x5,https://www.nonghyupmall.com/BC14010R/viewDetailPage.nh?wrsC=2039536826,우유,우유,찰떡아이스,20,개
농협몰,2039540492,"[농할가11,120원][오늘신선] 무항생제 자연방사 난각번호 1번 유정란 특란 20구",https://www.nonghyupmall.com/BC14010R/viewDetailPage.nh?wrsC=2039540492,계란,계란,"농할가11,120원",20,구
농협몰,2039541031,[양재점] 백설밀가루(중력) 1kg,https://www.nonghyupmall.com/BC14010R/viewDetailPage.nh?wrsC=2039541031,밀가루,밀가루,양재점,1000,g
농협몰,2039543727,[쿠비녹스] 2단 계란찜기 (FX-04EB/최대16구/젖병소독가능),https://www.nonghyupmall.com/BC14010R/viewDetailPage.nh?wrsC=2039543727,계란,계란,쿠비녹스,16,구
농협몰,2039544436,삼육 검은콩 우리22곡 190ml*24,https://www.nonghyupmall.com/BC14010R/viewDetailPage.nh?wrsC=2039544436,우유,우유,삼육,190,ml
농협몰,2039544803,필라델피아 크림치즈 포션 허브 16.67g 4팩 (24개),https://www.nonghyupmall.com/BC14010R/viewDetailPage.nh?wrsC=2039544803,버터,버터,필라델피아,24,개
농협몰,2039544832,프레지덩 쁘띠 브리 치즈 125g 3개,https://www.nonghyupmall.com/BC14010R/viewDetailPage.nh?wrsC=2039544832,버터,버터,프레지덩,3,개
농협몰,2039546391,백설 파스타소스 6종 세트(아라비아따+토마토+미트토마토+베이컨머쉬룸+콰트로+트러플버터),https://www.nonghyupmall.com/BC14010R/viewDetailPage.nh?wrsC=2039546391,버터,버터,백설,,
농협몰,2039551254,[푸른들] 구운란 대란 30구 HACCP 구운계란,https://www.nonghyupmall.com/BC14010R/viewDetailPage.nh?wrsC=2039551254,계란,계란,푸른들,30,구
농협몰,2039551986,국산 백태 콩물 1L 2병,https://www.nonghyupmall.com/BC14010R/viewDetailPage.nh?wrsC=2039551986,우유,우유,국산,1000,ml
농협몰,2039554518,초코팅 피넛버터크림떡 420g 2박스,https://www.nonghyupmall.com/BC14010R/viewDetailPage.nh?wrsC=2039554518,버터,버터,초코팅,420,g
농협몰,2039556600,(양재점) 큐원 갈색설탕 * 1kg,https://www.nonghyupmall.com/BC14010R/viewDetailPage.nh?wrsC=2039556600,설탕,설탕,(양재점),1000,g
농협몰,2039558338,"치보 카페셀렉트 아라비카100% 스틱 커피 1.8g, 50개입",https://www.nonghyupmall.com/BC14010R/viewDetailPage.nh?wrsC=2039558338,우유,우유,치보,50,개입
농협몰,2039561828,해피팜땅콩버터,https://www.nonghyupmall.com/BC14010R/viewDetailPage.nh?wrsC=2039561828,버터,버터,해피팜땅콩버터,,
농협몰,3000713879,달콤한 베지밀B 950ml 12팩,https://www.nonghyupmall.com/BC14010R/viewDetailPage.nh?wrsC=3000713879,우유,우유,달콤한,12,팩
농협몰,3000714054,베지밀 에이스 48팩,https://www.nonghyupmall.com/BC14010R/viewDetailPage.nh?wrsC=3000714054,우유,우유,베지밀,48,팩
농협몰,3013676949,[농협식품] 농협 굵은소금 5kg,https://www.nonghyupmall.com/BC14010R/viewDetailPage.nh?wrsC=3013676949,설탕,설탕,농협식품,5000,g
농협몰,3016201764,유기농 우리밀 백밀가루 600g,https://www.nonghyupmall.com/BC14010R/viewDetailPage.nh?wrsC=3016201764,밀가루,밀가루,유기농,600,g
농협몰,3018412955,[쿠쿠전자] 6인용 전기보온 에그밥솥 CR-0675FW,https://www.nonghyupmall.com/BC14010R/viewDetailPage.nh?wrsC=3018412955,계란,계란,쿠쿠전자,,
농협몰,3019728864,삼성 인버터 건조기 용량:9kg 블랙 DV90T5540BV,https://www.nonghyupmall.com/BC14010R/viewDetailPage.nh?wrsC=3019728864,버터,버터,삼성,9000,g
농협몰,3029613732,[인산죽염] 6회 인산죽염 분말 60g,https://www.nonghyupmall.com/BC14010R/viewDetailPage.nh?wrsC=3029613732,설탕,설탕,인산죽염,60,g
농협몰,3029614508,[인산죽염] 1회 인산죽염 분말 1kg,https://www.nonghyupmall.com/BC14010R/viewDetailPage.nh?wrsC=3029614508,설탕,설탕,인산죽염,1000,g
농협몰,3030182531,이제부터 설탕없는 진짜 생강진액 1LX2,https://www.nonghyupmall.com/BC14010R/viewDetailPage.nh?wrsC=3030182531,설탕,설탕,이제부터,1000,ml
농협몰,3030222783,구운계란 20구x1,https://www.nonghyupmall.com/BC14010R/viewDetailPage.nh?wrsC=3030222783,계란,계란,구운계란,20,구
농협몰,3032839680,[티칸네] 과일티 3종 선물세트 (60티백),https://www.nonghyupmall.com/BC14010R/viewDetailPage.nh?wrsC=3032839680,우유,우유,티칸네,,
농협몰,3035173387,[희나리목장] 짜지않고 담백한 수제 스트링치즈 150gx2ea,https://www.nonghyupmall.com/BC14010R/viewDetailPage.nh?wrsC=3035173387,버터,버터,희나리목장,150,g
농협몰,3035961852,[오뚜기] 오즈키친 샤브계란죽 450g x 18,https://www.nonghyupmall.com/BC14010R/viewDetailPage.nh?wrsC=3035961852,계란,계란,오뚜기,450,g
농협몰,3036156754,삼립 1A등급 우유로 반죽한 순우유빵 5봉 골라담기 (밀크요팡/연유요팡/고구마팡/완두팡/밀키앙꼬/옥수수),https://www.nonghyupmall.com/BC14010R/viewDetailPage.nh?wrsC=3036156754,우유,우유,삼립,5,봉
농협몰,3036202073,아몬드브리즈 프로틴 190ml(24개입),https://www.nonghyupmall.com/BC14010R/viewDetailPage.nh?wrsC=3036202073,우유,우유,아몬드브리즈,24,개입
농협몰,3036417086,백설 우리밀 밀가루 750g x2개,https://www.nonghyupmall.com/BC14010R/viewDetailPage.nh?wrsC=3036417086,밀가루,밀가루,백설,2,개
농협몰,3036417619,비비고 계란옷입은 고기완자 480g x4개,https://www.nonghyupmall.com/BC14010R/viewDetailPage.nh?wrsC=3036417619,계란,계란,비비고,4,개
농협몰,3036441296,백설 명품 천일염 오천년의 신비 굵은입자 소금 3kg x1개,https://www.nonghyupmall.com/BC14010R/viewDetailPage.nh?wrsC=3036441296,설탕,설탕,백설,1,개
농협몰,3036441308,백설 천일염 허브맛솔트 순한맛 50g x10개,https://www.nonghyupmall.com/BC14010R/viewDetailPage.nh?wrsC=3036441308,설탕,설탕,백설,10,개
농협몰,3036441311,백설 명품 천일염 오천년의 신비 굵은입자 소금 10kg x1개,https://www.nonghyupmall.com/BC14010R/viewDetailPage.nh?wrsC=3036441311,설탕,설탕,백설,1,개
농협몰,3036441324,백설 구운소금 500g x2개,https://www.nonghyupmall.com/BC14010R/viewDetailPage.nh?wrsC=3036441324,설탕,설탕,백설,2,개
농협몰,3036441436,백설 맛소금 5kg x2개,https://www.nonghyupmall.com/BC14010R/viewDetailPage.nh?wrsC=3036441436,설탕,설탕,백설,2,개
농협몰,3036441775,백설 브라운 자일로스 설탕 5kg x2개,https://www.nonghyupmall.com/BC14010R/viewDetailPage.nh?wrsC=3036441775,설탕,설탕,백설,2,개
농협몰,3036441788,백설 하얀설탕 3kg x2개,https://www.nonghyupmall.com/BC14010R/viewDetailPage.nh?wrsC=3036441788,설탕,설탕,백설,2,개
농협몰,3036442301,햇반 컵반 컵밥 버터장조림비빔밥 216g x3개,https://www.nonghyupmall.com/BC14010R/viewDetailPage.nh?wrsC=3036442301,버터,버터,햇반,3,개
농협몰,3036442541,백설 와사비 디핑 솔트 50g x2개,https://www.nonghyupmall.com/BC14010R/viewDetailPage.nh?wrsC=3036442541,설탕,설탕,백설,2,개
농협몰,3036513128,예천 화건 고춧가루 매운맛 500gx4,https://www.nonghyupmall.com/BC14010R/viewDetailPage.nh?wrsC=3036513128,설탕,설탕,예천,500,g
농협몰,3036513131,예천 화건 고춧가루 보통맛 500gx6,https://www.nonghyupmall.com/BC14010R/viewDetailPage.nh?wrsC=3036513131,설탕,설탕,예천,500,g
농협몰,3036513269,3년숙성 천일염 함초소금 450gx1,https://www.nonghyupmall.com/BC14010R/viewDetailPage.nh?wrsC=3036513269,설탕,설탕,3년숙성,450,g
농협몰,3036513272,3년숙성 소금 선물용 3종SET 각300g 함초+톳+마늘,https://www.nonghyupmall.com/BC14010R/viewDetailPage.nh?wrsC=3036513272,설탕,설탕,3년숙성,300,g
농협몰,3036513285,3년묵은 굵은소금 천일염 10kg 박스포장,https://www.nonghyupmall.com/BC14010R/viewDetailPage.nh?wrsC=3036513285,설탕,설탕,3년묵은,10000,g
농협몰,3036513652,보아르 다이닝 스텐 멀티찜기 전기 쿠커 계란 달걀 에그 반숙 삶기 고구마 삶는기계,https://www.nonghyupmall.com/BC14010R/viewDetailPage.nh?wrsC=3036513652,계란,계란,보아르,,
농협몰,3036715092,[윈세이] 24년형 1등급 인버터 제습기 24리터 (W24L1A/강력제습/공기청정/저소음/고성능 컴프레셔),https://www.nonghyupmall.com/BC14010R/viewDetailPage.nh?wrsC=3036715092,버터,버터,윈세이,24000,ml
농협몰,3036773821,[올바른계란] HACCP인증 구운란/반숙란/훈제란 20구 골라담기,https://www.nonghyupmall.com/BC14010R/viewDetailPage.nh?wrsC=3036773821,계란,계란,올바른계란,20,구
농협몰,3037001213,[전국기본설치포함] 모라_MORA 10 인버터 벽걸이 에어컨 MRC-V10WL,https://www.nonghyupmall.com/BC14010R/viewDetailPage.nh?wrsC=3037001213,버터,버터,전국기본설치포함,,
농협몰,3037015722,아스파시아 시어버터 핸드크림 10개 세트,https://www.nonghyupmall.com/BC14010R/viewDetailPage.nh?wrsC=3037015722,버터,버터,아스파시아,10,개
농협몰,3037059931,마이노멀 가루 알룰로스 350g,https://www.nonghyupmall.com/BC14010R/viewDetailPage.nh?wrsC=3037059931,설탕,설탕,마이노멀,350,g
농협몰,3037766255,[임실치즈농협] 생치즈 1kg,https://www.nonghyupmall.com/BC14010R/viewDetailPage.nh?wrsC=3037766255,버터,버터,임실치즈농협,1000,g
농협몰,3037766312,[임실치즈농협] 1967 임실피자치즈 1kg,https://www.nonghyupmall.com/BC14010R/viewDetailPage.nh?wrsC=3037766312,버터,버터,임실치즈농협,1000,g
농협몰,3037845484,[임실치즈농협] 푸짐한 요구르트 꾸러미,https://www.nonghyupmall.com/BC14010R/viewDetailPage.nh?wrsC=3037845484,버터,버터,임실치즈농협,,
농협몰,3038192251,햇반 쿡반 주먹밥 500g 불고기 x2개+버터장조림 x2개+스팸김치 x2개,https://www.nonghyupmall.com/BC14010R/viewDetailPage.nh?wrsC=3038192251,버터,버터,햇반,2,개
농협몰,3038301927,3년묵은 세척 가정용 천일염(고운입자)200g,https://www.nonghyupmall.com/BC14010R/viewDetailPage.nh?wrsC=3038301927,설탕,설탕,3년묵은,200,g
농협몰,3038830715,애경 립바이브 슈가밤 쉐어버터 인텐스 4.8g x 3개,https://www.nonghyupmall.com/BC14010R/viewDetailPage.nh?wrsC=3038830715,버터,버터,애경,3,개
농협몰,3039049068,상하목장 무항생제인증 우유 125ml * 24,https://www.nonghyupmall.com/BC14010R/viewDetailPage.nh?wrsC=3039049068,우유,우유,상하목장,125,ml
농협몰,3039261237,[라이녹스] 서랍형 에그 트레이 1단 (RXTL-EB30/다양한 사이즈보관/계란보관함),https://www.nonghyupmall.com/BC14010R/viewDetailPage.nh?wrsC=3039261237,계란,계란,라이녹스,,
농협몰,3039271814,연세우유 멸균우유 바나나우유 24팩,https://www.nonghyupmall.com/BC14010R/viewDetailPage.nh?wrsC=3039271814,우유,우유,연세우유,24,팩
농협몰,3039277065,민속주왕주 남상란명인 25도 375ml 살균약주,https://www.nonghyupmall.com/BC14010R/viewDetailPage.nh?wrsC=3039277065,계란,계란,민속주왕주,375,ml
농협몰,3039279186,[임실치즈농협] 프리미엄 꾸러미,https://www.nonghyupmall.com/BC14010R/viewDetailPage.nh?wrsC=3039279186,버터,버터,임실치즈농협,,
농협몰,3039297977,[빙그레] 더단백 프로틴바 3종 18개입 (초코/피넛버터/아몬드쿠키),https://www.nonghyupmall.com/BC14010R/viewDetailPage.nh?wrsC=3039297977,버터,버터,빙그레,18,개입
농협몰,3039303287,서울우유 클릭유 1A등급 우유 180mlx24개,https://www.nonghyupmall.com/BC14010R/viewDetailPage.nh?wrsC=3039303287,우유,우유,서울우유,24,개
농협몰,3039303315,[빙그레] 대용량 요플레 큰컵 180g 4종(딸기/복숭아/블루베리/플레인) 12개/16개,https://www.nonghyupmall.com/BC14010R/viewDetailPage.nh?wrsC=3039303315,우유,우유,빙그레,16,개
농협몰,3039308914,피넛버터앤코 땅콩버터 크런치타임_454g,https://www.nonghyupmall.com/BC14010R/viewDetailPage.nh?wrsC=3039308914,버터,버터,피넛버터앤코,454,g
농협몰,3039309029,[농협식품] 참기름 간장계란볶음밥 420g*5개,https://www.nonghyupmall.com/BC14010R/viewDetailPage.nh?wrsC=3039309029,계란,계란,농협식품,5,개
농협몰,3039311925,서울우유 견과우유죽 130gx10개,https://www.nonghyupmall.com/BC14010R/viewDetailPage.nh?wrsC=3039311925,우유,우유,서울우유,10,개
농협몰,3039343618,맷돌로 갈아 만든 100% 국내산 반반콩물(백태+우뭇가사리) 1000ml 총 2병,https://www.nonghyupmall.com/BC14010R/viewDetailPage.nh?wrsC=3039343618,버터,버터,맷돌로,1000,ml
농협몰,3039343621,맷돌로 갈아 만든 100% 국내산 반반콩물(백태500ml+서리태1000ml) 총 2병,https://www.nonghyupmall.com/BC14010R/viewDetailPage.nh?wrsC=3039343621,버터,버터,맷돌로,1000,ml
농협몰,3039374717,"[천안호두과자본점] 앙버터 호두과자 20개,흑임자 호두과자,튀김소보로 호두과자모음",https://www.nonghyupmall.com/BC14010R/viewDetailPage.nh?wrsC=3039374717,버터,버터,천안호두과자본점,20,개
농협몰,3039375947,서울우유 멸균우유 200mlx48개,https://www.nonghyupmall.com/BC14010R/viewDetailPage.nh?wrsC=3039375947,우유,우유,서울우유,48,개
농협몰,3039382244,햇반 컵반 컵밥 미역국밥 167g x12개+버터장조림비빔밥 216g x12개,https://www.nonghyupmall.com/BC14010R/viewDetailPage.nh?wrsC=3039382244,버터,버터,햇반,12,개
농협몰,3039382372,햇반 컵반 컵밥 버터장조림비빔밥 216g x11개+치킨마요덮밥 233g x1개,https://www.nonghyupmall.com/BC14010R/viewDetailPage.nh?wrsC=3039382372,버터,버터,햇반,1,개
농협몰,3039382781,비비고 계란옷입은 고기완자 480g x6개+도톰 동그랑땡 340g x1개,https://www.nonghyupmall.com/BC14010R/viewDetailPage.nh?wrsC=3039382781,계란,계란,비비고,1,개
농협몰,3039392368,굿앤키즈 어린이 튼튼 성장기 우유칼슘 CBP 하이초유단백 60정 4박스 / 비타민D 산양유분말 바나나맛 캔디,https://www.nonghyupmall.com/BC14010R/viewDetailPage.nh?wrsC=3039392368,우유,우유,굿앤키즈,,
농협몰,3039393569,서울우유 유기농우유 200mlx48개,https://www.nonghyupmall.com/BC14010R/viewDetailPage.nh?wrsC=3039393569,우유,우유,서울우유,48,개
농협몰,3039394533,[사조] 사조참치 간장버터 참치(안심따개) 100g X 24캔 /참치캔/통조림,https://www.nonghyupmall.com/BC14010R/viewDetailPage.nh?wrsC=3039394533,버터,버터,사조,100,g
농협몰,3039396964,스윗버터갈릭 엄마손파이 254gx10개,https://www.nonghyupmall.com/BC14010R/viewDetailPage.nh?wrsC=3039396964,버터,버터,스윗버터갈릭,10,개
농협몰,3039403909,[윈세이] 1등급 인버터 대용량 제습기 24L W24L1A,https://www.nonghyupmall.com/BC14010R/viewDetailPage.nh?wrsC=3039403909,버터,버터,윈세이,24000,ml
농협몰,3039424294,비비고 도톰동그랑땡 560g x3개+계란옷입은 고기완자 480g x1개,https://www.nonghyupmall.com/BC14010R/viewDetailPage.nh?wrsC=3039424294,계란,계란,비비고,1,개
농협몰,3039430303,하먼 자연치즈,https://www.nonghyupmall.com/BC14010R/viewDetailPage.nh?wrsC=3039430303,버터,버터,하먼,,
농협몰,3039439719,연세우유 세브란스 전용목장 A2단백우유 딸기 125ml 24팩,https://www.nonghyupmall.com/BC14010R/viewDetailPage.nh?wrsC=3039439719,우유,우유,연세우유,24,팩
농협몰,3039487833,[건국유업] 착한목장 소화가잘되는 우유 190ml 1박스(24팩),https://www.nonghyupmall.com/BC14010R/viewDetailPage.nh?wrsC=3039487833,우유,우유,건국유업,24,팩
농협몰,3039487859,"[서울우유] 홍삼츄츄 사과,배 100ml 40팩",https://www.nonghyupmall.com/BC14010R/viewDetailPage.nh?wrsC=3039487859,우유,우유,서울우유,40,팩
농협몰,3039493364,바다살림 간수뺀 신안 천일염 하얀소금20kg,https://www.nonghyupmall.com/BC14010R/viewDetailPage.nh?wrsC=3039493364,설탕,설탕,바다살림,20000,g
농협몰,3039500635,토리버치 75576 001 플레밍 컨버터블 스몰 체인 여성 숄더백 가방,https://www.nonghyupmall.com/BC14010R/viewDetailPage.nh?wrsC=3039500635,버터,버터,토리버치,,
농협몰,3039502842,내츄럴플러스 유기농 토마토즙 100 15포 1박스 / 스페인 완숙 토마토 무설탕 과일즙,https://www.nonghyupmall.com/BC14010R/viewDetailPage.nh?wrsC=3039502842,설탕,설탕,내츄럴플러스,,
농협몰,3039503267,내츄럴플러스 유기농 토마토즙 100 15포 2박스 / 스페인 완숙 토마토 무설탕 과일즙,https://www.nonghyupmall.com/BC14010R/viewDetailPage.nh?wrsC=3039503267,설탕,설탕,내츄럴플러스,,
농협몰,3039505403,페라가모 버터플라이 선글라스 SF600S-220 오버핏 라운드 여성용,https://www.nonghyupmall.com/BC14010R/viewDetailPage.nh?wrsC=3039505403,버터,버터,페라가모,,
농협몰,3039511145,늘푸른 국내산 구운계란 30구 대란,https://www.nonghyupmall.com/BC14010R/viewDetailPage.nh?wrsC=3039511145,계란,계란,늘푸른,30,구
농협몰,3039512487,[알텐바흐] 통5중 미니 에그팬,https://www.nonghyupmall.com/BC14010R/viewDetailPage.nh?wrsC=3039512487,계란,계란,알텐바흐,,
농협몰,3039513224,가니 T3898 099 버터플라이 로고 탱크탑 여성 슬리브리스,https://www.nonghyupmall.com/BC14010R/viewDetailPage.nh?wrsC=3039513224,버터,버터,가니,,
농협몰,3039515444,파스퇴르 무항생제 바른목장 우유 125mlX24개,https://www.nonghyupmall.com/BC14010R/viewDetailPage.nh?wrsC=3039515444,우유,우유,파스퇴르,24,개
농협몰,3039515639,햇반 퀴노아곤약 갈릭버터주먹밥 400g x6개,https://www.nonghyupmall.com/BC14010R/viewDetailPage.nh?wrsC=3039515639,버터,버터,햇반,6,개
농협몰,3039515642,햇반 퀴노아곤약 갈릭버터주먹밥 400g x2개,https://www.nonghyupmall.com/BC14010R/viewDetailPage.nh?wrsC=3039515642,버터,버터,햇반,2,개
농협몰,3039516265,미각기행 달콤 고소한 풍미를 가득 품은 우리쌀 앙버터 호두과자 23g x20개입(크라프트박스형),https://www.nonghyupmall.com/BC14010R/viewDetailPage.nh?wrsC=3039516265,버터,버터,미각기행,20,개입
농협몰,3039516306,미각기행 달콤 고소한 풍미를 가득 품은 우리밀 앙버터 호두과자 23g x20개입(크라프트박스형),https://www.nonghyupmall.com/BC14010R/viewDetailPage.nh?wrsC=3039516306,버터,버터,미각기행,20,개입
농협몰,3039522837,"맛있는우유GT 락토프리 저지방 180ml X 24팩,48팩",https://www.nonghyupmall.com/BC14010R/viewDetailPage.nh?wrsC=3039522837,우유,우유,맛있는우유GT,48,팩
농협몰,3039525584,스키피 스키피땅콩버터 크리미 462g(12입),https://www.nonghyupmall.com/BC14010R/viewDetailPage.nh?wrsC=3039525584,버터,버터,스키피,12,입
농협몰,3039527759,[김도윤셰프]양파버터커리 140gx3팩,https://www.nonghyupmall.com/BC14010R/viewDetailPage.nh?wrsC=3039527759,버터,버터,김도윤셰프,3,팩
농협몰,3039529487,(농할)[양계장사람들] 난각번호1번 유정란 30구 특란(30*1판),https://www.nonghyupmall.com/BC14010R/viewDetailPage.nh?wrsC=3039529487,계란,계란,(농할)[양계장사람들],30,구
농협몰,3039535848,부산우유 멸균 딸기우유 190ml 24개입,https://www.nonghyupmall.com/BC14010R/viewDetailPage.nh?wrsC=3039535848,우유,우유,부산우유,24,개입
농협몰,3039535851,부산우유 멸균 프로틴우유 190ml 24개입,https://www.nonghyupmall.com/BC14010R/viewDetailPage.nh?wrsC=3039535851,우유,우유,부산우유,24,개입
농협몰,3039536825,찰떡아이스 옥수수 크림치즈x12+소금우유 카라멜x12,https://www.nonghyupmall.com/BC14010R/viewDetailPage.nh?wrsC=3039536825,우유,우유,찰떡아이스,,
농협몰,3039544802,파스퇴르 단백질플러스 단호박 195ml x 20개입,https://www.nonghyupmall.com/BC14010R/viewDetailPage.nh?wrsC=3039544802,우유,우유,파스퇴르,20,개입
농협몰,3039544831,프레지덩 쁘띠 브리 치즈 125g 2개,https://www.nonghyupmall.com/BC14010R/viewDetailPage.nh?wrsC=3039544831,버터,버터,프레지덩,2,개
농협몰,3039545384,"[룩트]플레이버 버터 (10종 중 택1, 대용량)",https://www.nonghyupmall.com/BC14010R/viewDetailPage.nh?wrsC=3039545384,버터,버터,룩트,,
농협몰,3039545834,땅콩버터 500g 1병 크런치,https://www.nonghyupmall.com/BC14010R/viewDetailPage.nh?wrsC=3039545834,버터,버터,땅콩버터,500,g
농협몰,3039545991,[쿠비녹스] 스테인리스 2단 찜기 CX-253EG,https://www.nonghyupmall.com/BC14010R/viewDetailPage.nh?wrsC=3039545991,계란,계란,쿠비녹스,,
농협몰,3039546431,백설 트러플버터크림 파스타소스 430g x4개,https://www.nonghyupmall.com/BC14010R/viewDetailPage.nh?wrsC=3039546431,버터,버터,백설,4,개
농협몰,3039546460,동원 어델리 해물쏙쏙/단호박/콘치즈 120g 총6개 어묵 밀가루 제로,https://www.nonghyupmall.com/BC14010R/viewDetailPage.nh?wrsC=3039546460,밀가루,밀가루,동원,6,개
농협몰,3039547885,[동원] 덴마크 소화가 잘되는 우유 2.3L 3개,https://www.nonghyupmall.com/BC14010R/viewDetailPage.nh?wrsC=3039547885,우유,우유,동원,3,개
농협몰,3039548143,[리만월] 우유크림 롤케이크 170g 1박스,https://www.nonghyupmall.com/BC14010R/viewDetailPage.nh?wrsC=3039548143,우유,우유,리만월,170,g
농협몰,3039549191,CP컴퍼니 17CMSS024A 005086W 999 다이애그널 렌즈 와펜 남성 후드티,https://www.nonghyupmall.com/BC14010R/viewDetailPage.nh?wrsC=3039549191,계란,계란,CP컴퍼니,,
농협몰,3039549881,[리만월] 우유크림 롤케이크 170g 2박스,https://www.nonghyupmall.com/BC14010R/viewDetailPage.nh?wrsC=3039549881,우유,우유,리만월,170,g
농협몰,3039554517,초코팅 피넛버터크림떡 420g 1박스,https://www.nonghyupmall.com/BC14010R/viewDetailPage.nh?wrsC=3039554517,버터,버터,초코팅,420,g
농협몰,3039555916,난각번호1번 청계란 꾸지뽕먹고 자란 방사유정란 청란 20구,https://www.nonghyupmall.com/BC14010R/viewDetailPage.nh?wrsC=3039555916,계란,계란,난각번호1번,20,구
농협몰,3039558337,"치보 카페셀렉트 디카페인 스틱 커피 1.8g, 50개입",https://www.nonghyupmall.com/BC14010R/viewDetailPage.nh?wrsC=3039558337,우유,우유,치보,50,개입
농협몰,3039558340,티칸네 베스트 6종 프리미엄 선물세트 B (30티백),https://www.nonghyupmall.com/BC14010R/viewDetailPage.nh?wrsC=3039558340,우유,우유,티칸네,,
농협몰,3039561111,3년 숙성 갯벌 천일염 10kg,https://www.nonghyupmall.com/BC14010R/viewDetailPage.nh?wrsC=3039561111,설탕,설탕,3년,10000,g
농협몰,4000917751,[임실치즈농협] 선물세트 3호,https://www.nonghyupmall.com/BC14010R/viewDetailPage.nh?wrsC=4000917751,버터,버터,임실치즈농협,,
농협몰,4013956147,삼손푸드 황토에 직접구운 알카리소금 500g,https://www.nonghyupmall.com/BC14010R/viewDetailPage.nh?wrsC=4013956147,설탕,설탕,삼손푸드,500,g
농협몰,4014032909,삼손푸드 황토에 직접구운 알카리소금 150g,https://www.nonghyupmall.com/BC14010R/viewDetailPage.nh?wrsC=4014032909,설탕,설탕,삼손푸드,150,g
농협몰,4014033241,삼손푸드 황토소금으로 만든 마늘소금 120g,https://www.nonghyupmall.com/BC14010R/viewDetailPage.nh?wrsC=4014033241,설탕,설탕,삼손푸드,120,g
농협몰,4017648505,냉장 피그인더가든 스쿱샐러드 2종 6봉(에그마요/참치마요 택),https://www.nonghyupmall.com/BC14010R/viewDetailPage.nh?wrsC=4017648505,계란,계란,냉장,6,봉
농협몰,4020831783,"[다신샵] 93kcal 가벼운 곤약팝콘 3종 골라담기 / NO 하얀밀가루, 당류1g",https://www.nonghyupmall.com/BC14010R/viewDetailPage.nh?wrsC=4020831783,밀가루,밀가루,다신샵,1,g
농협몰,4021719079,프리미엄 황금란 30구 구운란[복을선물하세요],https://www.nonghyupmall.com/BC14010R/viewDetailPage.nh?wrsC=4021719079,계란,계란,프리미엄,30,구
농협몰,4024725367,[락앤락]와이드계란말이팬 25CM CCB009,https://www.nonghyupmall.com/BC14010R/viewDetailPage.nh?wrsC=4024725367,계란,계란,락앤락,,
농협몰,4025134380,창평쌀조청 2kg / 조청쌀엿 설탕물엿보다 깊은단맛,https://www.nonghyupmall.com/BC14010R/viewDetailPage.nh?wrsC=4025134380,설탕,설탕,창평쌀조청,2000,g
농협몰,4025134463,창평쌀조청 3kg / 조청쌀엿 설탕물엿보다 깊은단맛,https://www.nonghyupmall.com/BC14010R/viewDetailPage.nh?wrsC=4025134463,설탕,설탕,창평쌀조청,3000,g
농협몰,4026743172,이롬 황성주 프리미엄 블랙9곡 (180ml*15)*2박스,https://www.nonghyupmall.com/BC14010R/viewDetailPage.nh?wrsC=4026743172,우유,우유,이롬,180,ml
농협몰,4027071663,이롬 황성주 국산콩 고칼슘60입(20입*3),https://www.nonghyupmall.com/BC14010R/viewDetailPage.nh?wrsC=4027071663,우유,우유,이롬,20,입
농협몰,4028472261,씨에스포라이프_하나씩 꺼내쓰는 스틱솔트 3P,https://www.nonghyupmall.com/BC14010R/viewDetailPage.nh?wrsC=4028472261,설탕,설탕,씨에스포라이프_하나씩,,
농협몰,4028918059,슈톨렌 무화과 100% 통밀식빵770g ( 통밀빵 샌드위치빵 무화과빵 치아바타 모닝빵 비건빵 저염 무설탕 저칼로리 호밀 키토 프로틴 단백질 식빵 ),https://www.nonghyupmall.com/BC14010R/viewDetailPage.nh?wrsC=4028918059,설탕,설탕,슈톨렌,770,g
농협몰,4028922401,커피건강빵 모카빵 깜빠뉴 4개[1세트] ( 커피콩빵 커피빵 샌드위치빵 모닝빵 치아바타 식전빵 저염 무설탕 저칼로리 단백질 통밀빵 ),https://www.nonghyupmall.com/BC14010R/viewDetailPage.nh?wrsC=4028922401,설탕,설탕,커피건강빵,4,개
농협몰,4029611821,[인산죽염] 9회 인산자죽염 고체 60g,https://www.nonghyupmall.com/BC14010R/viewDetailPage.nh?wrsC=4029611821,설탕,설탕,인산죽염,60,g
농협몰,4029612569,[인산죽염] 9회인산자죽염 분말 500g,https://www.nonghyupmall.com/BC14010R/viewDetailPage.nh?wrsC=4029612569,설탕,설탕,인산죽염,500,g
농협몰,4030182530,이제부터 설탕없는 진짜 도라지진액 1LX1,https://www.nonghyupmall.com/BC14010R/viewDetailPage.nh?wrsC=4030182530,설탕,설탕,이제부터,1000,ml
농협몰,4030222782,구운계란 20구x2,https://www.nonghyupmall.com/BC14010R/viewDetailPage.nh?wrsC=4030222782,계란,계란,구운계란,20,구
농협몰,4030222795,구운계란 60구,https://www.nonghyupmall.com/BC14010R/viewDetailPage.nh?wrsC=4030222795,계란,계란,구운계란,60,구
농협몰,4030410192,[더블하트] 펀프렌즈 쪽쪽이 에그 S (0개월),https://www.nonghyupmall.com/BC14010R/viewDetailPage.nh?wrsC=4030410192,계란,계란,더블하트,0,개
농협몰,4030427585,동물복지 유정란 20구 계란 생란 2번란,https://www.nonghyupmall.com/BC14010R/viewDetailPage.nh?wrsC=4030427585,계란,계란,동물복지,20,구
농협몰,4032713396,[생산직송]풀무원 꼬마나또 버터간장 간장 SET 3팩*5개,https://www.nonghyupmall.com/BC14010R/viewDetailPage.nh?wrsC=4032713396,버터,버터,생산직송,5,개
농협몰,4034264863,다림식품 새우계란죽 500g 부드럽고 담백한맛!,https://www.nonghyupmall.com/BC14010R/viewDetailPage.nh?wrsC=4034264863,계란,계란,다림식품,500,g
농협몰,4036156625,[프리미엄 디저트] 삼립 미각제빵소 버터코코넛휘낭시에 10봉,https://www.nonghyupmall.com/BC14010R/viewDetailPage.nh?wrsC=4036156625,버터,버터,프리미엄 디저트,10,봉
농협몰,4036156753,삼립 1A등급 우유로 반죽한 순우유빵 9봉 골라담기 (밀크요팡/연유요팡/고구마팡/완두팡/밀키앙꼬/옥수수),https://www.nonghyupmall.com/BC14010R/viewDetailPage.nh?wrsC=4036156753,우유,우유,삼립,9,봉
농협몰,4036201909,소화가 잘되는 우유 190ml(24개입),https://www.nonghyupmall.com/BC14010R/viewDetailPage.nh?wrsC=4036201909,우유,우유,소화가,24,개입
농협몰,4036202126,어메이징오트 오리지널 190ml(24개입),https://www.nonghyupmall.com/BC14010R/viewDetailPage.nh?wrsC=4036202126,우유,우유,어메이징오트,24,개입
농협몰,4036348602,삼립 1A원유 소화가 잘 되는 우유가 들어간 냉동 생크림빵 2입 4봉,https://www.nonghyupmall.com/BC14010R/viewDetailPage.nh?wrsC=4036348602,우유,우유,삼립,4,봉
농협몰,4036417072,백설 박력 밀가루 2.5kg x2개,https://www.nonghyupmall.com/BC14010R/viewDetailPage.nh?wrsC=4036417072,밀가루,밀가루,백설,2,개
농협몰,4036417621,비비고 계란옷입은 고기완자 480g x3개,https://www.nonghyupmall.com/BC14010R/viewDetailPage.nh?wrsC=4036417621,계란,계란,비비고,3,개
농협몰,4036441295,백설 명품 천일염 오천년의 신비 굵은입자 소금 3kg x4개,https://www.nonghyupmall.com/BC14010R/viewDetailPage.nh?wrsC=4036441295,설탕,설탕,백설,4,개
농협몰,4036441307,백설 천일염 허브맛솔트 마늘맛 50g x3개,https://www.nonghyupmall.com/BC14010R/viewDetailPage.nh?wrsC=4036441307,설탕,설탕,백설,3,개
농협몰,4036441310,백설 천일염 허브맛솔트 순한맛 50g x3개,https://www.nonghyupmall.com/BC14010R/viewDetailPage.nh?wrsC=4036441310,설탕,설탕,백설,3,개
농협몰,4036441323,백설 구운소금 500g x5개,https://www.nonghyupmall.com/BC14010R/viewDetailPage.nh?wrsC=4036441323,설탕,설탕,백설,5,개
농협몰,4036441774,백설 브라운 자일로스 설탕 500g x2개,https://www.nonghyupmall.com/BC14010R/viewDetailPage.nh?wrsC=4036441774,설탕,설탕,백설,2,개
농협몰,4036441787,백설 하얀 자일로스 설탕 5kg x2개,https://www.nonghyupmall.com/BC14010R/viewDetailPage.nh?wrsC=4036441787,설탕,설탕,백설,2,개
농협몰,4036441790,백설 하얀설탕 5kg x2개,https://www.nonghyupmall.com/BC14010R/viewDetailPage.nh?wrsC=4036441790,설탕,설탕,백설,2,개
농협몰,4036442540,백설 와사비 디핑 솔트 50g x4개,https://www.nonghyupmall.com/BC14010R/viewDetailPage.nh?wrsC=4036442540,설탕,설탕,백설,4,개
농협몰,4036513127,예천 화건 고춧가루 매운맛 500gx6,https://www.nonghyupmall.com/BC14010R/viewDetailPage.nh?wrsC=4036513127,설탕,설탕,예천,500,g
농협몰,4036513130,예천 화건 고춧가루 매운맛 500gx1,https://www.nonghyupmall.com/BC14010R/viewDetailPage.nh?wrsC=4036513130,설탕,설탕,예천,500,g
농협몰,4036513268,3년숙성 천일염 함초소금 450gx3,https://www.nonghyupmall.com/BC14010R/viewDetailPage.nh?wrsC=4036513268,설탕,설탕,3년숙성,450,g
농협몰,4036513271,3년숙성 소금 선물용 3종SET 각450g 함초+톳+마늘,https://www.nonghyupmall.com/BC14010R/viewDetailPage.nh?wrsC=4036513271,설탕,설탕,3년숙성,450,g
농협몰,4036835807,[다신샵] NO하얀밀가루 저당 성수동905 닭강정 2종 골라담기 / 건강간식 닭다리순살,https://www.nonghyupmall.com/BC14010R/viewDetailPage.nh?wrsC=4036835807,밀가루,밀가루,다신샵,,
농협몰,4037033749,[한국양계농협] 농협계란 안심플러스 계란 신선란 대란 30입 (15입*2팩),https://www.nonghyupmall.com/BC14010R/viewDetailPage.nh?wrsC=4037033749,계란,계란,한국양계농협,2,팩
농협몰,4037238667,[수면공감] 방수 라텍스 우유베개 알파 주니어(8~13세),https://www.nonghyupmall.com/BC14010R/viewDetailPage.nh?wrsC=4037238667,우유,우유,수면공감,,
농협몰,4037892137,그레잇 땅콩버터 200g x 2병(즉시제조/땅콩100%),https://www.nonghyupmall.com/BC14010R/viewDetailPage.nh?wrsC=4037892137,버터,버터,그레잇,200,g
농협몰,4038301830,3년묵은 세척 가정용 천일염(굵은입자)3kg,https://www.nonghyupmall.com/BC14010R/viewDetailPage.nh?wrsC=4038301830,설탕,설탕,3년묵은,3000,g
농협몰,4038803745,[라헨느] 더 퀸 304 스테인레스 2단 멀티 계란찜기 LHN-EG360,https://www.nonghyupmall.com/BC14010R/viewDetailPage.nh?wrsC=4038803745,계란,계란,라헨느,,
농협몰,4038816095,비스카 마이키친 전기 계란찜기 7구 VK-707EG,https://www.nonghyupmall.com/BC14010R/viewDetailPage.nh?wrsC=4038816095,계란,계란,비스카,7,구
농협몰,4038830222,애경 립바이브 슈가밤 쉐어버터 인텐스 4.8g x 20개,https://www.nonghyupmall.com/BC14010R/viewDetailPage.nh?wrsC=4038830222,버터,버터,애경,20,개
농협몰,4038830714,애경 립바이브 슈가밤 쉐어버터 인텐스 4.8g x 5개,https://www.nonghyupmall.com/BC14010R/viewDetailPage.nh?wrsC=4038830714,버터,버터,애경,5,개
농협몰,4038847615,그레잇 땅콩버터 200g x 3병(즉시제조/땅콩100%),https://www.nonghyupmall.com/BC14010R/viewDetailPage.nh?wrsC=4038847615,버터,버터,그레잇,200,g
농협몰,4038915389,"오초록 국내산 영광, 신안소금 천일염 20kg (23년~26년산) / 굵은소금, 박스포장",https://www.nonghyupmall.com/BC14010R/viewDetailPage.nh?wrsC=4038915389,설탕,설탕,오초록,20000,g
농협몰,4039232683,봄내 고구마빵 통밀빵 깜빠뉴 880g( 밀가루안들어가는빵 샌드위치빵 통밀식빵 모닝빵 치아타바 저탄수식빵 비건 저염 무설탕 저칼로리 단백질 식빵 ),https://www.nonghyupmall.com/BC14010R/viewDetailPage.nh?wrsC=4039232683,밀가루,밀가루,봄내,880,g
농협몰,4039263401,팔도 비빔칩 고추장마요맛x4 + 시그니처x4 + 버터간장맛x4,https://www.nonghyupmall.com/BC14010R/viewDetailPage.nh?wrsC=4039263401,버터,버터,팔도,,
농협몰,4039269115,쫄깃쫄깃 명품 구운란 30구/60구/90구 HACCP 인증 무살충제 구운계란,https://www.nonghyupmall.com/BC14010R/viewDetailPage.nh?wrsC=4039269115,계란,계란,쫄깃쫄깃,90,구
농협몰,4039272621,"[유기샘]100%국산-사과큐브 땅콩버터,390g(130gx3개)",https://www.nonghyupmall.com/BC14010R/viewDetailPage.nh?wrsC=4039272621,버터,버터,유기샘,3,개
농협몰,4039274221,천연한끼 해양심층수 버섯소금 100g 한생원,https://www.nonghyupmall.com/BC14010R/viewDetailPage.nh?wrsC=4039274221,설탕,설탕,천연한끼,100,g
농협몰,4039274854,백설 스테비아 설탕 1kg x2개,https://www.nonghyupmall.com/BC14010R/viewDetailPage.nh?wrsC=4039274854,설탕,설탕,백설,2,개
농협몰,4039275097,피자나라치킨공주 더블포테이토피치세트L(더블포테이토피자L+후라이드치킨(뼈))+리얼웨지버터갈릭+콜라1.25L,https://www.nonghyupmall.com/BC14010R/viewDetailPage.nh?wrsC=4039275097,버터,버터,피자나라치킨공주,1250.00,ml
농협몰,4039277064,민속주왕주 남상란명인 13도 375ml 3병 선물세트 살균약주,https://www.nonghyupmall.com/BC14010R/viewDetailPage.nh?wrsC=4039277064,계란,계란,민속주왕주,375,ml
농협몰,4039296069,연세우유 세브란스 전용목장 A2단백 멸균우유 180ml 72팩,https://www.nonghyupmall.com/BC14010R/viewDetailPage.nh?wrsC=4039296069,우유,우유,연세우유,72,팩
농협몰,4039297640,[해피콜] 포텐셜 티타늄 IH 계란말이팬 중형 클래식블루,https://www.nonghyupmall.com/BC14010R/viewDetailPage.nh?wrsC=4039297640,계란,계란,해피콜,,
농협몰,4039297736,헤스타 국산 100% 실리콘 대형 계란찜기 레드 이유식 전자레인지 용기,https://www.nonghyupmall.com/BC14010R/viewDetailPage.nh?wrsC=4039297736,계란,계란,헤스타,,
농협몰,4039298698,위즈웰 올 스테인리스 에그스팀 계란찜기 WSE6409,https://www.nonghyupmall.com/BC14010R/viewDetailPage.nh?wrsC=4039298698,계란,계란,위즈웰,,
농협몰,4039302663,[빙그레] 왕실드링크 2종 190ml 24팩 /왕실초코/왕실말차,https://www.nonghyupmall.com/BC14010R/viewDetailPage.nh?wrsC=4039302663,우유,우유,빙그레,24,팩
농협몰,4039311924,서울우유 단호박우유죽 130gx10개,https://www.nonghyupmall.com/BC14010R/viewDetailPage.nh?wrsC=4039311924,우유,우유,서울우유,10,개
농협몰,4039312419,헤스타 국내산 100% 실리콘 와이드 뒤집개 넓은 계란말이 부침개 전 뒤집개,https://www.nonghyupmall.com/BC14010R/viewDetailPage.nh?wrsC=4039312419,계란,계란,헤스타,,
농협몰,4039343617,맷돌로 갈아 만든 100% 국내산 반반콩물(백태+우뭇가사리) 500ml 총 2병,https://www.nonghyupmall.com/BC14010R/viewDetailPage.nh?wrsC=4039343617,버터,버터,맷돌로,500,ml
농협몰,4039343620,맷돌로 갈아 만든 100% 국내산 반반콩물(백태1000ml+우뭇가사리500ml) 총 2병,https://www.nonghyupmall.com/BC14010R/viewDetailPage.nh?wrsC=4039343620,버터,버터,맷돌로,500,ml
농협몰,4039375186,[메이버스 무가당] 더 진하게 볶은 고단백 영양 땅콩버터(옵션),https://www.nonghyupmall.com/BC14010R/viewDetailPage.nh?wrsC=4039375186,버터,버터,메이버스 무가당,,
농협몰,4039382243,햇반 컵반 컵밥 스팸마요덮밥 219g x6개+버터장조림비빔밥 216g x6개,https://www.nonghyupmall.com/BC14010R/viewDetailPage.nh?wrsC=4039382243,버터,버터,햇반,6,개
농협몰,4039382371,햇반 컵반 컵밥 버터장조림비빔밥 216g x17개+치킨마요덮밥 233g x1개,https://www.nonghyupmall.com/BC14010R/viewDetailPage.nh?wrsC=4039382371,버터,버터,햇반,1,개
농협몰,4039382483,백설 제로 칼로리 알룰로스 700g x2개+스테비아 설탕 400g x1개,https://www.nonghyupmall.com/BC14010R/viewDetailPage.nh?wrsC=4039382483,설탕,설탕,백설,1,개
농협몰,4039392367,굿앤키즈 어린이 튼튼 성장기 우유칼슘 CBP 하이초유단백 60정 2박스 / 비타민D 산양유분말 바나나맛 캔디,https://www.nonghyupmall.com/BC14010R/viewDetailPage.nh?wrsC=4039392367,우유,우유,굿앤키즈,,
농협몰,4039393568,서울우유 유기농우유 200mlx24개,https://www.nonghyupmall.com/BC14010R/viewDetailPage.nh?wrsC=4039393568,우유,우유,서울우유,24,개
농협몰,4039396301,건국유업 착한목장 락토프리 소화가잘되는 우유 190ml 24팩,https://www.nonghyupmall.com/BC14010R/viewDetailPage.nh?wrsC=4039396301,우유,우유,건국유업,24,팩
농협몰,4039400206,이디야커피 (조각케익)우유생크림,https://www.nonghyupmall.com/BC14010R/viewDetailPage.nh?wrsC=4039400206,우유,우유,이디야커피,,
농협몰,4039400954,[CASAMOM] 까사맘 짜고짜고 음식 짤순이 (추가 옵션: 유청분리기),https://www.nonghyupmall.com/BC14010R/viewDetailPage.nh?wrsC=4039400954,설탕,설탕,CASAMOM,,
농협몰,4039401915,그라인더 소금후추세트,https://www.nonghyupmall.com/BC14010R/viewDetailPage.nh?wrsC=4039401915,설탕,설탕,그라인더,,
농협몰,4039405160,독일 콕스타 인덕션 아델라 스페셜 3구 계란말이 에그팬 사각 프라이팬 후라이팬 웍 궁중팬,https://www.nonghyupmall.com/BC14010R/viewDetailPage.nh?wrsC=4039405160,계란,계란,독일,3,구
농협몰,4039410841,[홈쇼핑히트] AGK 퀴진 조이 쵸퍼 MPC-150 2in1 멀티 전동 다지기,https://www.nonghyupmall.com/BC14010R/viewDetailPage.nh?wrsC=4039410841,계란,계란,홈쇼핑히트,,
농협몰,4039424293,비비고 도톰동그랑땡 560g x4개+계란옷입은 고기완자 480g x1개,https://www.nonghyupmall.com/BC14010R/viewDetailPage.nh?wrsC=4039424293,계란,계란,비비고,1,개
농협몰,4039425366,[콕스타] 리안 인덕션 IH 세라믹 사각계란말이팬 3종 세트 KSC-RAIHWD4QMP,https://www.nonghyupmall.com/BC14010R/viewDetailPage.nh?wrsC=4039425366,계란,계란,콕스타,,
농협몰,4039434544,서울우유 프루티홈 토마토 1000mlx9개,https://www.nonghyupmall.com/BC14010R/viewDetailPage.nh?wrsC=4039434544,우유,우유,서울우유,9,개
농협몰,4039439718,연세우유 세브란스 전용목장 A2단백우유 딸기 125ml 48팩,https://www.nonghyupmall.com/BC14010R/viewDetailPage.nh?wrsC=4039439718,우유,우유,연세우유,48,팩
농협몰,4039443102,[키친플래그] 오일 스프레이 4종 세트,https://www.nonghyupmall.com/BC14010R/viewDetailPage.nh?wrsC=4039443102,설탕,설탕,키친플래그,,
농협몰,4039485906,국내산 구운계란 60구 대란,https://www.nonghyupmall.com/BC14010R/viewDetailPage.nh?wrsC=4039485906,계란,계란,국내산,60,구
농협몰,4039487098,다림 새우계란죽 500gX7팩 새우의 풍미 영양높은 계란 부드러운 영양죽,https://www.nonghyupmall.com/BC14010R/viewDetailPage.nh?wrsC=4039487098,계란,계란,다림,7,팩
농협몰,4039487858,"[서울우유] 홍삼츄츄 블루베리,포도 100ml 30팩",https://www.nonghyupmall.com/BC14010R/viewDetailPage.nh?wrsC=4039487858,우유,우유,서울우유,30,팩
농협몰,4039493363,바다살림 간수뺀 깸파리 숯소금20kg,https://www.nonghyupmall.com/BC14010R/viewDetailPage.nh?wrsC=4039493363,설탕,설탕,바다살림,20000,g
농협몰,4039498665,가니 A6776 099 애니멀 그래픽 버터플라이 로고 플랩 카드지갑,https://www.nonghyupmall.com/BC14010R/viewDetailPage.nh?wrsC=4039498665,버터,버터,가니,,
농협몰,4039503266,매일유업 멸균 초콜릿 우유 200ml*48입,https://www.nonghyupmall.com/BC14010R/viewDetailPage.nh?wrsC=4039503266,우유,우유,매일유업,48,입
농협몰,4039505671,[드렁크엘리펀트] 슬라이 메이크업-멜팅 버터 클렌저 110g + 밤부 부스터 3g,https://www.nonghyupmall.com/BC14010R/viewDetailPage.nh?wrsC=4039505671,버터,버터,드렁크엘리펀트,3,g
농협몰,4039515229,[건국] 착한목장 소화가 잘되는 멸균우유 190mlx72팩,https://www.nonghyupmall.com/BC14010R/viewDetailPage.nh?wrsC=4039515229,우유,우유,건국,72,팩
농협몰,4039515456,파스퇴르 킨더밀쉬 200ml (20개입)x2개,https://www.nonghyupmall.com/BC14010R/viewDetailPage.nh?wrsC=4039515456,우유,우유,파스퇴르,2,개
농협몰,4039515638,햇반 퀴노아곤약 닭불고기주먹밥 400g x2개+갈릭버터주먹밥 400g x2개,https://www.nonghyupmall.com/BC14010R/viewDetailPage.nh?wrsC=4039515638,버터,버터,햇반,2,개
농협몰,4039515641,햇반 퀴노아곤약 갈릭버터주먹밥 400g x4개,https://www.nonghyupmall.com/BC14010R/viewDetailPage.nh?wrsC=4039515641,버터,버터,햇반,4,개
농협몰,4039525570,청정원 그레인보우 에그&베지 200g,https://www.nonghyupmall.com/BC14010R/viewDetailPage.nh?wrsC=4039525570,계란,계란,청정원,200,g
농협몰,4039529530,[양계장사람들] 무항생제 특란 90구,https://www.nonghyupmall.com/BC14010R/viewDetailPage.nh?wrsC=4039529530,계란,계란,양계장사람들,90,구
농협몰,4039535029,파스퇴르 바른목장 우유 190mlX48개,https://www.nonghyupmall.com/BC14010R/viewDetailPage.nh?wrsC=4039535029,우유,우유,파스퇴르,48,개
농협몰,4039535850,부산우유 라떼는말이야 옥수수라떼 150ml 24개입,https://www.nonghyupmall.com/BC14010R/viewDetailPage.nh?wrsC=4039535850,우유,우유,부산우유,24,개입
농협몰,4039536824,찰떡아이스 옥수수 크림치즈x10+소금우유 카라멜x10,https://www.nonghyupmall.com/BC14010R/viewDetailPage.nh?wrsC=4039536824,우유,우유,찰떡아이스,,
농협몰,4039540391,[냉장] 비요뜨 3종 혼합구성 12개 기획세트 (크런치볼4초코링4쿠키4),https://www.nonghyupmall.com/BC14010R/viewDetailPage.nh?wrsC=4039540391,우유,우유,냉장,12,개
농협몰,4039543288,버터플라이 샤 드레스 여아 생일 공주원피스 206183,https://www.nonghyupmall.com/BC14010R/viewDetailPage.nh?wrsC=4039543288,버터,버터,버터플라이,,
농협몰,4039544801,파스퇴르 단백질플러스 검은콩검은깨 195ml x 20개입,https://www.nonghyupmall.com/BC14010R/viewDetailPage.nh?wrsC=4039544801,우유,우유,파스퇴르,20,개입
농협몰,4039545552,서울우유 저지방우유 200mlx48개,https://www.nonghyupmall.com/BC14010R/viewDetailPage.nh?wrsC=4039545552,우유,우유,서울우유,48,개
농협몰,4039545833,땅콩버터 500g 1병 스무스,https://www.nonghyupmall.com/BC14010R/viewDetailPage.nh?wrsC=4039545833,버터,버터,땅콩버터,500,g
농협몰,4039545990,[비브르] 2단 올스텐 계란찜기 자동타이머 다용도 스팀 VST600,https://www.nonghyupmall.com/BC14010R/viewDetailPage.nh?wrsC=4039545990,계란,계란,비브르,,
농협몰,4039546399,백설 파스타소스 콰트로치즈크림 430g x3개+트러플버터크림 430g x3개,https://www.nonghyupmall.com/BC14010R/viewDetailPage.nh?wrsC=4039546399,버터,버터,백설,3,개
농협몰,4039546414,백설 파스타소스 추천 4종 세트(토마토 600g+꽃게로제 430g+봉골레 430g+트러플버터크크림 430g),https://www.nonghyupmall.com/BC14010R/viewDetailPage.nh?wrsC=4039546414,버터,버터,백설,430,g
농협몰,4039546430,백설 트러플버터크림 파스타소스 430g x6개,https://www.nonghyupmall.com/BC14010R/viewDetailPage.nh?wrsC=4039546430,버터,버터,백설,6,개
농협몰,4039547871,[동원] 덴마크목장 무항생제인증우유 120mL 32개,https://www.nonghyupmall.com/BC14010R/viewDetailPage.nh?wrsC=4039547871,우유,우유,동원,32,개
농협몰,4039549880,[리만월] 티라미수 롤케이크 240g + 우유크림 롤케이크 170g,https://www.nonghyupmall.com/BC14010R/viewDetailPage.nh?wrsC=4039549880,우유,우유,리만월,170,g
농협몰,4039551559,[매직쉐프] 코어 프로핏 그립 컨트롤 2in1 전동 그라인더 (스텐실버),https://www.nonghyupmall.com/BC14010R/viewDetailPage.nh?wrsC=4039551559,설탕,설탕,매직쉐프,,
농협몰,4039551562,[매직쉐프] 코어 프로핏 그립 컨트롤 2in1 전동 그라인더 (스텐화이트),https://www.nonghyupmall.com/BC14010R/viewDetailPage.nh?wrsC=4039551562,설탕,설탕,매직쉐프,,
농협몰,4039552961,아몬드브리즈 언스위트 190ml(24개입),https://www.nonghyupmall.com/BC14010R/viewDetailPage.nh?wrsC=4039552961,우유,우유,아몬드브리즈,24,개입
농협몰,4039553328,동물복지 유정란 1호 자연방사 난각번호 1번 유정란 계란 달걀,https://www.nonghyupmall.com/BC14010R/viewDetailPage.nh?wrsC=4039553328,계란,계란,동물복지,,
농협몰,4039558336,"다비도프 리치아로마 스틱 커피 1.8g, 50개입",https://www.nonghyupmall.com/BC14010R/viewDetailPage.nh?wrsC=4039558336,우유,우유,다비도프,50,개입
농협몰,4039560597,[보국] 프리미엄 탄소매트 버니글로우 버터크림 더블 BKB-4201D,https://www.nonghyupmall.com/BC14010R/viewDetailPage.nh?wrsC=4039560597,버터,버터,보국,,
농협몰,5000917747,[임실치즈농협] 선물세트 2호,https://www.nonghyupmall.com/BC14010R/viewDetailPage.nh?wrsC=5000917747,버터,버터,임실치즈농협,,
농협몰,5000917763,[임실치즈농협]포션선물세트,https://www.nonghyupmall.com/BC14010R/viewDetailPage.nh?wrsC=5000917763,버터,버터,임실치즈농협,,
농협몰,5013676947,[농협식품] 농협 굵은소금 3kg,https://www.nonghyupmall.com/BC14010R/viewDetailPage.nh?wrsC=5013676947,설탕,설탕,농협식품,3000,g
농협몰,5013676950,[농협식품] 농협 신안천일염 탈수염 10kg,https://www.nonghyupmall.com/BC14010R/viewDetailPage.nh?wrsC=5013676950,설탕,설탕,농협식품,10000,g
농협몰,5018214362,[다신샵] 오븐에 구운 통밀당 단백칩 6종 골라담기 / NO 하얀밀가루 단백질 과자,https://www.nonghyupmall.com/BC14010R/viewDetailPage.nh?wrsC=5018214362,밀가루,밀가루,다신샵,,
농협몰,5025134350,창평쌀조청 500g / 조청쌀엿 설탕물엿보다 깊은단맛,https://www.nonghyupmall.com/BC14010R/viewDetailPage.nh?wrsC=5025134350,설탕,설탕,창평쌀조청,500,g
농협몰,5027055880,참미소 쌀눈귀리칩스 60g 무설탕 무색소 무방부제 현미쌀과자 건강간식 요양원 탕비실,https://www.nonghyupmall.com/BC14010R/viewDetailPage.nh?wrsC=5027055880,설탕,설탕,참미소,60,g
농협몰,5028839197,[당 없는 무설탕커피] GNM 품격있는 스테비아 커피믹스 스틱 1박스 / 제로슈가 무가당 커피,https://www.nonghyupmall.com/BC14010R/viewDetailPage.nh?wrsC=5028839197,설탕,설탕,당 없는 무설탕커피,,
농협몰,5028839986,[당 없는 무설탕커피] GNM 품격있는 스테비아 커피믹스 스틱 6박스 / 제로슈가 무가당 커피,https://www.nonghyupmall.com/BC14010R/viewDetailPage.nh?wrsC=5028839986,설탕,설탕,당 없는 무설탕커피,,
농협몰,5029614027,[인산죽염] 3회 인산죽염 분말 1kg,https://www.nonghyupmall.com/BC14010R/viewDetailPage.nh?wrsC=5029614027,설탕,설탕,인산죽염,1000,g
농협몰,5029614506,[인산죽염] 1회 인산죽염 분말 300g,https://www.nonghyupmall.com/BC14010R/viewDetailPage.nh?wrsC=5029614506,설탕,설탕,인산죽염,300,g
농협몰,5029824879,할리스 에그 마요,https://www.nonghyupmall.com/BC14010R/viewDetailPage.nh?wrsC=5029824879,계란,계란,할리스,,
농협몰,5030137472,[한생원] 양송이버섯 소금,https://www.nonghyupmall.com/BC14010R/viewDetailPage.nh?wrsC=5030137472,설탕,설탕,한생원,,
농협몰,5030222794,구운계란 90구,https://www.nonghyupmall.com/BC14010R/viewDetailPage.nh?wrsC=5030222794,계란,계란,구운계란,90,구
농협몰,5030295499,순메밀가루 1kgx2,https://www.nonghyupmall.com/BC14010R/viewDetailPage.nh?wrsC=5030295499,밀가루,밀가루,순메밀가루,1000,g
농협몰,5032629906,[경기 여주] 땅콩호박 버터넛스쿼시 8kg 5kg,https://www.nonghyupmall.com/BC14010R/viewDetailPage.nh?wrsC=5032629906,버터,버터,경기 여주,5000,g
농협몰,5033451423,[풀무원다논] 액티비아 스무디 딸기바나나 4입(150ml x 4입) x 6개,https://www.nonghyupmall.com/BC14010R/viewDetailPage.nh?wrsC=5033451423,우유,우유,풀무원다논,6,개
농협몰,5033499519,풀무원 장국 3종(황태미역국/미소된장국/황태계란북엇국) 8봉 골라담기,https://www.nonghyupmall.com/BC14010R/viewDetailPage.nh?wrsC=5033499519,계란,계란,풀무원,8,봉
농협몰,5034547437,두레촌 강봉석 자일로스 조청설탕 400g,https://www.nonghyupmall.com/BC14010R/viewDetailPage.nh?wrsC=5034547437,설탕,설탕,두레촌,400,g
농협몰,5035119772,[신세계푸드] 더메나쥬리x상하목장 우유 레이어 케이크,https://www.nonghyupmall.com/BC14010R/viewDetailPage.nh?wrsC=5035119772,우유,우유,신세계푸드,,
농협몰,5036202068,아몬드브리즈 오리지널 190ml(24개입),https://www.nonghyupmall.com/BC14010R/viewDetailPage.nh?wrsC=5036202068,우유,우유,아몬드브리즈,24,개입
농협몰,5036441294,백설 명품 천일염 오천년의 신비 중간입자 소금 500g x12개,https://www.nonghyupmall.com/BC14010R/viewDetailPage.nh?wrsC=5036441294,설탕,설탕,백설,12,개
농협몰,5036441306,백설 천일염 허브맛솔트 마늘맛 50g x6개,https://www.nonghyupmall.com/BC14010R/viewDetailPage.nh?wrsC=5036441306,설탕,설탕,백설,6,개
농협몰,5036441319,백설 구운소금 1kg x10개,https://www.nonghyupmall.com/BC14010R/viewDetailPage.nh?wrsC=5036441319,설탕,설탕,백설,10,개
농협몰,5036441322,백설 구운소금 500g x20개,https://www.nonghyupmall.com/BC14010R/viewDetailPage.nh?wrsC=5036441322,설탕,설탕,백설,20,개
농협몰,5036441773,백설 브라운 자일로스 설탕 1kg x2개,https://www.nonghyupmall.com/BC14010R/viewDetailPage.nh?wrsC=5036441773,설탕,설탕,백설,2,개
농협몰,5036441786,백설 하얀 자일로스 설탕 500g x2개,https://www.nonghyupmall.com/BC14010R/viewDetailPage.nh?wrsC=5036441786,설탕,설탕,백설,2,개
농협몰,5036441971,햇반 컵반 컵밥 버터장조림비빔밥 216g x6개,https://www.nonghyupmall.com/BC14010R/viewDetailPage.nh?wrsC=5036441971,버터,버터,햇반,6,개
농협몰,5036513126,예천 화건 고춧가루 보통맛 500gx1+매운맛 500gx1,https://www.nonghyupmall.com/BC14010R/viewDetailPage.nh?wrsC=5036513126,설탕,설탕,예천,500,g
농협몰,5036513267,3년숙성 천일염 함초소금 450gx5,https://www.nonghyupmall.com/BC14010R/viewDetailPage.nh?wrsC=5036513267,설탕,설탕,3년숙성,450,g
농협몰,5036513270,그라인더소금 3종 각55g 마늘양파+마늘후추+함초후추,https://www.nonghyupmall.com/BC14010R/viewDetailPage.nh?wrsC=5036513270,설탕,설탕,그라인더소금,55,g
농협몰,5036757711,[농협식품] 한우다시 300g*2개,https://www.nonghyupmall.com/BC14010R/viewDetailPage.nh?wrsC=5036757711,설탕,설탕,농협식품,2,개
농협몰,5037244449,풀무원 우유또띠아 225g x 10개,https://www.nonghyupmall.com/BC14010R/viewDetailPage.nh?wrsC=5037244449,우유,우유,풀무원,10,개
농협몰,5037244452,풀무원 또띠아 2종(우유/통밀) 10봉 혼합구성,https://www.nonghyupmall.com/BC14010R/viewDetailPage.nh?wrsC=5037244452,우유,우유,풀무원,10,봉
농협몰,5037349997,햇반 쿡반 버터장조림주먹밥 500g x4개,https://www.nonghyupmall.com/BC14010R/viewDetailPage.nh?wrsC=5037349997,버터,버터,햇반,4,개
농협몰,5037766349,[임실치즈농협] 임실 스모크 치즈,https://www.nonghyupmall.com/BC14010R/viewDetailPage.nh?wrsC=5037766349,버터,버터,임실치즈농협,,
농협몰,5038847614,그레잇 땅콩버터 200g x 4병(즉시제조/땅콩100%),https://www.nonghyupmall.com/BC14010R/viewDetailPage.nh?wrsC=5038847614,버터,버터,그레잇,200,g
농협몰,5038905008,[클리오] 버터 밤 크레용 기획세트 (샤프너증정),https://www.nonghyupmall.com/BC14010R/viewDetailPage.nh?wrsC=5038905008,버터,버터,클리오,,
농협몰,5039095379,보랄 더 셰프 전기 계란찜기 8구 BR-800EB,https://www.nonghyupmall.com/BC14010R/viewDetailPage.nh?wrsC=5039095379,계란,계란,보랄,8,구
농협몰,5039263398,팔도 비빔칩 고추장마요맛x6 + 버터간장맛x6,https://www.nonghyupmall.com/BC14010R/viewDetailPage.nh?wrsC=5039263398,버터,버터,팔도,,
농협몰,5039263400,팔도 비빔칩 고추장마요맛x3 + 시그니처x3 + 버터간장맛x3,https://www.nonghyupmall.com/BC14010R/viewDetailPage.nh?wrsC=5039263400,버터,버터,팔도,,
농협몰,5039271825,연세우유 멸균우유 바나나우유 96팩,https://www.nonghyupmall.com/BC14010R/viewDetailPage.nh?wrsC=5039271825,우유,우유,연세우유,96,팩
농협몰,5039272617,[유기샘]100%국산-땅콩버터 420g(140gx3개),https://www.nonghyupmall.com/BC14010R/viewDetailPage.nh?wrsC=5039272617,버터,버터,유기샘,3,개
농협몰,5039274853,백설 스테비아 설탕 1kg x4개,https://www.nonghyupmall.com/BC14010R/viewDetailPage.nh?wrsC=5039274853,설탕,설탕,백설,4,개
농협몰,5039276619,연세우유 세브란스 전용목장 A2단백 멸균우유 180ml 24팩,https://www.nonghyupmall.com/BC14010R/viewDetailPage.nh?wrsC=5039276619,우유,우유,연세우유,24,팩
농협몰,5039276677,연세우유 세브란스 전용목장 A2단백 멸균우유 180ml 48팩,https://www.nonghyupmall.com/BC14010R/viewDetailPage.nh?wrsC=5039276677,우유,우유,연세우유,48,팩
농협몰,5039279184,[임실치즈농협] 간식 꾸러미,https://www.nonghyupmall.com/BC14010R/viewDetailPage.nh?wrsC=5039279184,버터,버터,임실치즈농협,,
농협몰,5039302659,[빙그레] 설탕이 들어가지 않은 우유 2종 190ml 24팩,https://www.nonghyupmall.com/BC14010R/viewDetailPage.nh?wrsC=5039302659,우유,우유,빙그레,24,팩
농협몰,5039304840,독일 콕스타 아델라 인덕션 IH계란말이팬 3종 세트 KSC-ADIHD4GRQ,https://www.nonghyupmall.com/BC14010R/viewDetailPage.nh?wrsC=5039304840,계란,계란,독일,4,g
농협몰,5039343616,맷돌로 갈아 만든 100% 국내산 서리태 콩물 1000ml 2병,https://www.nonghyupmall.com/BC14010R/viewDetailPage.nh?wrsC=5039343616,버터,버터,맷돌로,1000,ml
농협몰,5039374210,라벨영 쇼킹찐영양클렌징샴푸액 500mlx1개 와인+우유 발효영양으로 두피모발 토탈케어,https://www.nonghyupmall.com/BC14010R/viewDetailPage.nh?wrsC=5039374210,우유,우유,라벨영,1,개
농협몰,5039376018,서울우유 단호박우유죽 130gx30개,https://www.nonghyupmall.com/BC14010R/viewDetailPage.nh?wrsC=5039376018,우유,우유,서울우유,30,개
농협몰,5039376456,엔제리너스 [다이어트 성공부적] 에그마요 샐러드 + 아메리카노(R)?엔제리너스 카페라떼 S,https://www.nonghyupmall.com/BC14010R/viewDetailPage.nh?wrsC=5039376456,계란,계란,엔제리너스,,
농협몰,5039380415,스타벅스 [굿모닝 한끼 세트] 아이스 카페 아메리카노T + 더블 치킨 브레스트 체다&에그 샌드위치,https://www.nonghyupmall.com/BC14010R/viewDetailPage.nh?wrsC=5039380415,계란,계란,스타벅스,,
농협몰,5039382242,햇반 컵반 컵밥 스팸마요덮밥 219g x12개+버터장조림비빔밥 216g x12개,https://www.nonghyupmall.com/BC14010R/viewDetailPage.nh?wrsC=5039382242,버터,버터,햇반,12,개
농협몰,5039382370,햇반 컵반 컵밥 버터장조림비빔밥 216g x23개+치킨마요덮밥 233g x1개,https://www.nonghyupmall.com/BC14010R/viewDetailPage.nh?wrsC=5039382370,버터,버터,햇반,1,개
농협몰,5039382549,햇반 쿡반 주먹밥 500g 버터장조림 x1개+김치치즈 x1개+스팸김치 x1개,https://www.nonghyupmall.com/BC14010R/viewDetailPage.nh?wrsC=5039382549,버터,버터,햇반,1,개
농협몰,5039389285,굿앤키즈 어린이 튼튼 성장기 우유칼슘 CBP 하이초유단백 60정 1박스 / 비타민D 산양유분말 바나나맛 캔디,https://www.nonghyupmall.com/BC14010R/viewDetailPage.nh?wrsC=5039389285,우유,우유,굿앤키즈,,
농협몰,5039389582,14K 핑크골드 러브섬 버터플라이 반지 TRJK4P00037M,https://www.nonghyupmall.com/BC14010R/viewDetailPage.nh?wrsC=5039389582,버터,버터,14K,,
농협몰,5039389988,14K 핑크골드 로로 에그(OPAL) 피어싱 TEPK4P06321M(PC)-3,https://www.nonghyupmall.com/BC14010R/viewDetailPage.nh?wrsC=5039389988,계란,계란,14K,,
농협몰,5039392379,건국유업 멸균우유 200ml x 24팩,https://www.nonghyupmall.com/BC14010R/viewDetailPage.nh?wrsC=5039392379,우유,우유,건국유업,24,팩
농협몰,5039393637,서울우유 내안의 진짜 초코 280mlx36개,https://www.nonghyupmall.com/BC14010R/viewDetailPage.nh?wrsC=5039393637,우유,우유,서울우유,36,개
농협몰,5039393679,서울우유 딸기꿀딴지180mlx48개,https://www.nonghyupmall.com/BC14010R/viewDetailPage.nh?wrsC=5039393679,우유,우유,서울우유,48,개
농협몰,5039394531,[사조] 사조참치 간장버터 참치(안심따개) 100g X 48캔 /참치캔/통조림,https://www.nonghyupmall.com/BC14010R/viewDetailPage.nh?wrsC=5039394531,버터,버터,사조,100,g
농협몰,5039394560,[사조] 중력밀가루 1kg X 3개 /중력분,https://www.nonghyupmall.com/BC14010R/viewDetailPage.nh?wrsC=5039394560,밀가루,밀가루,사조,3,개
농협몰,5039398942,굿앤키즈 어린이 짜먹는 액상 카폴락 성장기 우유칼슘 30포 1박스 / 딸기맛 CBP 초유단백 비타민D 아연 망간,https://www.nonghyupmall.com/BC14010R/viewDetailPage.nh?wrsC=5039398942,우유,우유,굿앤키즈,,
농협몰,5039400221,[음성장터]신선하고 맛있는 계란 중란/대란 3판(90알),https://www.nonghyupmall.com/BC14010R/viewDetailPage.nh?wrsC=5039400221,계란,계란,음성장터,,
농협몰,5039400937,굿앤키즈 어린이 짜먹는 액상 카폴락 성장기 우유칼슘 30포 2박스 / 딸기맛 CBP 초유단백 비타민D 아연 망간,https://www.nonghyupmall.com/BC14010R/viewDetailPage.nh?wrsC=5039400937,우유,우유,굿앤키즈,,
농협몰,5039402610,그라인더 시즈닝세트(6종),https://www.nonghyupmall.com/BC14010R/viewDetailPage.nh?wrsC=5039402610,설탕,설탕,그라인더,,
농협몰,5039412466,연세우유 마카다미아 초코우유 24팩,https://www.nonghyupmall.com/BC14010R/viewDetailPage.nh?wrsC=5039412466,우유,우유,연세우유,24,팩
농협몰,5039432956,캐리어 인버터 벽걸이 냉난방기 ARQ131VB 전국기본설치비포함,https://www.nonghyupmall.com/BC14010R/viewDetailPage.nh?wrsC=5039432956,버터,버터,캐리어,,
농협몰,5039436370,3년묵은 굵은소금 천일염 20kg 박스포장,https://www.nonghyupmall.com/BC14010R/viewDetailPage.nh?wrsC=5039436370,설탕,설탕,3년묵은,20000,g
농협몰,5039443044,[빙그레] 요플레 오프룻 2종 15개 /딸기알로에/복숭아,https://www.nonghyupmall.com/BC14010R/viewDetailPage.nh?wrsC=5039443044,우유,우유,빙그레,15,개
농협몰,5039461710,독일 콕스타 스텐 디지털 전기 계란 찜기 가정용 멀티 쿠커 NKTMS-1000,https://www.nonghyupmall.com/BC14010R/viewDetailPage.nh?wrsC=5039461710,계란,계란,독일,,
농협몰,5039477072,[로얄그래프톤] 로사 IH인덕션 계란말이팬 24cm_RG2093,https://www.nonghyupmall.com/BC14010R/viewDetailPage.nh?wrsC=5039477072,계란,계란,로얄그래프톤,,
농협몰,5039477209,딸기는 원래 달콤하다 컵 190ml * 20,https://www.nonghyupmall.com/BC14010R/viewDetailPage.nh?wrsC=5039477209,우유,우유,딸기는,190,ml
농협몰,5039485905,국내산 구운계란 30구 대란,https://www.nonghyupmall.com/BC14010R/viewDetailPage.nh?wrsC=5039485905,계란,계란,국내산,30,구
농협몰,5039487831,[건국유업] 착한목장 소화가잘되는 우유 190ml 2박스(48팩),https://www.nonghyupmall.com/BC14010R/viewDetailPage.nh?wrsC=5039487831,우유,우유,건국유업,48,팩
농협몰,5039487857,"[서울우유] 홍삼츄츄 사과,배 100ml 30팩",https://www.nonghyupmall.com/BC14010R/viewDetailPage.nh?wrsC=5039487857,우유,우유,서울우유,30,팩
농협몰,5039487860,"[서울우유] 홍삼츄츄 블루베리,포도 100ml 40팩",https://www.nonghyupmall.com/BC14010R/viewDetailPage.nh?wrsC=5039487860,우유,우유,서울우유,40,팩
농협몰,5039497603,CP컴퍼니 16CMSS022A 005086W 683 다이애그널 렌즈 와펜 플리스 남성 맨투맨,https://www.nonghyupmall.com/BC14010R/viewDetailPage.nh?wrsC=5039497603,계란,계란,CP컴퍼니,,
농협몰,5039503278,매일유업 소화가잘되는우유 미숫가루 190ml*48,https://www.nonghyupmall.com/BC14010R/viewDetailPage.nh?wrsC=5039503278,우유,우유,매일유업,190,ml
농협몰,5039504073,[애월아빠들] 난각1번 제주 자연방사 무항생제 구엄닭 유정란 20구 40구,https://www.nonghyupmall.com/BC14010R/viewDetailPage.nh?wrsC=5039504073,계란,계란,애월아빠들,40,구
농협몰,5039515455,파스퇴르 가나초콜렛드링크 190ml(24개입)x1개,https://www.nonghyupmall.com/BC14010R/viewDetailPage.nh?wrsC=5039515455,우유,우유,파스퇴르,1,개
농협몰,5039515624,햇반 라이스플랜 닭가슴살 계란 볶음밥(컵) 210g x6개,https://www.nonghyupmall.com/BC14010R/viewDetailPage.nh?wrsC=5039515624,계란,계란,햇반,6,개
농협몰,5039515637,햇반 퀴노아곤약 닭불고기주먹밥 400g x3개+갈릭버터주먹밥 400g x3개,https://www.nonghyupmall.com/BC14010R/viewDetailPage.nh?wrsC=5039515637,버터,버터,햇반,3,개
농협몰,5039515640,햇반 퀴노아곤약 갈릭버터주먹밥 400g x5개,https://www.nonghyupmall.com/BC14010R/viewDetailPage.nh?wrsC=5039515640,버터,버터,햇반,5,개
농협몰,5039522835,"고소한 락토프리맛있는우유GT 락토프리 180ml X 24팩,48팩",https://www.nonghyupmall.com/BC14010R/viewDetailPage.nh?wrsC=5039522835,우유,우유,고소한,48,팩
농협몰,5039525186,청정원 허브맛솔트마늘&양파 52g,https://www.nonghyupmall.com/BC14010R/viewDetailPage.nh?wrsC=5039525186,설탕,설탕,청정원,52,g
농협몰,5039530515,[농협식품] 농협 참기름 간장계란볶음밥 420g 1봉,https://www.nonghyupmall.com/BC14010R/viewDetailPage.nh?wrsC=5039530515,계란,계란,농협식품,1,봉
농협몰,5039535028,파스퇴르 바른목장 우유 125mlX48개,https://www.nonghyupmall.com/BC14010R/viewDetailPage.nh?wrsC=5039535028,우유,우유,파스퇴르,48,개
농협몰,5039535833,부산우유 멸균 바나나우유 190ml 24개입,https://www.nonghyupmall.com/BC14010R/viewDetailPage.nh?wrsC=5039535833,우유,우유,부산우유,24,개입
농협몰,5039537897,쿠비녹스 스테인레스 2단계란찜기 CX-253EG,https://www.nonghyupmall.com/BC14010R/viewDetailPage.nh?wrsC=5039537897,계란,계란,쿠비녹스,,
농협몰,5039540390,서울우유 속편한우유 플러스 저지방 190mlx48개,https://www.nonghyupmall.com/BC14010R/viewDetailPage.nh?wrsC=5039540390,우유,우유,서울우유,48,개
농협몰,5039544800,파스퇴르 단백질플러스 곡물맛 195ml x 18개입,https://www.nonghyupmall.com/BC14010R/viewDetailPage.nh?wrsC=5039544800,우유,우유,파스퇴르,18,개입
농협몰,5039547883,[동원] 덴마크 소화가 잘되는 우유 2.3L 2개,https://www.nonghyupmall.com/BC14010R/viewDetailPage.nh?wrsC=5039547883,우유,우유,동원,2,개
농협몰,5039549272,CP컴퍼니 18CMSS023A 005086W 103 다이애그널 렌즈 와펜 남성 맨투맨 티셔츠,https://www.nonghyupmall.com/BC14010R/viewDetailPage.nh?wrsC=5039549272,계란,계란,CP컴퍼니,,
농협몰,5039552465,골든에그 햇감자 황금감자 대특,https://www.nonghyupmall.com/BC14010R/viewDetailPage.nh?wrsC=5039552465,계란,계란,골든에그,,
농협몰,5039554599,밸런스밀 프로틴바 단백질바 피넛버터 34g 4입 x4개(총 16개),https://www.nonghyupmall.com/BC14010R/viewDetailPage.nh?wrsC=5039554599,버터,버터,밸런스밀,16,개
농협몰,5039554601,밸런스밀 프로틴바 단백질바 피넛버터 34g 4입 x2개(총 8개),https://www.nonghyupmall.com/BC14010R/viewDetailPage.nh?wrsC=5039554601,버터,버터,밸런스밀,8,개
농협몰,5039557329,남양 임페리얼드림 XO 분유 (0~6개월) 1단계 800g X 1캔,https://www.nonghyupmall.com/BC14010R/viewDetailPage.nh?wrsC=5039557329,우유,우유,남양,800,g
농협몰,5039560596,[보국] 프리미엄 탄소매트 버니글로우 버터크림 싱글 BKB-4201S,https://www.nonghyupmall.com/BC14010R/viewDetailPage.nh?wrsC=5039560596,버터,버터,보국,,
농협몰,5039561333,두쫀쿠 찰떡파이 피스타치오맛 300g x1 + 제크샌드 골든콘버터 223g x1,https://www.nonghyupmall.com/BC14010R/viewDetailPage.nh?wrsC=5039561333,버터,버터,두쫀쿠,223,g
농협몰,6000713889,베지밀 담백한 베지밀A 48팩,https://www.nonghyupmall.com/BC14010R/viewDetailPage.nh?wrsC=6000713889,우유,우유,베지밀,48,팩
농협몰,6000714671,진한 콩국물 검은콩*12본,https://www.nonghyupmall.com/BC14010R/viewDetailPage.nh?wrsC=6000714671,우유,우유,진한,,
농협몰,6011765064,[전북 고창] 해리농협 천만금 실속선물세트,https://www.nonghyupmall.com/BC14010R/viewDetailPage.nh?wrsC=6011765064,설탕,설탕,전북 고창,,
농협몰,6011792851,[감동란]간이배어 있는 촉촉한 반숙계란 30개입,https://www.nonghyupmall.com/BC14010R/viewDetailPage.nh?wrsC=6011792851,계란,계란,감동란,30,개입
농협몰,6013997384,삼손푸드 황토에 직접구운 알카리소금 250g,https://www.nonghyupmall.com/BC14010R/viewDetailPage.nh?wrsC=6013997384,설탕,설탕,삼손푸드,250,g
농협몰,6017640989,해리농협 천만금 갯벌천일염 20kg 2025년산,https://www.nonghyupmall.com/BC14010R/viewDetailPage.nh?wrsC=6017640989,설탕,설탕,해리농협,20000,g
농협몰,6023666515,[홈앤하우스] 프리모 3단조절 양념병 기본형,https://www.nonghyupmall.com/BC14010R/viewDetailPage.nh?wrsC=6023666515,설탕,설탕,홈앤하우스,,
농협몰,6023825231,[홈앤하우스] 프리모 그라인더 150ml 2P,https://www.nonghyupmall.com/BC14010R/viewDetailPage.nh?wrsC=6023825231,설탕,설탕,홈앤하우스,150,ml
농협몰,6028839985,[당 없는 무설탕커피] GNM 품격있는 스테비아 커피믹스 스틱 4박스 / 제로슈가 무가당 커피,https://www.nonghyupmall.com/BC14010R/viewDetailPage.nh?wrsC=6028839985,설탕,설탕,당 없는 무설탕커피,,
농협몰,6029612257,[인산죽염] 9회인산자죽염 고체 240g,https://www.nonghyupmall.com/BC14010R/viewDetailPage.nh?wrsC=6029612257,설탕,설탕,인산죽염,240,g
농협몰,6029612260,[인산죽염] 9회인산자죽염 분말 240g,https://www.nonghyupmall.com/BC14010R/viewDetailPage.nh?wrsC=6029612260,설탕,설탕,인산죽염,240,g
농협몰,6029612567,[인산죽염] 9회인산자죽염 고체 500g,https://www.nonghyupmall.com/BC14010R/viewDetailPage.nh?wrsC=6029612567,설탕,설탕,인산죽염,500,g
농협몰,6029612624,[인산죽염] 9회인산자죽염 분말 1kg,https://www.nonghyupmall.com/BC14010R/viewDetailPage.nh?wrsC=6029612624,설탕,설탕,인산죽염,1000,g
농협몰,6029613742,[인산죽염] 3회 인산죽염 과립 250g,https://www.nonghyupmall.com/BC14010R/viewDetailPage.nh?wrsC=6029613742,설탕,설탕,인산죽염,250,g
농협몰,6031969774,[농협식품] 100% 국산! 친환경 인증 깐메추리알 400g,https://www.nonghyupmall.com/BC14010R/viewDetailPage.nh?wrsC=6031969774,계란,계란,농협식품,400,g
농협몰,6032894347,간장버터치즈 구운주먹밥100g 30팩,https://www.nonghyupmall.com/BC14010R/viewDetailPage.nh?wrsC=6032894347,버터,버터,간장버터치즈,30,팩
농협몰,6033499518,풀무원 장국 3종(황태미역국/미소된장국/황태계란북엇국) 6봉 혼합구성,https://www.nonghyupmall.com/BC14010R/viewDetailPage.nh?wrsC=6033499518,계란,계란,풀무원,6,봉
농협몰,6035115050,30년전통 떡장인의 공주밤 쑥알밤찰떡 800g/우유알밤설기 800g,https://www.nonghyupmall.com/BC14010R/viewDetailPage.nh?wrsC=6035115050,우유,우유,30년전통,800,g
농협몰,6036156649,삼립 소화가잘되는우유식빵 420g 4봉,https://www.nonghyupmall.com/BC14010R/viewDetailPage.nh?wrsC=6036156649,우유,우유,삼립,4,봉
농협몰,6036156678,빚은 드래곤쑥쑥설기 외 동물설기떡 1봉 택(드래곤쑥/딸기토끼/우유팬더),https://www.nonghyupmall.com/BC14010R/viewDetailPage.nh?wrsC=6036156678,우유,우유,빚은,1,봉
농협몰,6036202124,어메이징오트 언스위트 190ml(24개입),https://www.nonghyupmall.com/BC14010R/viewDetailPage.nh?wrsC=6036202124,우유,우유,어메이징오트,24,개입
농협몰,6036417070,백설 중력 밀가루 2.5kg x2개,https://www.nonghyupmall.com/BC14010R/viewDetailPage.nh?wrsC=6036417070,밀가루,밀가루,백설,2,개
농협몰,6036417083,백설 통밀밀가루 1kg x2개,https://www.nonghyupmall.com/BC14010R/viewDetailPage.nh?wrsC=6036417083,밀가루,밀가루,백설,2,개
농협몰,6036441305,백설 천일염 허브맛솔트 마늘맛 50g x10개,https://www.nonghyupmall.com/BC14010R/viewDetailPage.nh?wrsC=6036441305,설탕,설탕,백설,10,개
농협몰,6036441318,백설 명품 천일염 오천년의 신비 가는입자 소금 250g x2개,https://www.nonghyupmall.com/BC14010R/viewDetailPage.nh?wrsC=6036441318,설탕,설탕,백설,2,개
농협몰,6036441321,백설 꽃소금 1kg x10개,https://www.nonghyupmall.com/BC14010R/viewDetailPage.nh?wrsC=6036441321,설탕,설탕,백설,10,개
농협몰,6036441772,백설 브라운 자일로스 설탕 2kg x2개,https://www.nonghyupmall.com/BC14010R/viewDetailPage.nh?wrsC=6036441772,설탕,설탕,백설,2,개
농협몰,6036441785,백설 하얀 자일로스 설탕 1kg x2개,https://www.nonghyupmall.com/BC14010R/viewDetailPage.nh?wrsC=6036441785,설탕,설탕,백설,2,개
농협몰,6036441868,햇반 컵반 컵밥 버터장조림비빔밥 216g x24개,https://www.nonghyupmall.com/BC14010R/viewDetailPage.nh?wrsC=6036441868,버터,버터,햇반,24,개
농협몰,6036513125,예천 화건 고춧가루 보통맛 500gx2+매운맛 500gx2,https://www.nonghyupmall.com/BC14010R/viewDetailPage.nh?wrsC=6036513125,설탕,설탕,예천,500,g
농협몰,6036513266,3년숙성 천일염 톳소금 450x1,https://www.nonghyupmall.com/BC14010R/viewDetailPage.nh?wrsC=6036513266,설탕,설탕,3년숙성,,
농협몰,6036513279,3년숙성 천일염 굵은소금 1kgx5팩,https://www.nonghyupmall.com/BC14010R/viewDetailPage.nh?wrsC=6036513279,설탕,설탕,3년숙성,5,팩
농협몰,6036691306,베지밀 단백한베지밀 A병 (190mlx10)x4박스,https://www.nonghyupmall.com/BC14010R/viewDetailPage.nh?wrsC=6036691306,우유,우유,베지밀,190,ml
농협몰,6037349967,햇반 쿡반 만능계란볶음밥 400g x4개,https://www.nonghyupmall.com/BC14010R/viewDetailPage.nh?wrsC=6037349967,계란,계란,햇반,4,개
농협몰,6037349996,햇반 쿡반 버터장조림주먹밥 500g x6개,https://www.nonghyupmall.com/BC14010R/viewDetailPage.nh?wrsC=6037349996,버터,버터,햇반,6,개
농협몰,6037399339,그레잇 아몬드버터 200g(즉시제조/아몬드100%),https://www.nonghyupmall.com/BC14010R/viewDetailPage.nh?wrsC=6037399339,버터,버터,그레잇,200,g
농협몰,6038303061,[대용량]3년묵은 세척 김장용 천일염10kg,https://www.nonghyupmall.com/BC14010R/viewDetailPage.nh?wrsC=6038303061,설탕,설탕,대용량,10000,g
농협몰,6038847613,그레잇 아몬드버터 200g x 3병(즉시제조/아몬드100%),https://www.nonghyupmall.com/BC14010R/viewDetailPage.nh?wrsC=6038847613,버터,버터,그레잇,200,g
농협몰,6039095378,[UNIMAX] 유니맥스 다용도 2단 스텐 계란 찜기 UM-EGD2135,https://www.nonghyupmall.com/BC14010R/viewDetailPage.nh?wrsC=6039095378,계란,계란,UNIMAX,,
농협몰,6039111223,[쿠쿠전자] 6인용 전기보온 에그밥솥 CR-0675FW,https://www.nonghyupmall.com/BC14010R/viewDetailPage.nh?wrsC=6039111223,계란,계란,쿠쿠전자,,
농협몰,6039235044,[나이테] 휴대용 에그 미니 손난로 보조배터리 (NT-PW200/양면발열/3단계온도조절),https://www.nonghyupmall.com/BC14010R/viewDetailPage.nh?wrsC=6039235044,계란,계란,나이테,,
농협몰,6039260327,[임실치즈농협] 부드러운 임실 어린이 치즈,https://www.nonghyupmall.com/BC14010R/viewDetailPage.nh?wrsC=6039260327,버터,버터,임실치즈농협,,
농협몰,6039271824,연세우유 멸균우유 바나나우유 72팩,https://www.nonghyupmall.com/BC14010R/viewDetailPage.nh?wrsC=6039271824,우유,우유,연세우유,72,팩
농협몰,6039272504,건국 착한목장 무항생제 멸균우유 190mlx24팩,https://www.nonghyupmall.com/BC14010R/viewDetailPage.nh?wrsC=6039272504,우유,우유,건국,24,팩
농협몰,6039274328,마이노멀 무가당 땅콩버터 100% (크리미 / 크런치),https://www.nonghyupmall.com/BC14010R/viewDetailPage.nh?wrsC=6039274328,버터,버터,마이노멀,,
농협몰,6039274414,[오뚜기] 가뿐한끼 새우계란곤약볶음밥 400g x 8개,https://www.nonghyupmall.com/BC14010R/viewDetailPage.nh?wrsC=6039274414,계란,계란,오뚜기,8,개
농협몰,6039305714,땅콩버터만들기 독일 콕스타 스타크 올스텐 멀티 다지기+마늘박피기 세트_KSECPS-1000,https://www.nonghyupmall.com/BC14010R/viewDetailPage.nh?wrsC=6039305714,버터,버터,땅콩버터만들기,,
농협몰,6039311922,서울우유 킹커피믹스 60스틱,https://www.nonghyupmall.com/BC14010R/viewDetailPage.nh?wrsC=6039311922,우유,우유,서울우유,,
농협몰,6039343615,맷돌로 갈아 만든 100% 국내산 한끼한팩 콩물파우치 370ml 3팩,https://www.nonghyupmall.com/BC14010R/viewDetailPage.nh?wrsC=6039343615,버터,버터,맷돌로,3,팩
농협몰,6039375324,찰떡우유빙수설 250ml x6개,https://www.nonghyupmall.com/BC14010R/viewDetailPage.nh?wrsC=6039375324,우유,우유,찰떡우유빙수설,6,개
농협몰,6039380344,[독일 제너] 프로스 IH 티타늄코팅 계란말이팬 20cm,https://www.nonghyupmall.com/BC14010R/viewDetailPage.nh?wrsC=6039380344,계란,계란,독일 제너,,
농협몰,6039382379,백설 천일염 허브맛솔트 50g 순한맛 x2개+마늘맛 x2개+매콤한맛 x2개,https://www.nonghyupmall.com/BC14010R/viewDetailPage.nh?wrsC=6039382379,설탕,설탕,백설,2,개
농협몰,6039382548,햇반 쿡반 주먹밥 베스트 6종 6봉 세트 (불고기+스팸김치+버터장조림+참치마요+김치치즈+치즈닭갈비),https://www.nonghyupmall.com/BC14010R/viewDetailPage.nh?wrsC=6039382548,버터,버터,햇반,6,봉
농협몰,6039382551,햇반 쿡반 주먹밥 500g 불고기 x1개+버터장조림 x1개+스팸김치 x1개,https://www.nonghyupmall.com/BC14010R/viewDetailPage.nh?wrsC=6039382551,버터,버터,햇반,1,개
농협몰,6039391193,테디 100% 땅콩버터 454g 2종 무설탕 무첨가,https://www.nonghyupmall.com/BC14010R/viewDetailPage.nh?wrsC=6039391193,버터,버터,테디,454,g
농협몰,6039393566,서울우유 유기농우유 딸기 120mlx64개,https://www.nonghyupmall.com/BC14010R/viewDetailPage.nh?wrsC=6039393566,우유,우유,서울우유,64,개
농협몰,6039393678,서울우유 초코꿀딴지180mlx48개,https://www.nonghyupmall.com/BC14010R/viewDetailPage.nh?wrsC=6039393678,우유,우유,서울우유,48,개
농협몰,6039394556,[사조] 우리밀 밀가루 750g (지리산) X 3개,https://www.nonghyupmall.com/BC14010R/viewDetailPage.nh?wrsC=6039394556,밀가루,밀가루,사조,3,개
농협몰,6039396974,스윗버터갈릭 엄마손파이 127gx4개,https://www.nonghyupmall.com/BC14010R/viewDetailPage.nh?wrsC=6039396974,버터,버터,스윗버터갈릭,4,개
농협몰,6039402578,윌리엄 자일리통스톤 2개입 무설탕 당제로 틴케이스 100% 핀란드산,https://www.nonghyupmall.com/BC14010R/viewDetailPage.nh?wrsC=6039402578,설탕,설탕,윌리엄,2,개입
농협몰,6039412436,올가니카 플랜트 웰 생식30g x 50포 7주분(25포x2상자)선물세트,https://www.nonghyupmall.com/BC14010R/viewDetailPage.nh?wrsC=6039412436,우유,우유,올가니카,30,g
농협몰,6039413132,[임실치즈농협] 벨라유 매운맛 포션치즈,https://www.nonghyupmall.com/BC14010R/viewDetailPage.nh?wrsC=6039413132,버터,버터,임실치즈농협,,
농협몰,6039414784,투썸플레이스 순 우유 크림빵 + 아메리카노 R,https://www.nonghyupmall.com/BC14010R/viewDetailPage.nh?wrsC=6039414784,우유,우유,투썸플레이스,,
농협몰,6039425364,[콕스타] 아델라 인덕션 IH계란말이팬 4종 세트 KSC-ADIH 6D4GRQMP,https://www.nonghyupmall.com/BC14010R/viewDetailPage.nh?wrsC=6039425364,계란,계란,콕스타,4,g
농협몰,6039430230,하먼 구워먹는치즈,https://www.nonghyupmall.com/BC14010R/viewDetailPage.nh?wrsC=6039430230,버터,버터,하먼,,
농협몰,6039432955,캐리어 인버터 벽걸이 냉난방기 ARQ111YT 전국기본설치비포함,https://www.nonghyupmall.com/BC14010R/viewDetailPage.nh?wrsC=6039432955,버터,버터,캐리어,,
농협몰,6039443098,[빙그레] 요플레 1000배 닥터캡슐 3종 130ml 18개 /플레인/사과/베리믹스,https://www.nonghyupmall.com/BC14010R/viewDetailPage.nh?wrsC=6039443098,우유,우유,빙그레,18,개
농협몰,6039461946,[오야니] 에그 락 토트 OBSBTT15_164,https://www.nonghyupmall.com/BC14010R/viewDetailPage.nh?wrsC=6039461946,계란,계란,오야니,,
농협몰,6039480095,버터간장 서울칩,https://www.nonghyupmall.com/BC14010R/viewDetailPage.nh?wrsC=6039480095,버터,버터,버터간장,,
농협몰,6039485694,[다신샵] 열풍 쌀과자 꼬소칩 땅콩카라멜 외 2종 골라담기 / NO밀가루 국내산 현미 식단관리,https://www.nonghyupmall.com/BC14010R/viewDetailPage.nh?wrsC=6039485694,밀가루,밀가루,다신샵,,
농협몰,6039485904,국내산 구운계란 60구 중란,https://www.nonghyupmall.com/BC14010R/viewDetailPage.nh?wrsC=6039485904,계란,계란,국내산,60,구
농협몰,6039487856,"[서울우유] 홍삼츄츄 블루베리,포도 100ml 20팩",https://www.nonghyupmall.com/BC14010R/viewDetailPage.nh?wrsC=6039487856,우유,우유,서울우유,20,팩
농협몰,6039498650,가니 A6771 326 애니멀 그래픽 버터플라이 로고 카드지갑,https://www.nonghyupmall.com/BC14010R/viewDetailPage.nh?wrsC=6039498650,버터,버터,가니,,
농협몰,6039499608,가니 T3946 135 큐빅 버터플라이 로고 여성 반팔티,https://www.nonghyupmall.com/BC14010R/viewDetailPage.nh?wrsC=6039499608,버터,버터,가니,,
농협몰,6039503264,매일유업 멸균 딸기우유 200ml*48입,https://www.nonghyupmall.com/BC14010R/viewDetailPage.nh?wrsC=6039503264,우유,우유,매일유업,48,입
농협몰,6039505400,페라가모 버터플라이 선글라스 SF600S-001 오버핏 라운드 여성용,https://www.nonghyupmall.com/BC14010R/viewDetailPage.nh?wrsC=6039505400,버터,버터,페라가모,,
농협몰,6039507451,[애월아빠들] 난각 1번 제주 자연방사 무항생제 유정란 40구,https://www.nonghyupmall.com/BC14010R/viewDetailPage.nh?wrsC=6039507451,계란,계란,애월아빠들,40,구
농협몰,6039507477,[애월아빠들] 난각 1번 제주 자연방사 무항생제 유정란 20구,https://www.nonghyupmall.com/BC14010R/viewDetailPage.nh?wrsC=6039507477,계란,계란,애월아빠들,20,구
농협몰,6039515227,[건국] 착한목장 무항생제 멸균우유 190mlx96팩,https://www.nonghyupmall.com/BC14010R/viewDetailPage.nh?wrsC=6039515227,우유,우유,건국,96,팩
농협몰,6039515230,[건국] 착한목장 소화가 잘되는 멸균우유 190mlx96팩,https://www.nonghyupmall.com/BC14010R/viewDetailPage.nh?wrsC=6039515230,우유,우유,건국,96,팩
농협몰,6039515623,햇반 라이스플랜 닭가슴살 계란 볶음밥(컵) 210g x12개,https://www.nonghyupmall.com/BC14010R/viewDetailPage.nh?wrsC=6039515623,계란,계란,햇반,12,개
농협몰,6039518875,건국 연유 500gx16,https://www.nonghyupmall.com/BC14010R/viewDetailPage.nh?wrsC=6039518875,우유,우유,건국,500,g
농협몰,6039525185,청정원 허브맛솔트순한맛52g,https://www.nonghyupmall.com/BC14010R/viewDetailPage.nh?wrsC=6039525185,설탕,설탕,청정원,52,g
농협몰,6039525440,[리타방앗간] 상하이버터떡 35g*10개입(개별포장),https://www.nonghyupmall.com/BC14010R/viewDetailPage.nh?wrsC=6039525440,버터,버터,리타방앗간,10,개입
농협몰,6039526104,백설 제로 칼로리 알룰로스 400g x4개+스테비아 설탕 400g x1개,https://www.nonghyupmall.com/BC14010R/viewDetailPage.nh?wrsC=6039526104,설탕,설탕,백설,1,개
농협몰,6039529244,[농협식품] 옛날 우리쌀 도나쓰 2개 (버터/바나나 옵션 선택),https://www.nonghyupmall.com/BC14010R/viewDetailPage.nh?wrsC=6039529244,버터,버터,농협식품,2,개
농협몰,6039531955,[쿠쿠] 6인용 에그 전기보온밥솥 CR-0675FW,https://www.nonghyupmall.com/BC14010R/viewDetailPage.nh?wrsC=6039531955,계란,계란,쿠쿠,,
농협몰,6039536819,찰떡아이스 소금우유 카라멜x6,https://www.nonghyupmall.com/BC14010R/viewDetailPage.nh?wrsC=6039536819,우유,우유,찰떡아이스,,
농협몰,6039542858,[양계장사람들] 젊은 닭 유정란 난각번호2번 특란 계란 60구,https://www.nonghyupmall.com/BC14010R/viewDetailPage.nh?wrsC=6039542858,계란,계란,양계장사람들,60,구
농협몰,6039545550,서울우유 저지방우유 200mlx24개,https://www.nonghyupmall.com/BC14010R/viewDetailPage.nh?wrsC=6039545550,우유,우유,서울우유,24,개
농협몰,6039546397,백설 파스타소스 치폴레토마토 600g x2개+봉골레 430g x2개+트러플버터크림 430g x2개,https://www.nonghyupmall.com/BC14010R/viewDetailPage.nh?wrsC=6039546397,버터,버터,백설,2,개
농협몰,6039546412,백설 파스타소스 크림 4종 세트(꽃게로제 430g+베이컨머쉬룸 430g+콰트로치즈 430g+트러플버터 430g),https://www.nonghyupmall.com/BC14010R/viewDetailPage.nh?wrsC=6039546412,버터,버터,백설,430,g
농협몰,6039547879,[동원] 덴마크목장 무항생제인증우유 120mL 64개,https://www.nonghyupmall.com/BC14010R/viewDetailPage.nh?wrsC=6039547879,우유,우유,동원,64,개
농협몰,6039549479,지포 ZIPPO ZP28182 다이애그널 위브 크롬 공용 라이터,https://www.nonghyupmall.com/BC14010R/viewDetailPage.nh?wrsC=6039549479,계란,계란,지포,,
농협몰,6039551487,[NEW 신품종!] 황금빛 진한 부드러움 골든에그 감자 3KG,https://www.nonghyupmall.com/BC14010R/viewDetailPage.nh?wrsC=6039551487,계란,계란,NEW 신품종!,3000,g
농협몰,6039554600,밸런스밀 프로틴바 단백질바 피넛버터 34g 4입 x3개(총 12개),https://www.nonghyupmall.com/BC14010R/viewDetailPage.nh?wrsC=6039554600,버터,버터,밸런스밀,12,개
농협몰,7000713888,베지밀 담백한 베지밀A 32팩,https://www.nonghyupmall.com/BC14010R/viewDetailPage.nh?wrsC=7000713888,우유,우유,베지밀,32,팩
농협몰,7000917745,[임실치즈농협] 선물세트 1호,https://www.nonghyupmall.com/BC14010R/viewDetailPage.nh?wrsC=7000917745,버터,버터,임실치즈농협,,
농협몰,7000981782,[임실치즈농협] 솔로라떼 치즈 (샐러드용),https://www.nonghyupmall.com/BC14010R/viewDetailPage.nh?wrsC=7000981782,버터,버터,임실치즈농협,,
농협몰,7011792579,[인정란]간이 되어있는 촉촉한 반숙계란 30구,https://www.nonghyupmall.com/BC14010R/viewDetailPage.nh?wrsC=7011792579,계란,계란,인정란,30,구
농협몰,7014006013,삼손푸드 황토에 직접구운 알카리소금 110g,https://www.nonghyupmall.com/BC14010R/viewDetailPage.nh?wrsC=7014006013,설탕,설탕,삼손푸드,110,g
농협몰,7014033516,삼손푸드 황토소금으로 만든 뽕잎소금 120g,https://www.nonghyupmall.com/BC14010R/viewDetailPage.nh?wrsC=7014033516,설탕,설탕,삼손푸드,120,g
농협몰,7014033628,삼손푸드 삼손푸드 황토소금으로 만든 양치소금100g,https://www.nonghyupmall.com/BC14010R/viewDetailPage.nh?wrsC=7014033628,설탕,설탕,삼손푸드,100,g
농협몰,7017263839,연세우유 멸균우유 마카다미아 초코우유 190ml x 24팩,https://www.nonghyupmall.com/BC14010R/viewDetailPage.nh?wrsC=7017263839,우유,우유,연세우유,24,팩
농협몰,7017642348,감동란 간이배어 있는 촉촉한 반숙계란 30개입 x 2개 / 총 60개입,https://www.nonghyupmall.com/BC14010R/viewDetailPage.nh?wrsC=7017642348,계란,계란,감동란,60,개입
농협몰,7022100956,더조은 땅콩 버터구이 오징어 100g,https://www.nonghyupmall.com/BC14010R/viewDetailPage.nh?wrsC=7022100956,버터,버터,더조은,100,g
농협몰,7028472271,씨에스포라이프_하나씩 꺼내쓰는 스틱솔트 5P,https://www.nonghyupmall.com/BC14010R/viewDetailPage.nh?wrsC=7028472271,설탕,설탕,씨에스포라이프_하나씩,,
농협몰,7028917798,뺑콩플레 100% 통밀식빵 1kg ( 샌드위치빵 모닝빵 토스트빵 살안찌는빵 아침식사대용저탄수빵 비건 저염 무설탕 저칼로리 호밀 깜빠뉴 단백질 통밀빵 ),https://www.nonghyupmall.com/BC14010R/viewDetailPage.nh?wrsC=7028917798,설탕,설탕,뺑콩플레,1000,g
농협몰,7028918001,뺑드상떼 샌드위치 통곡물 100% 통밀식빵 900g ( 통곡물빵 곡물빵 샌드위치빵 모닝빵 치아바타 깜빠뉴 저염 무설탕 저칼로리 호밀 비건빵 ),https://www.nonghyupmall.com/BC14010R/viewDetailPage.nh?wrsC=7028918001,설탕,설탕,뺑드상떼,900,g
농협몰,7028922309,크랜베리 100% 통밀식빵 770g ( 새콤달콤 크랜베리 통밀빵 살안찌는빵 샌드위치빵 모닝빵 치아바타 비건 저염 무설탕 저칼로리 호밀 단백질 식빵 ),https://www.nonghyupmall.com/BC14010R/viewDetailPage.nh?wrsC=7028922309,설탕,설탕,크랜베리,770,g
농협몰,7030295509,순메밀가루 500gx4,https://www.nonghyupmall.com/BC14010R/viewDetailPage.nh?wrsC=7030295509,밀가루,밀가루,순메밀가루,500,g
농협몰,7030295512,순메밀가루 500g,https://www.nonghyupmall.com/BC14010R/viewDetailPage.nh?wrsC=7030295512,밀가루,밀가루,순메밀가루,500,g
농협몰,7032504630,소화가잘되는우유식빵 420g 4봉,https://www.nonghyupmall.com/BC14010R/viewDetailPage.nh?wrsC=7032504630,우유,우유,소화가잘되는우유식빵,4,봉
농협몰,7032894346,간장버터치즈 구운주먹밥100g 20팩,https://www.nonghyupmall.com/BC14010R/viewDetailPage.nh?wrsC=7032894346,버터,버터,간장버터치즈,20,팩
농협몰,7033451421,[풀무원다논] 액티비아 스무디 골드키위사과 4입(150ml x 4입) x 6개,https://www.nonghyupmall.com/BC14010R/viewDetailPage.nh?wrsC=7033451421,우유,우유,풀무원다논,6,개
농협몰,7033499517,풀무원 황태계란북엇국 30g x 6봉,https://www.nonghyupmall.com/BC14010R/viewDetailPage.nh?wrsC=7033499517,계란,계란,풀무원,6,봉
농협몰,7033499520,풀무원 반듯한식 1분즉석국 3종(황태미역국/미소된장국/계란북엇국) 10봉 골라담기,https://www.nonghyupmall.com/BC14010R/viewDetailPage.nh?wrsC=7033499520,계란,계란,풀무원,10,봉
농협몰,7034212728,더페이스샵 fmgt 립 케어크림 01시어버터 12g 택1,https://www.nonghyupmall.com/BC14010R/viewDetailPage.nh?wrsC=7034212728,버터,버터,더페이스샵,12,g
농협몰,7034292126,다림식품 새우계란죽 500gX3개 부드럽고 담백한맛!,https://www.nonghyupmall.com/BC14010R/viewDetailPage.nh?wrsC=7034292126,계란,계란,다림식품,3,개
농협몰,7035143456,밀가루NO 국제시장 통 모짜렐라치즈 쌀 어묵바170g X 3팩(총6개입),https://www.nonghyupmall.com/BC14010R/viewDetailPage.nh?wrsC=7035143456,밀가루,밀가루,밀가루NO,6,개입
농협몰,7035975396,동명상회 영화관 버터 오징어 몸탱이 210g,https://www.nonghyupmall.com/BC14010R/viewDetailPage.nh?wrsC=7035975396,버터,버터,동명상회,210,g
농협몰,7036156677,빚은 드래곤쑥쑥설기 외 동물설기떡 2봉 택(드래곤쑥/딸기토끼/우유팬더),https://www.nonghyupmall.com/BC14010R/viewDetailPage.nh?wrsC=7036156677,우유,우유,빚은,2,봉
농협몰,7036201753,상하 얼려먹는 아이스크림 초코 85ml(24개입),https://www.nonghyupmall.com/BC14010R/viewDetailPage.nh?wrsC=7036201753,우유,우유,상하,24,개입
농협몰,7036439945,해피콜 포텐셜 티타늄 IH 계란말이팬 중형 클래식블루,https://www.nonghyupmall.com/BC14010R/viewDetailPage.nh?wrsC=7036439945,계란,계란,해피콜,,
농협몰,7036441304,백설 천일염 허브맛솔트 매콤한맛 50g x3개,https://www.nonghyupmall.com/BC14010R/viewDetailPage.nh?wrsC=7036441304,설탕,설탕,백설,3,개
농협몰,7036441317,백설 명품 천일염 오천년의 신비 가는입자 소금 250g x5개,https://www.nonghyupmall.com/BC14010R/viewDetailPage.nh?wrsC=7036441317,설탕,설탕,백설,5,개
농협몰,7036441403,백설 맛소금 5kg x4개,https://www.nonghyupmall.com/BC14010R/viewDetailPage.nh?wrsC=7036441403,설탕,설탕,백설,4,개
농협몰,7036441771,백설 갈색설탕 1kg x5개,https://www.nonghyupmall.com/BC14010R/viewDetailPage.nh?wrsC=7036441771,설탕,설탕,백설,5,개
농협몰,7036441784,백설 하얀 자일로스 설탕 2kg x2개,https://www.nonghyupmall.com/BC14010R/viewDetailPage.nh?wrsC=7036441784,설탕,설탕,백설,2,개
농협몰,7036441924,햇반 컵반 컵밥 버터장조림비빔밥 216g x18개,https://www.nonghyupmall.com/BC14010R/viewDetailPage.nh?wrsC=7036441924,버터,버터,햇반,18,개
농협몰,7036513124,예천 화건 고춧가루 보통맛 500gx3+매운맛 500gx3,https://www.nonghyupmall.com/BC14010R/viewDetailPage.nh?wrsC=7036513124,설탕,설탕,예천,500,g
농협몰,7036513265,3년숙성 천일염 톳소금 450x3,https://www.nonghyupmall.com/BC14010R/viewDetailPage.nh?wrsC=7036513265,설탕,설탕,3년숙성,,
농협몰,7036513281,3년숙성 천일염 굵은소금 1kgx1팩,https://www.nonghyupmall.com/BC14010R/viewDetailPage.nh?wrsC=7036513281,설탕,설탕,3년숙성,1,팩
농협몰,7036691053,베지밀 달콤한 베지밀 B병(20병)10*2,https://www.nonghyupmall.com/BC14010R/viewDetailPage.nh?wrsC=7036691053,우유,우유,베지밀,,
농협몰,7036691181,베지밀 달콤한베지밀 B병40병(190mlx10)x4,https://www.nonghyupmall.com/BC14010R/viewDetailPage.nh?wrsC=7036691181,우유,우유,베지밀,190,ml
농협몰,7036787224,엘로이 크림치즈 플레인 포션 28g 20개,https://www.nonghyupmall.com/BC14010R/viewDetailPage.nh?wrsC=7036787224,버터,버터,엘로이,20,개
농협몰,7037032727,[한국양계농협] 목계촌 무항생제 계란 동물복지 유정란 30입 (15입*2팩),https://www.nonghyupmall.com/BC14010R/viewDetailPage.nh?wrsC=7037032727,계란,계란,한국양계농협,2,팩
농협몰,7037032730,[한국양계농협] 목계촌 무항생제 계란 동물복지 유정란 60입 (30입*2판),https://www.nonghyupmall.com/BC14010R/viewDetailPage.nh?wrsC=7037032730,계란,계란,한국양계농협,30,입
농협몰,7037349966,햇반 쿡반 만능계란볶음밥 400g x5개,https://www.nonghyupmall.com/BC14010R/viewDetailPage.nh?wrsC=7037349966,계란,계란,햇반,5,개
농협몰,7037399338,그레잇 땅콩버터 200g(즉시제조/땅콩100%),https://www.nonghyupmall.com/BC14010R/viewDetailPage.nh?wrsC=7037399338,버터,버터,그레잇,200,g
농협몰,7037845646,[임실치즈농협] 돈까스 꾸러미,https://www.nonghyupmall.com/BC14010R/viewDetailPage.nh?wrsC=7037845646,버터,버터,임실치즈농협,,
농협몰,7038193937,햇반 쿡반 주먹밥 500g 버터장조림 x2개+스팸김치 x2개,https://www.nonghyupmall.com/BC14010R/viewDetailPage.nh?wrsC=7038193937,버터,버터,햇반,2,개
농협몰,7038847612,그레잇 아몬드버터 200g x 4병(즉시제조/아몬드100%),https://www.nonghyupmall.com/BC14010R/viewDetailPage.nh?wrsC=7038847612,버터,버터,그레잇,200,g
농협몰,7039262939,[임실치즈농협] 벨라유 양파 포션치즈,https://www.nonghyupmall.com/BC14010R/viewDetailPage.nh?wrsC=7039262939,버터,버터,임실치즈농협,,
농협몰,7039262942,[임실치즈농협] 벨라유 단호박 포션치즈,https://www.nonghyupmall.com/BC14010R/viewDetailPage.nh?wrsC=7039262942,버터,버터,임실치즈농협,,
농협몰,7039271823,연세우유 멸균우유 바나나우유 48팩,https://www.nonghyupmall.com/BC14010R/viewDetailPage.nh?wrsC=7039271823,우유,우유,연세우유,48,팩
농협몰,7039272503,건국 착한목장 무항생제 멸균우유 190mlx48팩,https://www.nonghyupmall.com/BC14010R/viewDetailPage.nh?wrsC=7039272503,우유,우유,건국,48,팩
농협몰,7039275023,피자나라치킨공주 피치세트L(콤비네이션피자L+후라이드치킨(뼈))+리얼웨지버터갈릭+콜라1.25L,https://www.nonghyupmall.com/BC14010R/viewDetailPage.nh?wrsC=7039275023,버터,버터,피자나라치킨공주,1250.00,ml
농협몰,7039275333,피자나라치킨공주 고구마피치세트L(고구마피자L+후라이드치킨(뼈))+리얼웨지버터갈릭+콜라1.25L,https://www.nonghyupmall.com/BC14010R/viewDetailPage.nh?wrsC=7039275333,버터,버터,피자나라치킨공주,1250.00,ml
농협몰,7039275461,[다신샵] 성수동제빵소 비건 쌀크로와상 오리지널 75g / 쌀빵 비건빵 단백질빵 no밀가루,https://www.nonghyupmall.com/BC14010R/viewDetailPage.nh?wrsC=7039275461,밀가루,밀가루,다신샵,75,g
농협몰,7039277061,민속주왕주 남상란명인 13도 375ml 살균약주,https://www.nonghyupmall.com/BC14010R/viewDetailPage.nh?wrsC=7039277061,계란,계란,민속주왕주,375,ml
농협몰,7039279182,[임실치즈농협] 인기더블 꾸러미,https://www.nonghyupmall.com/BC14010R/viewDetailPage.nh?wrsC=7039279182,버터,버터,임실치즈농협,,
농협몰,7039296011,우유끈스냅 배냇 순면 내의 긴팔 우주복 205691,https://www.nonghyupmall.com/BC14010R/viewDetailPage.nh?wrsC=7039296011,우유,우유,우유끈스냅,,
농협몰,7039298695,위즈웰 보이스 에그스팀 말하는 계란찜기 WSE612,https://www.nonghyupmall.com/BC14010R/viewDetailPage.nh?wrsC=7039298695,계란,계란,위즈웰,,
농협몰,7039303241,서울우유 멸균우유 1000mlx10개,https://www.nonghyupmall.com/BC14010R/viewDetailPage.nh?wrsC=7039303241,우유,우유,서울우유,10,개
농협몰,7039343614,맷돌로 갈아 만든 100% 국내산 우뭇가사리콩물 1000ml 2병,https://www.nonghyupmall.com/BC14010R/viewDetailPage.nh?wrsC=7039343614,버터,버터,맷돌로,1000,ml
농협몰,7039375323,찰떡우유빙수설 250ml x12개,https://www.nonghyupmall.com/BC14010R/viewDetailPage.nh?wrsC=7039375323,우유,우유,찰떡우유빙수설,12,개
농협몰,7039382381,백설 천일염 허브맛솔트 50g 순한맛+마늘맛+매콤한맛,https://www.nonghyupmall.com/BC14010R/viewDetailPage.nh?wrsC=7039382381,설탕,설탕,백설,50,g
농협몰,7039382547,햇반 쿡반 주먹밥 아이간식 베스트 3종 6봉 세트 (불고기x2+버터장조림x2+참치마요x2),https://www.nonghyupmall.com/BC14010R/viewDetailPage.nh?wrsC=7039382547,버터,버터,햇반,6,봉
농협몰,7039393635,서울우유 내안의 진짜 초코 280mlx18개,https://www.nonghyupmall.com/BC14010R/viewDetailPage.nh?wrsC=7039393635,우유,우유,서울우유,18,개
농협몰,7039396973,스윗버터갈릭 엄마손파이 127gx8개,https://www.nonghyupmall.com/BC14010R/viewDetailPage.nh?wrsC=7039396973,버터,버터,스윗버터갈릭,8,개
농협몰,7039410583,건국유업 착한목장 소화가 잘되는 우유 190ml 48팩,https://www.nonghyupmall.com/BC14010R/viewDetailPage.nh?wrsC=7039410583,우유,우유,건국유업,48,팩
농협몰,7039412435,올가니카 플랜트 웰 생식30g x 100포 14주분(25포x4상자)선물세트,https://www.nonghyupmall.com/BC14010R/viewDetailPage.nh?wrsC=7039412435,우유,우유,올가니카,30,g
농협몰,7039412464,연세우유 마카다미아 초코우유 48팩,https://www.nonghyupmall.com/BC14010R/viewDetailPage.nh?wrsC=7039412464,우유,우유,연세우유,48,팩
농협몰,7039416172,쿠비녹스 2단계란찜기 FX-04EB,https://www.nonghyupmall.com/BC14010R/viewDetailPage.nh?wrsC=7039416172,계란,계란,쿠비녹스,,
농협몰,7039432954,캐리어 인버터 벽걸이 냉난방기 ARQ091YT 전국기본설치비포함,https://www.nonghyupmall.com/BC14010R/viewDetailPage.nh?wrsC=7039432954,버터,버터,캐리어,,
농협몰,7039436493,[팜프레쉬] 유기농 그릭요거트 가당 90g 4개입,https://www.nonghyupmall.com/BC14010R/viewDetailPage.nh?wrsC=7039436493,버터,버터,팜프레쉬,4,개입
농협몰,7039439070,상하농원 카스텔라 혼합 세트(에그+제주말차),https://www.nonghyupmall.com/BC14010R/viewDetailPage.nh?wrsC=7039439070,계란,계란,상하농원,,
농협몰,7039460786,[시루조아] 촉촉한 설기떡 2종 (우유가득달콤한설기450g+단호박품은설기450g),https://www.nonghyupmall.com/BC14010R/viewDetailPage.nh?wrsC=7039460786,우유,우유,시루조아,450,g
농협몰,7039461932,[오야니] 에그 락 백팩 OBSBBP17,https://www.nonghyupmall.com/BC14010R/viewDetailPage.nh?wrsC=7039461932,계란,계란,오야니,,
농협몰,7039461945,[오야니] 에그 락 토트 OBSBTT15_002,https://www.nonghyupmall.com/BC14010R/viewDetailPage.nh?wrsC=7039461945,계란,계란,오야니,,
농협몰,7039464238,스타벅스 [든든히 먹고 힘내요] 카페 아메리카노 T 2잔 + 에그 클럽 샌드위치 2개,https://www.nonghyupmall.com/BC14010R/viewDetailPage.nh?wrsC=7039464238,계란,계란,스타벅스,2,개
농협몰,7039466908,[메이버스] 무가당 고단백 영양 땅콩버터(옵션),https://www.nonghyupmall.com/BC14010R/viewDetailPage.nh?wrsC=7039466908,버터,버터,메이버스,,
농협몰,7039477207,바나나는 원래 맛있다 컵 190ML * 20,https://www.nonghyupmall.com/BC14010R/viewDetailPage.nh?wrsC=7039477207,우유,우유,바나나는,190,ml
농협몰,7039485903,국내산 구운계란 30구 중란,https://www.nonghyupmall.com/BC14010R/viewDetailPage.nh?wrsC=7039485903,계란,계란,국내산,30,구
농협몰,7039487855,"[서울우유] 홍삼츄츄 사과,배 100ml 20팩",https://www.nonghyupmall.com/BC14010R/viewDetailPage.nh?wrsC=7039487855,우유,우유,서울우유,20,팩
농협몰,7039487868,서울우유 아침에주스 미니 포도주스 100ml 30팩,https://www.nonghyupmall.com/BC14010R/viewDetailPage.nh?wrsC=7039487868,우유,우유,서울우유,30,팩
농협몰,7039489129,동원 양반 계란옷 입힌 새우부추완자/고기버섯완자 410g 2봉,https://www.nonghyupmall.com/BC14010R/viewDetailPage.nh?wrsC=7039489129,계란,계란,동원,2,봉
농협몰,7039502893,"[HC해피콜]버던트 티타늄 IH 프라이팬 3종D(계란말이팬,프라이팬28,궁중팬28)",https://www.nonghyupmall.com/BC14010R/viewDetailPage.nh?wrsC=7039502893,계란,계란,HC해피콜,,
농협몰,7039503263,매일유업 멸균 무지방 0% 200ml*48입,https://www.nonghyupmall.com/BC14010R/viewDetailPage.nh?wrsC=7039503263,우유,우유,매일유업,48,입
농협몰,7039503276,매일유업 소화가잘되는우유 초코 190ml*48입,https://www.nonghyupmall.com/BC14010R/viewDetailPage.nh?wrsC=7039503276,우유,우유,매일유업,48,입
농협몰,7039504071,[애월아빠들] 난각 1번 제주 자연방사 무항생제 유정란 20구,https://www.nonghyupmall.com/BC14010R/viewDetailPage.nh?wrsC=7039504071,계란,계란,애월아빠들,20,구
농협몰,7039507463,[애월아빠들] 제주 무항생제 화산석 구운란 40구,https://www.nonghyupmall.com/BC14010R/viewDetailPage.nh?wrsC=7039507463,계란,계란,애월아빠들,40,구
농협몰,7039510445,[오늘신선] 신안 프리미엄 천일염 20kg,https://www.nonghyupmall.com/BC14010R/viewDetailPage.nh?wrsC=7039510445,설탕,설탕,오늘신선,20000,g
농협몰,7039512438,"[도루코] 마이셰프 헤이즐 IH 프라이팬 5종 세트 (F28, F24, 그릴팬26, W28, 계란말이팬21)",https://www.nonghyupmall.com/BC14010R/viewDetailPage.nh?wrsC=7039512438,계란,계란,도루코,,
농협몰,7039512441,"[도루코] 도루코 마이셰프 헤이즐 IH 프라이팬 3종 세트 (계란말이팬 21cm, 프라이팬 ,24cm, 궁중팬 26cm)",https://www.nonghyupmall.com/BC14010R/viewDetailPage.nh?wrsC=7039512441,계란,계란,도루코,,
농협몰,7039515226,[건국] 착한목장 무항생제 멸균우유 190mlx72팩,https://www.nonghyupmall.com/BC14010R/viewDetailPage.nh?wrsC=7039515226,우유,우유,건국,72,팩
농협몰,7039515453,파스퇴르 가나초콜렛드링크 190ml(24개입)x2개,https://www.nonghyupmall.com/BC14010R/viewDetailPage.nh?wrsC=7039515453,우유,우유,파스퇴르,2,개
농협몰,7039515619,햇반 라이스플랜 파로 비프포크 김치 볶음밥(컵) 210g x6개+닭가슴살 계란 볶음밥(컵) 210g x6개,https://www.nonghyupmall.com/BC14010R/viewDetailPage.nh?wrsC=7039515619,계란,계란,햇반,6,개
농협몰,7039515622,햇반 라이스플랜 닭가슴살 계란 볶음밥(컵) 210g x24개,https://www.nonghyupmall.com/BC14010R/viewDetailPage.nh?wrsC=7039515622,계란,계란,햇반,24,개
농협몰,7039517251,[수면공감] 방수 라텍스 우유베개 알파,https://www.nonghyupmall.com/BC14010R/viewDetailPage.nh?wrsC=7039517251,우유,우유,수면공감,,
농협몰,7039525184,청정원 허브맛솔트와사비 52g,https://www.nonghyupmall.com/BC14010R/viewDetailPage.nh?wrsC=7039525184,설탕,설탕,청정원,52,g
농협몰,7039527669,[김도윤셰프]양파버터커리 140gx5팩,https://www.nonghyupmall.com/BC14010R/viewDetailPage.nh?wrsC=7039527669,버터,버터,김도윤셰프,5,팩
농협몰,7039529511,(농할)[양계장사람들] 무항생제 특란 30구(30*1판),https://www.nonghyupmall.com/BC14010R/viewDetailPage.nh?wrsC=7039529511,계란,계란,(농할)[양계장사람들],30,구
농협몰,7039529540,(농할)[양계장사람들] 무항생제 대란 30구(30*1판),https://www.nonghyupmall.com/BC14010R/viewDetailPage.nh?wrsC=7039529540,계란,계란,(농할)[양계장사람들],30,구
농협몰,7039529553,[양계장사람들] 무항생제 대란 60구,https://www.nonghyupmall.com/BC14010R/viewDetailPage.nh?wrsC=7039529553,계란,계란,양계장사람들,60,구
농협몰,7039532832,스윗버터 여아 빅카라 긴팔 블라우스 206137,https://www.nonghyupmall.com/BC14010R/viewDetailPage.nh?wrsC=7039532832,버터,버터,스윗버터,,
농협몰,7039536818,찰떡아이스 소금우유 카라멜x12,https://www.nonghyupmall.com/BC14010R/viewDetailPage.nh?wrsC=7039536818,우유,우유,찰떡아이스,,
농협몰,7039544361,프로젝트H X F45 프로틴 쿠키 2종 5+5봉 (피넛버터/초코),https://www.nonghyupmall.com/BC14010R/viewDetailPage.nh?wrsC=7039544361,버터,버터,프로젝트H,5,봉
농협몰,7039547881,[동원] 덴마크 대니쉬 The건강한 우유 200mL 48개,https://www.nonghyupmall.com/BC14010R/viewDetailPage.nh?wrsC=7039547881,우유,우유,동원,48,개
농협몰,7039552900,미셀라 카제인 분리 우유 단백질 원물 프로틴 보충제 무맛 1kg,https://www.nonghyupmall.com/BC14010R/viewDetailPage.nh?wrsC=7039552900,우유,우유,미셀라,1000,g
농협몰,7039556605,(양재점) 푸드림 갈색설탕 * 1kg,https://www.nonghyupmall.com/BC14010R/viewDetailPage.nh?wrsC=7039556605,설탕,설탕,(양재점),1000,g
농협몰,7039558672,[밀가루 없는X / 고구마 함량 40%] 달지않고 바삭! 진짜 순수 고구마 전병 / 1박스 + 1박스 + 1박스(총 3박스),https://www.nonghyupmall.com/BC14010R/viewDetailPage.nh?wrsC=7039558672,밀가루,밀가루,밀가루 없는X / 고구마 함량 40%,,
농협몰,7039558883,"추석 선물세트 11종 [카스타드, 쌀로별, 빠다코코넛, 크런키]",https://www.nonghyupmall.com/BC14010R/viewDetailPage.nh?wrsC=7039558883,버터,버터,추석,,
농협몰,8000302333,함양농협 하늘가애 토종밀가루 3kg,https://www.nonghyupmall.com/BC14010R/viewDetailPage.nh?wrsC=8000302333,밀가루,밀가루,함양농협,3000,g
농협몰,8000714666,진한 콩국물*12본,https://www.nonghyupmall.com/BC14010R/viewDetailPage.nh?wrsC=8000714666,우유,우유,진한,,
농협몰,8000770936,*[이엑스오]에그 스마트폰 홀더,https://www.nonghyupmall.com/BC14010R/viewDetailPage.nh?wrsC=8000770936,계란,계란,*[이엑스오]에그,,
농협몰,8013676957,[농협식품] 농협 꽃소금 3kg,https://www.nonghyupmall.com/BC14010R/viewDetailPage.nh?wrsC=8013676957,설탕,설탕,농협식품,3000,g
농협몰,8017174147,[홈앤하우스] 프리모 그라인더 150ml,https://www.nonghyupmall.com/BC14010R/viewDetailPage.nh?wrsC=8017174147,설탕,설탕,홈앤하우스,150,ml
농협몰,8017174150,[홈앤하우스] 프리모 유리 소스병 2종세트,https://www.nonghyupmall.com/BC14010R/viewDetailPage.nh?wrsC=8017174150,설탕,설탕,홈앤하우스,,
농협몰,8017263838,연세우유 마카다미아 초코우유 190ml x 48팩,https://www.nonghyupmall.com/BC14010R/viewDetailPage.nh?wrsC=8017263838,우유,우유,연세우유,48,팩
농협몰,8023666513,[홈앤하우스] 프리모 3단조절 양념병 기본형 2P,https://www.nonghyupmall.com/BC14010R/viewDetailPage.nh?wrsC=8023666513,설탕,설탕,홈앤하우스,,
농협몰,8028525392,HACCP 잘구워진 구운계란 30구 60구 (소금증정),https://www.nonghyupmall.com/BC14010R/viewDetailPage.nh?wrsC=8028525392,계란,계란,HACCP,60,구
농협몰,8028642998,[온도씨] 하루한알 쫄깃한 구운란 두판 30구+30구 총 60구 (M),https://www.nonghyupmall.com/BC14010R/viewDetailPage.nh?wrsC=8028642998,계란,계란,온도씨,60,구
농협몰,8028839983,[당 없는 무설탕커피] GNM 품격있는 스테비아 커피믹스 스틱 3박스 / 제로슈가 무가당 커피,https://www.nonghyupmall.com/BC14010R/viewDetailPage.nh?wrsC=8028839983,설탕,설탕,당 없는 무설탕커피,,
농협몰,8028918042,여주 100% 통곡물 통밀식빵 900g ( 여주가 들어가 더건강 여주통밀빵 샌드위치빵 모닝빵 치아바타 통곡물빵 곡물빵 비건 저염 무설탕 단백질 식빵 ),https://www.nonghyupmall.com/BC14010R/viewDetailPage.nh?wrsC=8028918042,설탕,설탕,여주,900,g
농협몰,8029213061,[김재식헬스푸드] 유화제를 첨가하지 않은 땅콩버터크림 잼 350g,https://www.nonghyupmall.com/BC14010R/viewDetailPage.nh?wrsC=8029213061,버터,버터,김재식헬스푸드,350,g
농협몰,8029239153,[성원] 선비란 무항생제 계란 60구/90구 (옵션선택),https://www.nonghyupmall.com/BC14010R/viewDetailPage.nh?wrsC=8029239153,계란,계란,성원,90,구
농협몰,8029613740,[인산죽염] 3회 인산죽염 과립 130g,https://www.nonghyupmall.com/BC14010R/viewDetailPage.nh?wrsC=8029613740,설탕,설탕,인산죽염,130,g
농협몰,8029721340,간단요리사 구수한사골육수12팩,https://www.nonghyupmall.com/BC14010R/viewDetailPage.nh?wrsC=8029721340,우유,우유,간단요리사,12,팩
농협몰,8030140196,[한생원] 새송이버섯 소금,https://www.nonghyupmall.com/BC14010R/viewDetailPage.nh?wrsC=8030140196,설탕,설탕,한생원,,
농협몰,8030222803,군계란(30알),https://www.nonghyupmall.com/BC14010R/viewDetailPage.nh?wrsC=8030222803,계란,계란,군계란(30알),,
농협몰,8030295511,순메밀가루 500gx2,https://www.nonghyupmall.com/BC14010R/viewDetailPage.nh?wrsC=8030295511,밀가루,밀가루,순메밀가루,500,g
농협몰,8031322102,반자동 계란 한판 트레이,https://www.nonghyupmall.com/BC14010R/viewDetailPage.nh?wrsC=8031322102,계란,계란,반자동,,
농협몰,8032748943,배스킨라빈스 아이스 모나카 우유,https://www.nonghyupmall.com/BC14010R/viewDetailPage.nh?wrsC=8032748943,우유,우유,배스킨라빈스,,
농협몰,8032753004,배스킨라빈스 소금우유 아이스 모찌,https://www.nonghyupmall.com/BC14010R/viewDetailPage.nh?wrsC=8032753004,우유,우유,배스킨라빈스,,
농협몰,8032839669,[티칸네] 홍차 3종 선물세트 (60티백),https://www.nonghyupmall.com/BC14010R/viewDetailPage.nh?wrsC=8032839669,우유,우유,티칸네,,
농협몰,8032894345,간장버터치즈 구운주먹밥100g 15팩,https://www.nonghyupmall.com/BC14010R/viewDetailPage.nh?wrsC=8032894345,버터,버터,간장버터치즈,15,팩
농협몰,8033164643,빙그레 바나나우유 120ml x 24,https://www.nonghyupmall.com/BC14010R/viewDetailPage.nh?wrsC=8033164643,우유,우유,빙그레,120,ml
농협몰,8034252637,추억의 베이커리 우유식빵 450g,https://www.nonghyupmall.com/BC14010R/viewDetailPage.nh?wrsC=8034252637,우유,우유,추억의,450,g
농협몰,8034890370,밀가루NO 국제시장 통 모짜렐라치즈 쌀어묵바 3종,https://www.nonghyupmall.com/BC14010R/viewDetailPage.nh?wrsC=8034890370,밀가루,밀가루,밀가루NO,,
농협몰,8035896939,우유꿀설기 500g 2박스,https://www.nonghyupmall.com/BC14010R/viewDetailPage.nh?wrsC=8035896939,우유,우유,우유꿀설기,500,g
농협몰,8036156650,삼립 소화가잘되는우유식빵 420g 3봉,https://www.nonghyupmall.com/BC14010R/viewDetailPage.nh?wrsC=8036156650,우유,우유,삼립,3,봉
농협몰,8036182514,[임실치즈농협] 스트링 치즈 200g(20g*10개),https://www.nonghyupmall.com/BC14010R/viewDetailPage.nh?wrsC=8036182514,버터,버터,임실치즈농협,10,개
농협몰,8036417078,백설 부침용밀가루 1kg x2개,https://www.nonghyupmall.com/BC14010R/viewDetailPage.nh?wrsC=8036417078,밀가루,밀가루,백설,2,개
농협몰,8036417429,햇반 쿡반 만능계란볶음밥 400g x6개,https://www.nonghyupmall.com/BC14010R/viewDetailPage.nh?wrsC=8036417429,계란,계란,햇반,6,개
농협몰,8036417432,햇반 쿡반 버터장조림주먹밥 500g x3개,https://www.nonghyupmall.com/BC14010R/viewDetailPage.nh?wrsC=8036417432,버터,버터,햇반,3,개
농협몰,8036417630,비비고 계란옷입은 고기완자 480g x2개,https://www.nonghyupmall.com/BC14010R/viewDetailPage.nh?wrsC=8036417630,계란,계란,비비고,2,개
농협몰,8036441303,백설 천일염 허브맛솔트 매콤한맛 50g x6개,https://www.nonghyupmall.com/BC14010R/viewDetailPage.nh?wrsC=8036441303,설탕,설탕,백설,6,개
농협몰,8036441316,백설 명품 천일염 오천년의 신비 중간입자 소금 500g x2개,https://www.nonghyupmall.com/BC14010R/viewDetailPage.nh?wrsC=8036441316,설탕,설탕,백설,2,개
농협몰,8036441329,백설 맛소금 1kg x10개,https://www.nonghyupmall.com/BC14010R/viewDetailPage.nh?wrsC=8036441329,설탕,설탕,백설,10,개
농협몰,8036441770,백설 갈색설탕 1kg x16개,https://www.nonghyupmall.com/BC14010R/viewDetailPage.nh?wrsC=8036441770,설탕,설탕,백설,16,개
농협몰,8036441783,백설 하얀설탕 1kg x5개,https://www.nonghyupmall.com/BC14010R/viewDetailPage.nh?wrsC=8036441783,설탕,설탕,백설,5,개
농협몰,8036513264,3년숙성 천일염 톳소금 450x5,https://www.nonghyupmall.com/BC14010R/viewDetailPage.nh?wrsC=8036513264,설탕,설탕,3년숙성,,
농협몰,8036513280,3년숙성 천일염 굵은소금 1kgx3팩,https://www.nonghyupmall.com/BC14010R/viewDetailPage.nh?wrsC=8036513280,설탕,설탕,3년숙성,3,팩
농협몰,8036691221,베지밀 단백한베지밀 A병(190mlx10)x2박스(20병),https://www.nonghyupmall.com/BC14010R/viewDetailPage.nh?wrsC=8036691221,우유,우유,베지밀,190,ml
농협몰,8036836905,연세우유 세브란스 전용목장 A2단백 멸균우유 125ml 24팩,https://www.nonghyupmall.com/BC14010R/viewDetailPage.nh?wrsC=8036836905,우유,우유,연세우유,24,팩
농협몰,8036836918,연세우유 세브란스 전용목장 A2단백 멸균우유 125ml 72팩,https://www.nonghyupmall.com/BC14010R/viewDetailPage.nh?wrsC=8036836918,우유,우유,연세우유,72,팩
농협몰,8037033732,[한국양계농협] 농협계란 안심플러스 계란 신선란 대란 60입 (30입*2판),https://www.nonghyupmall.com/BC14010R/viewDetailPage.nh?wrsC=8037033732,계란,계란,한국양계농협,30,입
농협몰,8037766081,[임실치즈농협] 임실 크림치즈,https://www.nonghyupmall.com/BC14010R/viewDetailPage.nh?wrsC=8037766081,버터,버터,임실치즈농협,,
농협몰,8037846721,튀기지않고 건강하게 구운 버터도넛 40gx20개,https://www.nonghyupmall.com/BC14010R/viewDetailPage.nh?wrsC=8037846721,버터,버터,튀기지않고,20,개
농협몰,8037946498,삼립 1A원유 소화가 잘 되는 우유가 들어간 냉동 생크림빵 3종 3봉(우유/딸기/초코),https://www.nonghyupmall.com/BC14010R/viewDetailPage.nh?wrsC=8037946498,우유,우유,삼립,3,봉
농협몰,8038193936,햇반 쿡반 주먹밥 500g 버터장조림 x2개+김치치즈 x2개,https://www.nonghyupmall.com/BC14010R/viewDetailPage.nh?wrsC=8038193936,버터,버터,햇반,2,개
농협몰,8038204634,[본사직영] 볼빅 계란 골프공 그로우업 에그팩 3피스 4구 선물세트,https://www.nonghyupmall.com/BC14010R/viewDetailPage.nh?wrsC=8038204634,계란,계란,본사직영,4,구
농협몰,8038830286,애경 립바이브 슈가밤 쉐어버터 인텐스 4.8g x 10개,https://www.nonghyupmall.com/BC14010R/viewDetailPage.nh?wrsC=8038830286,버터,버터,애경,10,개
농협몰,8039095376,비스카 마이키친 전기 계란찜기 6구 VK-E606,https://www.nonghyupmall.com/BC14010R/viewDetailPage.nh?wrsC=8039095376,계란,계란,비스카,6,구
농협몰,8039232647,봄내 감자빵 통밀빵 깜빠뉴 830g( 밀가루안들어가는빵 샌드위치빵 통밀식빵 모닝빵 치아타바 저탄수식빵 비건 저염 무설탕 저칼로리 단백질 식빵 ),https://www.nonghyupmall.com/BC14010R/viewDetailPage.nh?wrsC=8039232647,밀가루,밀가루,봄내,830,g
농협몰,8039260073,[HACCP인증]고소하고 맛있는 구운계란 대란 30구 60구 (소금증정),https://www.nonghyupmall.com/BC14010R/viewDetailPage.nh?wrsC=8039260073,계란,계란,HACCP인증,60,구
농협몰,8039263056,[파손란 보상][대한민국농수산] HACCP인증 촉촉한 구운계란 대란 30/60구,https://www.nonghyupmall.com/BC14010R/viewDetailPage.nh?wrsC=8039263056,계란,계란,파손란 보상,60,구
농협몰,8039272502,건국 착한목장 소화가 잘되는 멸균우유 190mlx24팩,https://www.nonghyupmall.com/BC14010R/viewDetailPage.nh?wrsC=8039272502,우유,우유,건국,24,팩
농협몰,8039274230,천연한끼 해양심층수 버섯소금 300g 한생원,https://www.nonghyupmall.com/BC14010R/viewDetailPage.nh?wrsC=8039274230,설탕,설탕,천연한끼,300,g
농협몰,8039275051,쪄옴 진한 우유크림떡 300g 2봉 외,https://www.nonghyupmall.com/BC14010R/viewDetailPage.nh?wrsC=8039275051,우유,우유,쪄옴,2,봉
농협몰,8039277060,민속주왕주 남상란명인 13도 700ml 살균약주,https://www.nonghyupmall.com/BC14010R/viewDetailPage.nh?wrsC=8039277060,계란,계란,민속주왕주,700,ml
농협몰,8039299460,삼립 저당 순백우유식빵 420g 4봉,https://www.nonghyupmall.com/BC14010R/viewDetailPage.nh?wrsC=8039299460,우유,우유,삼립,4,봉
농협몰,8039302177,[빙그레] 바나나맛 미니우유/따옴유기농주스 48팩,https://www.nonghyupmall.com/BC14010R/viewDetailPage.nh?wrsC=8039302177,우유,우유,빙그레,48,팩
농협몰,8039303310,[빙그레] 단지우유 240ml 5종 16팩 /바나나우유/딸기우유,https://www.nonghyupmall.com/BC14010R/viewDetailPage.nh?wrsC=8039303310,우유,우유,빙그레,16,팩
농협몰,8039342834,[바다어보] 허니버터구이오징어 300g,https://www.nonghyupmall.com/BC14010R/viewDetailPage.nh?wrsC=8039342834,버터,버터,바다어보,300,g
농협몰,8039343613,맷돌로 갈아 만든 100% 국내산 우뭇가사리콩물 500ml 2병,https://www.nonghyupmall.com/BC14010R/viewDetailPage.nh?wrsC=8039343613,버터,버터,맷돌로,500,ml
농협몰,8039373722,[모스티브] 칼라 젤 폴리시 진짜시리즈 12ml 3종세트(스킨/피치/딸기우유),https://www.nonghyupmall.com/BC14010R/viewDetailPage.nh?wrsC=8039373722,우유,우유,모스티브,12,ml
농협몰,8039375265,"유기농 아로니아 100% 저온착즙 700ml 무설탕, 화학성분 무첨가",https://www.nonghyupmall.com/BC14010R/viewDetailPage.nh?wrsC=8039375265,설탕,설탕,유기농,700,ml
농협몰,8039388557,연세우유 세브란스 전용목장 A2단백 멸균우유 180ml 96팩,https://www.nonghyupmall.com/BC14010R/viewDetailPage.nh?wrsC=8039388557,우유,우유,연세우유,96,팩
농협몰,8039394554,[사조] 우리밀 통밀가루 750g (지리산) X 3개,https://www.nonghyupmall.com/BC14010R/viewDetailPage.nh?wrsC=8039394554,밀가루,밀가루,사조,3,개
농협몰,8039396969,스윗버터갈릭 엄마손파이 254gx4개,https://www.nonghyupmall.com/BC14010R/viewDetailPage.nh?wrsC=8039396969,버터,버터,스윗버터갈릭,4,개
농협몰,8039396972,스윗버터갈릭 엄마손파이 127gx12개,https://www.nonghyupmall.com/BC14010R/viewDetailPage.nh?wrsC=8039396972,버터,버터,스윗버터갈릭,12,개
농협몰,8039408462,고소한 버터를 품은 앙버터 호두과자 20개입,https://www.nonghyupmall.com/BC14010R/viewDetailPage.nh?wrsC=8039408462,버터,버터,고소한,20,개입
농협몰,8039416171,쿠비녹스 스테인레스 2단 계란찜기 CX-253EG,https://www.nonghyupmall.com/BC14010R/viewDetailPage.nh?wrsC=8039416171,계란,계란,쿠비녹스,,
농협몰,8039425601,"글루텐 프리 저당 무설탕 비건 간식 망개쌀보리칩 _ 선물세트 쌀과자 4종(망개잎맛, 자색고구마맛, 단호박맛, 고추맛 내용량 200g)",https://www.nonghyupmall.com/BC14010R/viewDetailPage.nh?wrsC=8039425601,설탕,설탕,글루텐,200,g
농협몰,8039430311,하먼치즈 스트링,https://www.nonghyupmall.com/BC14010R/viewDetailPage.nh?wrsC=8039430311,버터,버터,하먼치즈,,
농협몰,8039487854,"[서울우유] 홍삼츄츄 블루베리,포도 100ml 10팩",https://www.nonghyupmall.com/BC14010R/viewDetailPage.nh?wrsC=8039487854,우유,우유,서울우유,10,팩
농협몰,8039487867,서울우유 아침에주스 미니 포도주스 100ml 20팩,https://www.nonghyupmall.com/BC14010R/viewDetailPage.nh?wrsC=8039487867,우유,우유,서울우유,20,팩
농협몰,8039488534,[캐리어/ESQC231AAWWSD] 스탠드에어컨 23형 인버터 냉난방기 전국/기본설치무료,https://www.nonghyupmall.com/BC14010R/viewDetailPage.nh?wrsC=8039488534,버터,버터,캐리어/ESQC231AAWWSD,,
농협몰,8039493921,[다신샵] 54kcal 바로먹는 곤약이면 메밀소바 외 2종 골라담기/ 노밀가루 발효곤약 모밀소바 우동,https://www.nonghyupmall.com/BC14010R/viewDetailPage.nh?wrsC=8039493921,밀가루,밀가루,다신샵,,
농협몰,8039499594,가니 T3957 252 버터플라이 로고 쇼츠 여성 반바지,https://www.nonghyupmall.com/BC14010R/viewDetailPage.nh?wrsC=8039499594,버터,버터,가니,,
농협몰,8039507149,밸런스밀 프로틴바 피넛버터 34g 12입 x2개,https://www.nonghyupmall.com/BC14010R/viewDetailPage.nh?wrsC=8039507149,버터,버터,밸런스밀,2,개
농협몰,8039507459,[애월아빠들] 제주 무항생제 화산석 구운란 30구,https://www.nonghyupmall.com/BC14010R/viewDetailPage.nh?wrsC=8039507459,계란,계란,애월아빠들,30,구
농협몰,8039515618,햇반 라이스플랜 파로 비프포크 김치 볶음밥(컵) 210g x12개+닭가슴살 계란 볶음밥(컵) 210g x12개,https://www.nonghyupmall.com/BC14010R/viewDetailPage.nh?wrsC=8039515618,계란,계란,햇반,12,개
농협몰,8039515621,햇반 라이스플랜 파로 비프포크 김치 볶음밥(컵) 210g x3개+닭가슴살 계란 볶음밥(컵) 210g x3개,https://www.nonghyupmall.com/BC14010R/viewDetailPage.nh?wrsC=8039515621,계란,계란,햇반,3,개
농협몰,8039517250,[수면공감] 방수 라텍스 우유베개 알파,https://www.nonghyupmall.com/BC14010R/viewDetailPage.nh?wrsC=8039517250,우유,우유,수면공감,,
농협몰,8039519988,[연육함량 85%] 밀가루 없는!! 연육 85% 이상 프리미엄 국가대표 모듬 어묵탕 X 5팩,https://www.nonghyupmall.com/BC14010R/viewDetailPage.nh?wrsC=8039519988,밀가루,밀가루,연육함량 85%,5,팩
농협몰,8039520737,[임실치즈농협] 임실 블루베리 크림치즈,https://www.nonghyupmall.com/BC14010R/viewDetailPage.nh?wrsC=8039520737,버터,버터,임실치즈농협,,
농협몰,8039522832,"맛있는우유GT 고소한 저지방 190ml X 24팩,48팩",https://www.nonghyupmall.com/BC14010R/viewDetailPage.nh?wrsC=8039522832,우유,우유,맛있는우유GT,48,팩
농협몰,8039524995,청정원 천일염굵은소금1kg,https://www.nonghyupmall.com/BC14010R/viewDetailPage.nh?wrsC=8039524995,설탕,설탕,청정원,1000,g
농협몰,8039527811,[김도윤셰프]양파버터커리 140gx2팩,https://www.nonghyupmall.com/BC14010R/viewDetailPage.nh?wrsC=8039527811,버터,버터,김도윤셰프,2,팩
농협몰,8039529565,[양계장사람들] 무항생제 대란 90구,https://www.nonghyupmall.com/BC14010R/viewDetailPage.nh?wrsC=8039529565,계란,계란,양계장사람들,90,구
농협몰,8039531953,[쿠쿠] 3인용 에그 전기보온밥솥 CR-0375FW,https://www.nonghyupmall.com/BC14010R/viewDetailPage.nh?wrsC=8039531953,계란,계란,쿠쿠,,
농협몰,8039534019,프레지덩 미니 포션 가염 버터 10g 100개(20개입 5박스),https://www.nonghyupmall.com/BC14010R/viewDetailPage.nh?wrsC=8039534019,버터,버터,프레지덩,20,개입
농협몰,8039535814,부산우유 멸균 현미우유 190ml 24개입,https://www.nonghyupmall.com/BC14010R/viewDetailPage.nh?wrsC=8039535814,우유,우유,부산우유,24,개입
농협몰,8039536015,[루메나] 트윈 인버터 스마트 제습기 DRY TOWER MAX,https://www.nonghyupmall.com/BC14010R/viewDetailPage.nh?wrsC=8039536015,버터,버터,루메나,,
농협몰,8039536817,찰떡아이스 소금우유 카라멜x18,https://www.nonghyupmall.com/BC14010R/viewDetailPage.nh?wrsC=8039536817,우유,우유,찰떡아이스,,
농협몰,8039555135,[자일렉] 올스텐 계란찜기 2단 ZL-253G,https://www.nonghyupmall.com/BC14010R/viewDetailPage.nh?wrsC=8039555135,계란,계란,자일렉,253,g
농협몰,8039559179,부산우유 오마이포켓 유기농 오렌지 주스 120ml 24개입,https://www.nonghyupmall.com/BC14010R/viewDetailPage.nh?wrsC=8039559179,우유,우유,부산우유,24,개입
농협몰,8039562119,간수빠진 천일염,https://www.nonghyupmall.com/BC14010R/viewDetailPage.nh?wrsC=8039562119,설탕,설탕,간수빠진,,
농협몰,9000713886,담백한 베지밀A950ml*12( 1박스),https://www.nonghyupmall.com/BC14010R/viewDetailPage.nh?wrsC=9000713886,우유,우유,담백한,950,ml
농협몰,9000917756,[임실치즈농협]선물세트 특호,https://www.nonghyupmall.com/BC14010R/viewDetailPage.nh?wrsC=9000917756,버터,버터,임실치즈농협,,
농협몰,9004315534,해리농협 천만금 탈수천일염 5kg*2개(총 10kg),https://www.nonghyupmall.com/BC14010R/viewDetailPage.nh?wrsC=9004315534,설탕,설탕,해리농협,10000,g
농협몰,9012170491,[드보르] 에그 진동클렌저 DC-105,https://www.nonghyupmall.com/BC14010R/viewDetailPage.nh?wrsC=9012170491,계란,계란,드보르,,
농협몰,9013181744,[인정란] 아라리 무항생제 구운란 30구,https://www.nonghyupmall.com/BC14010R/viewDetailPage.nh?wrsC=9013181744,계란,계란,인정란,30,구
농협몰,9013676956,[농협식품] 농협 꽃소금 1kg,https://www.nonghyupmall.com/BC14010R/viewDetailPage.nh?wrsC=9013676956,설탕,설탕,농협식품,1000,g
농협몰,9016750707,오븐에구운 버터휘낭시에 8입 2팩,https://www.nonghyupmall.com/BC14010R/viewDetailPage.nh?wrsC=9016750707,버터,버터,오븐에구운,2,팩
농협몰,9017241990,에그 반팔 바디슈트 2종세트(3-24개월) 204101,https://www.nonghyupmall.com/BC14010R/viewDetailPage.nh?wrsC=9017241990,계란,계란,에그,24,개
농협몰,9017263837,연세우유 멸균우유 마카다미아 초코우유 190ml x 72팩,https://www.nonghyupmall.com/BC14010R/viewDetailPage.nh?wrsC=9017263837,우유,우유,연세우유,72,팩
농협몰,9018245409,[임실치즈농협] 옥정호 선물세트,https://www.nonghyupmall.com/BC14010R/viewDetailPage.nh?wrsC=9018245409,버터,버터,임실치즈농협,,
농협몰,9023666509,[홈앤하우스] 프리모 그라인더 200ml,https://www.nonghyupmall.com/BC14010R/viewDetailPage.nh?wrsC=9023666509,설탕,설탕,홈앤하우스,200,ml
농협몰,9028359208,유로베이크 냉동 디저트빵 우유크림카스테라 120g X 2봉,https://www.nonghyupmall.com/BC14010R/viewDetailPage.nh?wrsC=9028359208,우유,우유,유로베이크,2,봉
농협몰,9028654145,[냉장] 필라델피아 크림치즈 2kg(블록) 2개세트,https://www.nonghyupmall.com/BC14010R/viewDetailPage.nh?wrsC=9028654145,버터,버터,냉장,2,개
농협몰,9029130587,[농협안심] 행복한 동물복지유정란(40개입),https://www.nonghyupmall.com/BC14010R/viewDetailPage.nh?wrsC=9029130587,계란,계란,농협안심,40,개입
농협몰,9030140070,[한생원] 표고버섯 소금,https://www.nonghyupmall.com/BC14010R/viewDetailPage.nh?wrsC=9030140070,설탕,설탕,한생원,,
농협몰,9030222787,구운계란 30구+반숙란 30구,https://www.nonghyupmall.com/BC14010R/viewDetailPage.nh?wrsC=9030222787,계란,계란,구운계란,30,구
농협몰,9030295507,순메밀가루 1kg,https://www.nonghyupmall.com/BC14010R/viewDetailPage.nh?wrsC=9030295507,밀가루,밀가루,순메밀가루,1000,g
농협몰,9030295510,순메밀가루 500gx3,https://www.nonghyupmall.com/BC14010R/viewDetailPage.nh?wrsC=9030295510,밀가루,밀가루,순메밀가루,500,g
농협몰,9032894344,간장버터치즈 구운주먹밥100g 10팩,https://www.nonghyupmall.com/BC14010R/viewDetailPage.nh?wrsC=9032894344,버터,버터,간장버터치즈,10,팩
농협몰,9034891497,삼립 크래프트 크림치즈 스프레드 4종 2병 골라담기(무화과/메이플호두/베이컨/블루베리),https://www.nonghyupmall.com/BC14010R/viewDetailPage.nh?wrsC=9034891497,버터,버터,삼립,,
농협몰,9035896938,우유꿀설기 500g 1박스,https://www.nonghyupmall.com/BC14010R/viewDetailPage.nh?wrsC=9035896938,우유,우유,우유꿀설기,500,g
농협몰,9035896941,우유꿀설기 500g 4박스,https://www.nonghyupmall.com/BC14010R/viewDetailPage.nh?wrsC=9035896941,우유,우유,우유꿀설기,500,g
농협몰,9036156646,[블프행사]삼립 가성비 촉촉한 우유식빵 330g 4봉,https://www.nonghyupmall.com/BC14010R/viewDetailPage.nh?wrsC=9036156646,우유,우유,블프행사,4,봉
농협몰,9036417080,백설 찰밀가루1kg x2개,https://www.nonghyupmall.com/BC14010R/viewDetailPage.nh?wrsC=9036417080,밀가루,밀가루,백설,2,개
농협몰,9036417431,햇반 쿡반 만능계란볶음밥 400g x3개,https://www.nonghyupmall.com/BC14010R/viewDetailPage.nh?wrsC=9036417431,계란,계란,햇반,3,개
농협몰,9036441302,백설 천일염 허브맛솔트 매콤한맛 50g x10개,https://www.nonghyupmall.com/BC14010R/viewDetailPage.nh?wrsC=9036441302,설탕,설탕,백설,10,개
농협몰,9036441315,백설 명품 천일염 오천년의 신비 중간입자 소금 500g x5개,https://www.nonghyupmall.com/BC14010R/viewDetailPage.nh?wrsC=9036441315,설탕,설탕,백설,5,개
농협몰,9036441328,백설 맛소금 250g x3개,https://www.nonghyupmall.com/BC14010R/viewDetailPage.nh?wrsC=9036441328,설탕,설탕,백설,3,개
농협몰,9036441597,백설 구운소금 1kg x2개,https://www.nonghyupmall.com/BC14010R/viewDetailPage.nh?wrsC=9036441597,설탕,설탕,백설,2,개
농협몰,9036441766,백설 갈색설탕 1kg x8개,https://www.nonghyupmall.com/BC14010R/viewDetailPage.nh?wrsC=9036441766,설탕,설탕,백설,8,개
농협몰,9036441779,백설 갈색설탕 1kg x2개,https://www.nonghyupmall.com/BC14010R/viewDetailPage.nh?wrsC=9036441779,설탕,설탕,백설,2,개
농협몰,9036441906,햇반 컵반 컵밥 버터장조림비빔밥 216g x12개,https://www.nonghyupmall.com/BC14010R/viewDetailPage.nh?wrsC=9036441906,버터,버터,햇반,12,개
농협몰,9036513263,3년숙성 천일염 마늘소금 450gx1,https://www.nonghyupmall.com/BC14010R/viewDetailPage.nh?wrsC=9036513263,설탕,설탕,3년숙성,450,g
농협몰,9036513276,3년숙성 천일염 가는소금 500gx1팩,https://www.nonghyupmall.com/BC14010R/viewDetailPage.nh?wrsC=9036513276,설탕,설탕,3년숙성,1,팩
농협몰,9036717159,[코코릭] COCOLIC 아동 어린이 키즈 자외선 99.9%차단 KC인증 에그 선글라스 5-12세,https://www.nonghyupmall.com/BC14010R/viewDetailPage.nh?wrsC=9036717159,계란,계란,코코릭,,
농협몰,9036748638,베지밀 검은콩과검은참깨48팩,https://www.nonghyupmall.com/BC14010R/viewDetailPage.nh?wrsC=9036748638,우유,우유,베지밀,48,팩
농협몰,9036787222,필라델피아 크림치즈 플레인 190g*3개,https://www.nonghyupmall.com/BC14010R/viewDetailPage.nh?wrsC=9036787222,버터,버터,필라델피아,3,개
농협몰,9037845503,[임실치즈농협] 슬라이스(3박스) 꾸러미,https://www.nonghyupmall.com/BC14010R/viewDetailPage.nh?wrsC=9037845503,버터,버터,임실치즈농협,,
농협몰,9038204633,[본사직영] 볼빅 계란 골프공 그로우업 에그팩 3피스 6구 선물세트,https://www.nonghyupmall.com/BC14010R/viewDetailPage.nh?wrsC=9038204633,계란,계란,본사직영,6,구
농협몰,9039095375,비스카 마이키친 전기 계란찜기 7구 VK-707EG,https://www.nonghyupmall.com/BC14010R/viewDetailPage.nh?wrsC=9039095375,계란,계란,비스카,7,구
농협몰,9039106565,매일 바나나는 햐얗다(멸균) 190 * 24,https://www.nonghyupmall.com/BC14010R/viewDetailPage.nh?wrsC=9039106565,우유,우유,매일,,
농협몰,9039234671,[오뚜기] 뿌셔뿌셔 버터구이오징어맛 90g 24개입,https://www.nonghyupmall.com/BC14010R/viewDetailPage.nh?wrsC=9039234671,버터,버터,오뚜기,24,개입
농협몰,9039236479,마이노멀 알룰로스 선물세트,https://www.nonghyupmall.com/BC14010R/viewDetailPage.nh?wrsC=9039236479,설탕,설탕,마이노멀,,
농협몰,9039240483,우유병 크림패턴 배변훈련팬티 305400,https://www.nonghyupmall.com/BC14010R/viewDetailPage.nh?wrsC=9039240483,우유,우유,우유병,,
농협몰,9039261583,[농협식품] 통흑후추 그라인더 60g,https://www.nonghyupmall.com/BC14010R/viewDetailPage.nh?wrsC=9039261583,설탕,설탕,농협식품,60,g
농협몰,9039272501,건국 착한목장 소화가 잘되는 멸균우유 190mlx48팩,https://www.nonghyupmall.com/BC14010R/viewDetailPage.nh?wrsC=9039272501,우유,우유,건국,48,팩
농협몰,9039276136,라벨영 쇼킹비타민우유미백크림 55gx5개 톤업 비타밀크토닝,https://www.nonghyupmall.com/BC14010R/viewDetailPage.nh?wrsC=9039276136,우유,우유,라벨영,5,개
농협몰,9039308583,피넛버터앤코 땅콩버터 스무스 오퍼레이터_454g,https://www.nonghyupmall.com/BC14010R/viewDetailPage.nh?wrsC=9039308583,버터,버터,피넛버터앤코,454,g
농협몰,9039309036,[농협식품] 농협 참기름 간장계란볶음밥 2개 X 들기름 김치볶음밥 2개,https://www.nonghyupmall.com/BC14010R/viewDetailPage.nh?wrsC=9039309036,계란,계란,농협식품,2,개
농협몰,9039311990,서울우유 킹커피믹스 60스틱*2세트,https://www.nonghyupmall.com/BC14010R/viewDetailPage.nh?wrsC=9039311990,우유,우유,서울우유,,
농협몰,9039343612,맷돌로 갈아 만든 100% 국내산 백태콩물 1000ml 2병,https://www.nonghyupmall.com/BC14010R/viewDetailPage.nh?wrsC=9039343612,버터,버터,맷돌로,1000,ml
농협몰,9039347841,뮤토 피코 캐리어 20형 / 스톤그레이 세이지그린 버터옐로우 더스트핑크 택1,https://www.nonghyupmall.com/BC14010R/viewDetailPage.nh?wrsC=9039347841,버터,버터,뮤토,,
농협몰,9039373945,라벨영 쇼킹찐영양클렌징샴푸액 500mlx2개 와인+우유 발효영양으로 두피모발 토탈케어,https://www.nonghyupmall.com/BC14010R/viewDetailPage.nh?wrsC=9039373945,우유,우유,라벨영,2,개
농협몰,9039382264,햇반 컵반 컵밥 황태국밥 170g x6개+버터장조림비빔밥 216g x6개,https://www.nonghyupmall.com/BC14010R/viewDetailPage.nh?wrsC=9039382264,버터,버터,햇반,6,개
농협몰,9039382545,햇반 쿡반 주먹밥 베스트 4종 8봉 세트 (스팸김치x2+불고기x2+김치치즈x2+버터장조림x2),https://www.nonghyupmall.com/BC14010R/viewDetailPage.nh?wrsC=9039382545,버터,버터,햇반,8,봉
농협몰,9039382785,비비고 4종 반찬(동그랑땡 340g+해물완자 340g+떡갈비 320g+계란고기완자 480g),https://www.nonghyupmall.com/BC14010R/viewDetailPage.nh?wrsC=9039382785,계란,계란,비비고,480,g
농협몰,9039393659,서울우유 내안의 진짜 딸기 280mlx18개,https://www.nonghyupmall.com/BC14010R/viewDetailPage.nh?wrsC=9039393659,우유,우유,서울우유,18,개
농협몰,9039396968,스윗버터갈릭 엄마손파이 254gx6개,https://www.nonghyupmall.com/BC14010R/viewDetailPage.nh?wrsC=9039396968,버터,버터,스윗버터갈릭,6,개
농협몰,9039400214,이디야커피 (핫샌드위치)에그 베이컨 과카몰리,https://www.nonghyupmall.com/BC14010R/viewDetailPage.nh?wrsC=9039400214,계란,계란,이디야커피,,
농협몰,9039405897,헤스타 국산 실리콘 사각 냄비 전자레인지 식세기 가능 간단요리 도시락통 열탕소독 계란찜기,https://www.nonghyupmall.com/BC14010R/viewDetailPage.nh?wrsC=9039405897,계란,계란,헤스타,,
농협몰,9039439784,프로젝트H 리치버터 2입 선물세트 (스무스1+크런치1),https://www.nonghyupmall.com/BC14010R/viewDetailPage.nh?wrsC=9039439784,버터,버터,프로젝트H,2,입
농협몰,9039459401,[팜프레쉬] 유기농 그릭요거트 플레인 300g 1개,https://www.nonghyupmall.com/BC14010R/viewDetailPage.nh?wrsC=9039459401,버터,버터,팜프레쉬,1,개
농협몰,9039461930,[오야니] 에그 슬라우치 숄더 OBSBSD11,https://www.nonghyupmall.com/BC14010R/viewDetailPage.nh?wrsC=9039461930,계란,계란,오야니,,
농협몰,9039474280,[사조] 버터 팝콘 80g x 12개 외 골라담기/카라멜/오리지널,https://www.nonghyupmall.com/BC14010R/viewDetailPage.nh?wrsC=9039474280,버터,버터,사조,12,개
농협몰,9039487824,[건국유업] 건국멸균우유 200ml x 24팩(1박스),https://www.nonghyupmall.com/BC14010R/viewDetailPage.nh?wrsC=9039487824,우유,우유,건국유업,24,팩
농협몰,9039487853,"[서울우유] 홍삼츄츄 사과,배 100ml 10팩",https://www.nonghyupmall.com/BC14010R/viewDetailPage.nh?wrsC=9039487853,우유,우유,서울우유,10,팩
농협몰,9039487866,서울우유 아침에주스 미니 포도주스 100ml 10팩,https://www.nonghyupmall.com/BC14010R/viewDetailPage.nh?wrsC=9039487866,우유,우유,서울우유,10,팩
농협몰,9039489130,동원 양반 계란옷 입힌 새우부추완자/고기버섯완자 410g 3봉,https://www.nonghyupmall.com/BC14010R/viewDetailPage.nh?wrsC=9039489130,계란,계란,동원,3,봉
농협몰,9039498011,판도라 PANDORA 792698C01 블루 무라노 글래스 버터 플라이 펜던트 겸 댕글 실버 참,https://www.nonghyupmall.com/BC14010R/viewDetailPage.nh?wrsC=9039498011,버터,버터,판도라,,
농협몰,9039498657,가니 A6545 943 레오파드 프린트 버터플라이 로고 플랩 카드지갑,https://www.nonghyupmall.com/BC14010R/viewDetailPage.nh?wrsC=9039498657,버터,버터,가니,,
농협몰,9039501757,CP컴퍼니 18CMSS023A 005086W 683 다이애그널 렌즈 와펜 남성 맨투맨,https://www.nonghyupmall.com/BC14010R/viewDetailPage.nh?wrsC=9039501757,계란,계란,CP컴퍼니,,
농협몰,9039502888,"[HC해피콜]버던트 티타늄 IH 프라이팬 2종B(계란말이팬,프라이팬28)",https://www.nonghyupmall.com/BC14010R/viewDetailPage.nh?wrsC=9039502888,계란,계란,HC해피콜,,
농협몰,9039502891,"[HC해피콜]버던트 티타늄 IH 프라이팬 3종B(프라이팬20,28,계란말이팬)",https://www.nonghyupmall.com/BC14010R/viewDetailPage.nh?wrsC=9039502891,계란,계란,HC해피콜,,
농협몰,9039503274,매일유업 소화가 잘되는 우유 바나나 190ml*48입,https://www.nonghyupmall.com/BC14010R/viewDetailPage.nh?wrsC=9039503274,우유,우유,매일유업,48,입
농협몰,9039507148,밸런스밀 프로틴바 말차초코 38g 12입 x1개+피넛버터 34g 12입 x1개,https://www.nonghyupmall.com/BC14010R/viewDetailPage.nh?wrsC=9039507148,버터,버터,밸런스밀,1,개
농협몰,9039507461,[애월아빠들] 제주 무항생제 화산석 구운란 60구,https://www.nonghyupmall.com/BC14010R/viewDetailPage.nh?wrsC=9039507461,계란,계란,애월아빠들,60,구
농협몰,9039522828,"맛있는우유 GT 멸균 흰우유 200ml 24팩,48팩",https://www.nonghyupmall.com/BC14010R/viewDetailPage.nh?wrsC=9039522828,우유,우유,맛있는우유,48,팩
농협몰,9039524936,청정원 호밍스 촉촉한 계란부추물만두 270g*2,https://www.nonghyupmall.com/BC14010R/viewDetailPage.nh?wrsC=9039524936,계란,계란,청정원,270,g
농협몰,9039524994,청정원 유기농황설탕 454g,https://www.nonghyupmall.com/BC14010R/viewDetailPage.nh?wrsC=9039524994,설탕,설탕,청정원,454,g
농협몰,9039525616,청정원 순살바삭버터갈릭치킨 300g,https://www.nonghyupmall.com/BC14010R/viewDetailPage.nh?wrsC=9039525616,버터,버터,청정원,300,g
농협몰,9039527711,[김도윤셰프]양파버터커리 140gx4팩,https://www.nonghyupmall.com/BC14010R/viewDetailPage.nh?wrsC=9039527711,버터,버터,김도윤셰프,4,팩
농협몰,9039528954,동원 리얼 관자 크랩스 오리지널/버터 맛살 72g (4+4) 총8개,https://www.nonghyupmall.com/BC14010R/viewDetailPage.nh?wrsC=9039528954,버터,버터,동원,8,개
농협몰,9039535798,부산우유 멸균 흰우유 200ml 24개입,https://www.nonghyupmall.com/BC14010R/viewDetailPage.nh?wrsC=9039535798,우유,우유,부산우유,24,개입
농협몰,9039535868,부산우유 저당밀크티 190ml 24개입,https://www.nonghyupmall.com/BC14010R/viewDetailPage.nh?wrsC=9039535868,우유,우유,부산우유,24,개입
농협몰,9039536816,찰떡아이스 소금우유 카라멜x24,https://www.nonghyupmall.com/BC14010R/viewDetailPage.nh?wrsC=9039536816,우유,우유,찰떡아이스,,
농협몰,9039541047,[양재점] 곰표밀가루(중력다목적용)1kg,https://www.nonghyupmall.com/BC14010R/viewDetailPage.nh?wrsC=9039541047,밀가루,밀가루,양재점,1000,g
농협몰,9039543650,[윈세이] 대용량 저소음 인버터 제습기 32L (W32L2A/자동습도조절/연속배수/실내빨래건조),https://www.nonghyupmall.com/BC14010R/viewDetailPage.nh?wrsC=9039543650,버터,버터,윈세이,32000,ml
농협몰,9039546422,백설 파스타소스 미트토마토 430g x2개+트러플버터크림 430g x2개,https://www.nonghyupmall.com/BC14010R/viewDetailPage.nh?wrsC=9039546422,버터,버터,백설,2,개
농협몰,9039547917,[동원] 덴마크 소화가 잘되는 우유 2.3L 4개,https://www.nonghyupmall.com/BC14010R/viewDetailPage.nh?wrsC=9039547917,우유,우유,동원,4,개
농협몰,9039552979,국내산 골든에그 3kg 특대,https://www.nonghyupmall.com/BC14010R/viewDetailPage.nh?wrsC=9039552979,계란,계란,국내산,3000,g
농협몰,9039554115,삼립 1A우유모닝롤 324g 12입 4봉 (48개입),https://www.nonghyupmall.com/BC14010R/viewDetailPage.nh?wrsC=9039554115,우유,우유,삼립,48,개입
농협몰,9039554595,밸런스밀 프로틴바 단백질바 말차초코 4입 x1개+피넛버터 4입 x1개+초코 4입 x1개(총 12개),https://www.nonghyupmall.com/BC14010R/viewDetailPage.nh?wrsC=9039554595,버터,버터,밸런스밀,12,개
농협몰,9039555824,"★9/5 농할특가 10,900원★[양계장사람들] 젊은 닭 유정란 난각번호2번 특란 계란 30구",https://www.nonghyupmall.com/BC14010R/viewDetailPage.nh?wrsC=9039555824,계란,계란,★9/5,30,구
농협몰,9039556603,(양재점) 푸드림 하얀설탕 * 1kg,https://www.nonghyupmall.com/BC14010R/viewDetailPage.nh?wrsC=9039556603,설탕,설탕,(양재점),1000,g
