item_category_code,item_code,kind_code,rank_code,observed_date,price_scope_type,scope_name,price,unit_price
500,9903,21,71,2025-05-01,NORMAL_YEAR,평년,3520,352.00
500,9903,21,71,2025-05-02,NORMAL_YEAR,평년,3537,353.70
500,9903,21,71,2025-05-03,NORMAL_YEAR,평년,3614,361.40
500,9903,21,71,2025-05-04,NORMAL_YEAR,평년,3618,361.80
500,9903,21,71,2025-05-05,NORMAL_YEAR,평년,3615,361.50
500,9903,21,71,2025-05-06,NORMAL_YEAR,평년,3597,359.70
500,9903,21,71,2025-05-07,NORMAL_YEAR,평년,3561,356.10
500,9903,21,71,2025-05-08,NORMAL_YEAR,평년,3568,356.80
500,9903,21,71,2025-05-09,NORMAL_YEAR,평년,3577,357.70
500,9903,21,71,2025-05-10,NORMAL_YEAR,평년,3593,359.30
500,9903,21,71,2025-05-11,NORMAL_YEAR,평년,3599,359.90
500,9903,21,71,2025-05-12,NORMAL_YEAR,평년,3506,350.60
500,9903,21,71,2025-05-13,NORMAL_YEAR,평년,3512,351.20
500,9903,21,71,2025-05-14,NORMAL_YEAR,평년,3514,351.40
500,9903,21,71,2025-05-15,NORMAL_YEAR,평년,3511,351.10
500,9903,21,71,2025-05-16,NORMAL_YEAR,평년,3497,349.70
500,9903,21,71,2025-05-17,NORMAL_YEAR,평년,3535,353.50
500,9903,21,71,2025-05-18,NORMAL_YEAR,평년,3531,353.10
500,9903,21,71,2025-05-19,NORMAL_YEAR,평년,3553,355.30
500,9903,21,71,2025-05-20,NORMAL_YEAR,평년,3581,358.10
500,9903,21,71,2025-05-21,NORMAL_YEAR,평년,3589,358.90
500,9903,21,71,2025-05-22,NORMAL_YEAR,평년,3583,358.30
500,9903,21,71,2025-05-23,NORMAL_YEAR,평년,3589,358.90
500,9903,21,71,2025-05-24,NORMAL_YEAR,평년,3602,360.20
500,9903,21,71,2025-05-25,NORMAL_YEAR,평년,3625,362.50
500,9903,21,71,2025-05-26,NORMAL_YEAR,평년,3609,360.90
500,9903,21,71,2025-05-27,NORMAL_YEAR,평년,3610,361.00
500,9903,21,71,2025-05-28,NORMAL_YEAR,평년,3610,361.00
500,9903,21,71,2025-05-29,NORMAL_YEAR,평년,3609,360.90
500,9903,21,71,2025-05-30,NORMAL_YEAR,평년,3612,361.20
500,9903,21,71,2025-05-31,NORMAL_YEAR,평년,3623,362.30
500,9903,21,71,2025-06-01,NORMAL_YEAR,평년,3627,362.70
500,9903,21,71,2025-06-02,NORMAL_YEAR,평년,3624,362.40
500,9903,21,71,2025-06-03,NORMAL_YEAR,평년,3644,364.40
500,9903,21,71,2025-06-04,NORMAL_YEAR,평년,3639,363.90
500,9903,21,71,2025-06-05,NORMAL_YEAR,평년,3634,363.40
500,9903,21,71,2025-06-06,NORMAL_YEAR,평년,3624,362.40
500,9903,21,71,2025-06-07,NORMAL_YEAR,평년,3602,360.20
500,9903,21,71,2025-06-08,NORMAL_YEAR,평년,3594,359.40
500,9903,21,71,2025-06-09,NORMAL_YEAR,평년,3575,357.50
500,9903,21,71,2025-06-10,NORMAL_YEAR,평년,3551,355.10
500,9903,21,71,2025-06-11,NORMAL_YEAR,평년,3550,355.00
500,9903,21,71,2025-06-12,NORMAL_YEAR,평년,3548,354.80
500,9903,21,71,2025-06-13,NORMAL_YEAR,평년,3549,354.90
500,9903,21,71,2025-06-14,NORMAL_YEAR,평년,3574,357.40
500,9903,21,71,2025-06-15,NORMAL_YEAR,평년,3583,358.30
500,9903,21,71,2025-06-16,NORMAL_YEAR,평년,3588,358.80
500,9903,21,71,2025-06-17,NORMAL_YEAR,평년,3593,359.30
500,9903,21,71,2025-06-18,NORMAL_YEAR,평년,3588,358.80
500,9903,21,71,2025-06-19,NORMAL_YEAR,평년,3591,359.10
500,9903,21,71,2025-06-20,NORMAL_YEAR,평년,3578,357.80
500,9903,21,71,2025-06-21,NORMAL_YEAR,평년,3589,358.90
500,9903,21,71,2025-06-22,NORMAL_YEAR,평년,3583,358.30
500,9903,21,71,2025-06-23,NORMAL_YEAR,평년,3571,357.10
500,9903,21,71,2025-06-24,NORMAL_YEAR,평년,3555,355.50
500,9903,21,71,2025-06-25,NORMAL_YEAR,평년,3544,354.40
500,9903,21,71,2025-06-26,NORMAL_YEAR,평년,3536,353.60
500,9903,21,71,2025-06-27,NORMAL_YEAR,평년,3528,352.80
500,9903,21,71,2025-06-28,NORMAL_YEAR,평년,3535,353.50
500,9903,21,71,2025-06-29,NORMAL_YEAR,평년,3541,354.10
500,9903,21,71,2025-06-30,NORMAL_YEAR,평년,3547,354.70
500,9903,21,71,2025-07-01,NORMAL_YEAR,평년,3526,352.60
500,9903,21,71,2025-07-02,NORMAL_YEAR,평년,3533,353.30
500,9903,21,71,2025-07-03,NORMAL_YEAR,평년,3539,353.90
500,9903,21,71,2025-07-04,NORMAL_YEAR,평년,3631,363.10
500,9903,21,71,2025-07-05,NORMAL_YEAR,평년,3687,368.70
500,9903,21,71,2025-07-06,NORMAL_YEAR,평년,3689,368.90
500,9903,21,71,2025-07-07,NORMAL_YEAR,평년,3699,369.90
500,9903,21,71,2025-07-08,NORMAL_YEAR,평년,3700,370.00
500,9903,21,71,2025-07-09,NORMAL_YEAR,평년,3697,369.70
500,9903,21,71,2025-07-10,NORMAL_YEAR,평년,3695,369.50
500,9903,21,71,2025-07-11,NORMAL_YEAR,평년,3589,358.90
500,9903,21,71,2025-07-12,NORMAL_YEAR,평년,3606,360.60
500,9903,21,71,2025-07-13,NORMAL_YEAR,평년,3601,360.10
500,9903,21,71,2025-07-14,NORMAL_YEAR,평년,3588,358.80
500,9903,21,71,2025-07-15,NORMAL_YEAR,평년,3538,353.80
500,9903,21,71,2025-07-16,NORMAL_YEAR,평년,3551,355.10
500,9903,21,71,2025-07-17,NORMAL_YEAR,평년,3547,354.70
500,9903,21,71,2025-07-18,NORMAL_YEAR,평년,3554,355.40
500,9903,21,71,2025-07-19,NORMAL_YEAR,평년,3542,354.20
500,9903,21,71,2025-07-20,NORMAL_YEAR,평년,3515,351.50
500,9903,21,71,2025-07-21,NORMAL_YEAR,평년,3506,350.60
500,9903,21,71,2025-07-22,NORMAL_YEAR,평년,3518,351.80
500,9903,21,71,2025-07-23,NORMAL_YEAR,평년,3519,351.90
500,9903,21,71,2025-07-24,NORMAL_YEAR,평년,3530,353.00
500,9903,21,71,2025-07-25,NORMAL_YEAR,평년,3523,352.30
500,9903,21,71,2025-07-26,NORMAL_YEAR,평년,3529,352.90
500,9903,21,71,2025-07-27,NORMAL_YEAR,평년,3540,354.00
500,9903,21,71,2025-07-28,NORMAL_YEAR,평년,3546,354.60
500,9903,21,71,2025-07-29,NORMAL_YEAR,평년,3531,353.10
500,9903,21,71,2025-07-30,NORMAL_YEAR,평년,3516,351.60
500,9903,21,71,2025-07-31,AVERAGE,평균,3708,370.80
500,9903,21,71,2025-07-31,NATIONAL,전국,3708,370.80
500,9903,21,71,2025-07-31,NORMAL_YEAR,평년,3520,352.00
500,9903,21,71,2025-08-01,AVERAGE,평균,3718,371.80
500,9903,21,71,2025-08-01,NATIONAL,전국,3718,371.80
500,9903,21,71,2025-08-01,NORMAL_YEAR,평년,3465,346.50
500,9903,21,71,2025-08-02,AVERAGE,평균,3640,364.00
500,9903,21,71,2025-08-02,NATIONAL,전국,3640,364.00
500,9903,21,71,2025-08-02,NORMAL_YEAR,평년,3467,346.70
500,9903,21,71,2025-08-03,AVERAGE,평균,3951,395.10
500,9903,21,71,2025-08-03,NATIONAL,전국,3951,395.10
500,9903,21,71,2025-08-03,NORMAL_YEAR,평년,3447,344.70
500,9903,21,71,2025-08-04,AVERAGE,평균,3939,393.90
500,9903,21,71,2025-08-04,NATIONAL,전국,3939,393.90
500,9903,21,71,2025-08-04,NORMAL_YEAR,평년,3450,345.00
500,9903,21,71,2025-08-05,AVERAGE,평균,3939,393.90
500,9903,21,71,2025-08-05,NATIONAL,전국,3939,393.90
500,9903,21,71,2025-08-05,NORMAL_YEAR,평년,3431,343.10
500,9903,21,71,2025-08-06,AVERAGE,평균,3942,394.20
500,9903,21,71,2025-08-06,NATIONAL,전국,3942,394.20
500,9903,21,71,2025-08-06,NORMAL_YEAR,평년,3437,343.70
500,9903,21,71,2025-08-07,AVERAGE,평균,3965,396.50
500,9903,21,71,2025-08-07,NATIONAL,전국,3965,396.50
500,9903,21,71,2025-08-07,NORMAL_YEAR,평년,3447,344.70
500,9903,21,71,2025-08-08,AVERAGE,평균,4021,402.10
500,9903,21,71,2025-08-08,NATIONAL,전국,4021,402.10
500,9903,21,71,2025-08-08,NORMAL_YEAR,평년,3450,345.00
500,9903,21,71,2025-08-09,AVERAGE,평균,4040,404.00
500,9903,21,71,2025-08-09,NATIONAL,전국,4040,404.00
500,9903,21,71,2025-08-09,NORMAL_YEAR,평년,3471,347.10
500,9903,21,71,2025-08-10,AVERAGE,평균,4047,404.70
500,9903,21,71,2025-08-10,NATIONAL,전국,4047,404.70
500,9903,21,71,2025-08-10,NORMAL_YEAR,평년,3461,346.10
500,9903,21,71,2025-08-11,AVERAGE,평균,4063,406.30
500,9903,21,71,2025-08-11,NATIONAL,전국,4063,406.30
500,9903,21,71,2025-08-11,NORMAL_YEAR,평년,3468,346.80
500,9903,21,71,2025-08-12,AVERAGE,평균,4055,405.50
500,9903,21,71,2025-08-12,NATIONAL,전국,4055,405.50
500,9903,21,71,2025-08-12,NORMAL_YEAR,평년,3479,347.90
500,9903,21,71,2025-08-13,AVERAGE,평균,4060,406.00
500,9903,21,71,2025-08-13,NATIONAL,전국,4060,406.00
500,9903,21,71,2025-08-13,NORMAL_YEAR,평년,3480,348.00
500,9903,21,71,2025-08-14,AVERAGE,평균,4040,404.00
500,9903,21,71,2025-08-14,NATIONAL,전국,4040,404.00
500,9903,21,71,2025-08-14,NORMAL_YEAR,평년,3480,348.00
500,9903,21,71,2025-08-15,AVERAGE,평균,3880,388.00
500,9903,21,71,2025-08-15,NATIONAL,전국,3880,388.00
500,9903,21,71,2025-08-15,NORMAL_YEAR,평년,3471,347.10
500,9903,21,71,2025-08-16,AVERAGE,평균,3858,385.80
500,9903,21,71,2025-08-16,NATIONAL,전국,3858,385.80
500,9903,21,71,2025-08-16,NORMAL_YEAR,평년,3470,347.00
500,9903,21,71,2025-08-17,AVERAGE,평균,3869,386.90
500,9903,21,71,2025-08-17,NATIONAL,전국,3869,386.90
500,9903,21,71,2025-08-17,NORMAL_YEAR,평년,3465,346.50
500,9903,21,71,2025-08-18,AVERAGE,평균,3805,380.50
500,9903,21,71,2025-08-18,NATIONAL,전국,3805,380.50
500,9903,21,71,2025-08-18,NORMAL_YEAR,평년,3472,347.20
500,9903,21,71,2025-08-19,AVERAGE,평균,3805,380.50
500,9903,21,71,2025-08-19,NATIONAL,전국,3805,380.50
500,9903,21,71,2025-08-19,NORMAL_YEAR,평년,3468,346.80
500,9903,21,71,2025-08-20,AVERAGE,평균,3805,380.50
500,9903,21,71,2025-08-20,NATIONAL,전국,3805,380.50
500,9903,21,71,2025-08-20,NORMAL_YEAR,평년,3470,347.00
500,9903,21,71,2025-08-21,AVERAGE,평균,3790,379.00
500,9903,21,71,2025-08-21,NATIONAL,전국,3790,379.00
500,9903,21,71,2025-08-21,NORMAL_YEAR,평년,3471,347.10
500,9903,21,71,2025-08-22,AVERAGE,평균,3910,391.00
500,9903,21,71,2025-08-22,NATIONAL,전국,3910,391.00
500,9903,21,71,2025-08-22,NORMAL_YEAR,평년,3468,346.80
500,9903,21,71,2025-08-23,AVERAGE,평균,3890,389.00
500,9903,21,71,2025-08-23,NATIONAL,전국,3890,389.00
500,9903,21,71,2025-08-23,NORMAL_YEAR,평년,3449,344.90
500,9903,21,71,2025-08-24,AVERAGE,평균,3932,393.20
500,9903,21,71,2025-08-24,NATIONAL,전국,3932,393.20
500,9903,21,71,2025-08-24,NORMAL_YEAR,평년,3485,348.50
500,9903,21,71,2025-08-25,AVERAGE,평균,3932,393.20
500,9903,21,71,2025-08-25,NATIONAL,전국,3932,393.20
500,9903,21,71,2025-08-25,NORMAL_YEAR,평년,3526,352.60
500,9903,21,71,2025-08-26,AVERAGE,평균,3913,391.30
500,9903,21,71,2025-08-26,NATIONAL,전국,3913,391.30
500,9903,21,71,2025-08-26,NORMAL_YEAR,평년,3521,352.10
500,9903,21,71,2025-08-27,AVERAGE,평균,3911,391.10
500,9903,21,71,2025-08-27,NATIONAL,전국,3911,391.10
500,9903,21,71,2025-08-27,NORMAL_YEAR,평년,3526,352.60
500,9903,21,71,2025-08-28,AVERAGE,평균,3942,394.20
500,9903,21,71,2025-08-28,NATIONAL,전국,3942,394.20
500,9903,21,71,2025-08-28,NORMAL_YEAR,평년,3532,353.20
500,9903,21,71,2025-08-29,AVERAGE,평균,3865,386.50
500,9903,21,71,2025-08-29,NATIONAL,전국,3865,386.50
500,9903,21,71,2025-08-29,NORMAL_YEAR,평년,3538,353.80
500,9903,21,71,2025-08-30,AVERAGE,평균,3865,386.50
500,9903,21,71,2025-08-30,NATIONAL,전국,3865,386.50
500,9903,21,71,2025-08-30,NORMAL_YEAR,평년,3517,351.70
500,9903,21,71,2025-08-31,AVERAGE,평균,3870,387.00
500,9903,21,71,2025-08-31,NATIONAL,전국,3870,387.00
500,9903,21,71,2025-08-31,NORMAL_YEAR,평년,3506,350.60
500,9903,21,71,2025-09-01,AVERAGE,평균,3859,385.90
500,9903,21,71,2025-09-01,NATIONAL,전국,3859,385.90
500,9903,21,71,2025-09-01,NORMAL_YEAR,평년,3527,352.70
500,9903,21,71,2025-09-02,AVERAGE,평균,3859,385.90
500,9903,21,71,2025-09-02,NATIONAL,전국,3859,385.90
500,9903,21,71,2025-09-02,NORMAL_YEAR,평년,3499,349.90
500,9903,21,71,2025-09-03,AVERAGE,평균,3832,383.20
500,9903,21,71,2025-09-03,NATIONAL,전국,3832,383.20
500,9903,21,71,2025-09-03,NORMAL_YEAR,평년,3478,347.80
500,9903,21,71,2025-09-04,AVERAGE,평균,3835,383.50
500,9903,21,71,2025-09-04,NATIONAL,전국,3835,383.50
500,9903,21,71,2025-09-04,NORMAL_YEAR,평년,3478,347.80
500,9903,21,71,2025-09-05,AVERAGE,평균,3866,386.60
500,9903,21,71,2025-09-05,NATIONAL,전국,3866,386.60
500,9903,21,71,2025-09-05,NORMAL_YEAR,평년,3513,351.30
500,9903,21,71,2025-09-06,AVERAGE,평균,3873,387.30
500,9903,21,71,2025-09-06,NATIONAL,전국,3873,387.30
500,9903,21,71,2025-09-06,NORMAL_YEAR,평년,3508,350.80
500,9903,21,71,2025-09-07,AVERAGE,평균,3917,391.70
500,9903,21,71,2025-09-07,NATIONAL,전국,3917,391.70
500,9903,21,71,2025-09-07,NORMAL_YEAR,평년,3510,351.00
500,9903,21,71,2025-09-08,AVERAGE,평균,3941,394.10
500,9903,21,71,2025-09-08,NATIONAL,전국,3941,394.10
500,9903,21,71,2025-09-08,NORMAL_YEAR,평년,3487,348.70
500,9903,21,71,2025-09-09,AVERAGE,평균,3941,394.10
500,9903,21,71,2025-09-09,NATIONAL,전국,3941,394.10
500,9903,21,71,2025-09-09,NORMAL_YEAR,평년,3509,350.90
500,9903,21,71,2025-09-10,AVERAGE,평균,3914,391.40
500,9903,21,71,2025-09-10,NATIONAL,전국,3914,391.40
500,9903,21,71,2025-09-10,NORMAL_YEAR,평년,3487,348.70
500,9903,21,71,2025-09-11,AVERAGE,평균,3905,390.50
500,9903,21,71,2025-09-11,NATIONAL,전국,3905,390.50
500,9903,21,71,2025-09-11,NORMAL_YEAR,평년,3501,350.10
500,9903,21,71,2025-09-12,AVERAGE,평균,3850,385.00
500,9903,21,71,2025-09-12,NATIONAL,전국,3850,385.00
500,9903,21,71,2025-09-12,NORMAL_YEAR,평년,3525,352.50
500,9903,21,71,2025-09-13,AVERAGE,평균,3840,384.00
500,9903,21,71,2025-09-13,NATIONAL,전국,3840,384.00
500,9903,21,71,2025-09-13,NORMAL_YEAR,평년,3520,352.00
500,9903,21,71,2025-09-14,AVERAGE,평균,3842,384.20
500,9903,21,71,2025-09-14,NATIONAL,전국,3842,384.20
500,9903,21,71,2025-09-14,NORMAL_YEAR,평년,3499,349.90
500,9903,21,71,2025-09-15,AVERAGE,평균,3850,385.00
500,9903,21,71,2025-09-15,NATIONAL,전국,3850,385.00
500,9903,21,71,2025-09-15,NORMAL_YEAR,평년,3496,349.60
500,9903,21,71,2025-09-16,AVERAGE,평균,3836,383.60
500,9903,21,71,2025-09-16,NATIONAL,전국,3836,383.60
500,9903,21,71,2025-09-16,NORMAL_YEAR,평년,3508,350.80
500,9903,21,71,2025-09-17,AVERAGE,평균,3836,383.60
500,9903,21,71,2025-09-17,NATIONAL,전국,3836,383.60
500,9903,21,71,2025-09-17,NORMAL_YEAR,평년,3506,350.60
500,9903,21,71,2025-09-18,AVERAGE,평균,3807,380.70
500,9903,21,71,2025-09-18,NATIONAL,전국,3807,380.70
500,9903,21,71,2025-09-18,NORMAL_YEAR,평년,3500,350.00
500,9903,21,71,2025-09-19,AVERAGE,평균,3899,389.90
500,9903,21,71,2025-09-19,NATIONAL,전국,3899,389.90
500,9903,21,71,2025-09-19,NORMAL_YEAR,평년,3499,349.90
500,9903,21,71,2025-09-20,AVERAGE,평균,3899,389.90
500,9903,21,71,2025-09-20,NATIONAL,전국,3899,389.90
500,9903,21,71,2025-09-20,NORMAL_YEAR,평년,3522,352.20
500,9903,21,71,2025-09-21,AVERAGE,평균,3899,389.90
500,9903,21,71,2025-09-21,NATIONAL,전국,3899,389.90
500,9903,21,71,2025-09-21,NORMAL_YEAR,평년,3528,352.80
500,9903,21,71,2025-09-22,AVERAGE,평균,3874,387.40
500,9903,21,71,2025-09-22,NATIONAL,전국,3874,387.40
500,9903,21,71,2025-09-22,NORMAL_YEAR,평년,3538,353.80
500,9903,21,71,2025-09-23,AVERAGE,평균,3880,388.00
500,9903,21,71,2025-09-23,NATIONAL,전국,3880,388.00
500,9903,21,71,2025-09-23,NORMAL_YEAR,평년,3447,344.70
500,9903,21,71,2025-09-24,AVERAGE,평균,3880,388.00
500,9903,21,71,2025-09-24,NATIONAL,전국,3880,388.00
500,9903,21,71,2025-09-24,NORMAL_YEAR,평년,3434,343.40
500,9903,21,71,2025-09-25,AVERAGE,평균,3902,390.20
500,9903,21,71,2025-09-25,NATIONAL,전국,3902,390.20
500,9903,21,71,2025-09-25,NORMAL_YEAR,평년,3430,343.00
500,9903,21,71,2025-09-26,AVERAGE,평균,3823,382.30
500,9903,21,71,2025-09-26,NATIONAL,전국,3823,382.30
500,9903,21,71,2025-09-26,NORMAL_YEAR,평년,3433,343.30
500,9903,21,71,2025-09-27,AVERAGE,평균,3823,382.30
500,9903,21,71,2025-09-27,NATIONAL,전국,3823,382.30
500,9903,21,71,2025-09-27,NORMAL_YEAR,평년,3429,342.90
500,9903,21,71,2025-09-28,AVERAGE,평균,3851,385.10
500,9903,21,71,2025-09-28,NATIONAL,전국,3851,385.10
500,9903,21,71,2025-09-28,NORMAL_YEAR,평년,3428,342.80
500,9903,21,71,2025-09-29,AVERAGE,평균,3840,384.00
500,9903,21,71,2025-09-29,NATIONAL,전국,3840,384.00
500,9903,21,71,2025-09-29,NORMAL_YEAR,평년,3412,341.20
500,9903,21,71,2025-09-30,AVERAGE,평균,3834,383.40
500,9903,21,71,2025-09-30,NATIONAL,전국,3834,383.40
500,9903,21,71,2025-09-30,NORMAL_YEAR,평년,3511,351.10
500,9903,21,71,2025-10-01,AVERAGE,평균,3834,383.40
500,9903,21,71,2025-10-01,NATIONAL,전국,3834,383.40
500,9903,21,71,2025-10-01,NORMAL_YEAR,평년,3511,351.10
500,9903,21,71,2025-10-02,AVERAGE,평균,3814,381.40
500,9903,21,71,2025-10-02,NATIONAL,전국,3814,381.40
500,9903,21,71,2025-10-02,NORMAL_YEAR,평년,3542,354.20
500,9903,21,71,2025-10-03,AVERAGE,평균,3910,391.00
500,9903,21,71,2025-10-03,NATIONAL,전국,3910,391.00
500,9903,21,71,2025-10-03,NORMAL_YEAR,평년,3542,354.20
500,9903,21,71,2025-10-04,AVERAGE,평균,3910,391.00
500,9903,21,71,2025-10-04,NATIONAL,전국,3910,391.00
500,9903,21,71,2025-10-04,NORMAL_YEAR,평년,3565,356.50
500,9903,21,71,2025-10-05,AVERAGE,평균,3935,393.50
500,9903,21,71,2025-10-05,NATIONAL,전국,3935,393.50
500,9903,21,71,2025-10-05,NORMAL_YEAR,평년,3557,355.70
500,9903,21,71,2025-10-06,AVERAGE,평균,3954,395.40
500,9903,21,71,2025-10-06,NATIONAL,전국,3954,395.40
500,9903,21,71,2025-10-06,NORMAL_YEAR,평년,3623,362.30
500,9903,21,71,2025-10-07,AVERAGE,평균,3951,395.10
500,9903,21,71,2025-10-07,NATIONAL,전국,3951,395.10
500,9903,21,71,2025-10-07,NORMAL_YEAR,평년,3580,358.00
500,9903,21,71,2025-10-08,AVERAGE,평균,3951,395.10
500,9903,21,71,2025-10-08,NATIONAL,전국,3951,395.10
500,9903,21,71,2025-10-08,NORMAL_YEAR,평년,3547,354.70
500,9903,21,71,2025-10-09,AVERAGE,평균,3965,396.50
500,9903,21,71,2025-10-09,NATIONAL,전국,3965,396.50
500,9903,21,71,2025-10-09,NORMAL_YEAR,평년,3553,355.30
500,9903,21,71,2025-10-10,AVERAGE,평균,3973,397.30
500,9903,21,71,2025-10-10,NATIONAL,전국,3973,397.30
500,9903,21,71,2025-10-10,NORMAL_YEAR,평년,3426,342.60
500,9903,21,71,2025-10-11,AVERAGE,평균,4000,400.00
500,9903,21,71,2025-10-11,NATIONAL,전국,4000,400.00
500,9903,21,71,2025-10-11,NORMAL_YEAR,평년,3426,342.60
500,9903,21,71,2025-10-12,AVERAGE,평균,4015,401.50
500,9903,21,71,2025-10-12,NATIONAL,전국,4015,401.50
500,9903,21,71,2025-10-12,NORMAL_YEAR,평년,3402,340.20
500,9903,21,71,2025-10-13,AVERAGE,평균,4015,401.50
500,9903,21,71,2025-10-13,NATIONAL,전국,4015,401.50
500,9903,21,71,2025-10-13,NORMAL_YEAR,평년,3402,340.20
500,9903,21,71,2025-10-14,AVERAGE,평균,3977,397.70
500,9903,21,71,2025-10-14,NATIONAL,전국,3977,397.70
500,9903,21,71,2025-10-14,NORMAL_YEAR,평년,3397,339.70
500,9903,21,71,2025-10-15,AVERAGE,평균,3945,394.50
500,9903,21,71,2025-10-15,NATIONAL,전국,3945,394.50
500,9903,21,71,2025-10-15,NORMAL_YEAR,평년,3403,340.30
500,9903,21,71,2025-10-16,AVERAGE,평균,3902,390.20
500,9903,21,71,2025-10-16,NATIONAL,전국,3902,390.20
500,9903,21,71,2025-10-16,NORMAL_YEAR,평년,3406,340.60
500,9903,21,71,2025-10-17,AVERAGE,평균,3851,385.10
500,9903,21,71,2025-10-17,NATIONAL,전국,3851,385.10
500,9903,21,71,2025-10-17,NORMAL_YEAR,평년,3426,342.60
500,9903,21,71,2025-10-18,AVERAGE,평균,3851,385.10
500,9903,21,71,2025-10-18,NATIONAL,전국,3851,385.10
500,9903,21,71,2025-10-18,NORMAL_YEAR,평년,3433,343.30
500,9903,21,71,2025-10-19,AVERAGE,평균,3851,385.10
500,9903,21,71,2025-10-19,NATIONAL,전국,3851,385.10
500,9903,21,71,2025-10-19,NORMAL_YEAR,평년,3433,343.30
500,9903,21,71,2025-10-20,AVERAGE,평균,3828,382.80
500,9903,21,71,2025-10-20,NATIONAL,전국,3828,382.80
500,9903,21,71,2025-10-20,NORMAL_YEAR,평년,3450,345.00
500,9903,21,71,2025-10-21,AVERAGE,평균,3809,380.90
500,9903,21,71,2025-10-21,NATIONAL,전국,3809,380.90
500,9903,21,71,2025-10-21,NORMAL_YEAR,평년,3447,344.70
500,9903,21,71,2025-10-22,AVERAGE,평균,3807,380.70
500,9903,21,71,2025-10-22,NATIONAL,전국,3807,380.70
500,9903,21,71,2025-10-22,NORMAL_YEAR,평년,3432,343.20
500,9903,21,71,2025-10-23,AVERAGE,평균,3804,380.40
500,9903,21,71,2025-10-23,NATIONAL,전국,3804,380.40
500,9903,21,71,2025-10-23,NORMAL_YEAR,평년,3443,344.30
500,9903,21,71,2025-10-24,AVERAGE,평균,3850,385.00
500,9903,21,71,2025-10-24,NATIONAL,전국,3850,385.00
500,9903,21,71,2025-10-24,NORMAL_YEAR,평년,3446,344.60
500,9903,21,71,2025-10-25,AVERAGE,평균,3829,382.90
500,9903,21,71,2025-10-25,NATIONAL,전국,3829,382.90
500,9903,21,71,2025-10-25,NORMAL_YEAR,평년,3452,345.20
500,9903,21,71,2025-10-26,AVERAGE,평균,3860,386.00
500,9903,21,71,2025-10-26,NATIONAL,전국,3860,386.00
500,9903,21,71,2025-10-26,NORMAL_YEAR,평년,3480,348.00
500,9903,21,71,2025-10-27,AVERAGE,평균,3887,388.70
500,9903,21,71,2025-10-27,NATIONAL,전국,3887,388.70
500,9903,21,71,2025-10-27,NORMAL_YEAR,평년,3472,347.20
500,9903,21,71,2025-10-28,AVERAGE,평균,3887,388.70
500,9903,21,71,2025-10-28,NATIONAL,전국,3887,388.70
500,9903,21,71,2025-10-28,NORMAL_YEAR,평년,3450,345.00
500,9903,21,71,2025-10-29,AVERAGE,평균,3887,388.70
500,9903,21,71,2025-10-29,NATIONAL,전국,3887,388.70
500,9903,21,71,2025-10-29,NORMAL_YEAR,평년,3414,341.40
500,9903,21,71,2025-10-30,AVERAGE,평균,3895,389.50
500,9903,21,71,2025-10-30,NATIONAL,전국,3895,389.50
500,9903,21,71,2025-10-30,NORMAL_YEAR,평년,3418,341.80
500,9903,21,71,2025-10-31,AVERAGE,평균,3847,384.70
500,9903,21,71,2025-10-31,NATIONAL,전국,3847,384.70
500,9903,21,71,2025-10-31,NORMAL_YEAR,평년,3405,340.50
500,9903,21,71,2025-11-01,AVERAGE,평균,3847,384.70
500,9903,21,71,2025-11-01,NATIONAL,전국,3847,384.70
500,9903,21,71,2025-11-01,NORMAL_YEAR,평년,3392,339.20
500,9903,21,71,2025-11-02,AVERAGE,평균,3847,384.70
500,9903,21,71,2025-11-02,NATIONAL,전국,3847,384.70
500,9903,21,71,2025-11-02,NORMAL_YEAR,평년,3386,338.60
500,9903,21,71,2025-11-03,AVERAGE,평균,3864,386.40
500,9903,21,71,2025-11-03,NATIONAL,전국,3864,386.40
500,9903,21,71,2025-11-03,NORMAL_YEAR,평년,3385,338.50
500,9903,21,71,2025-11-04,AVERAGE,평균,3854,385.40
500,9903,21,71,2025-11-04,NATIONAL,전국,3854,385.40
500,9903,21,71,2025-11-04,NORMAL_YEAR,평년,3372,337.20
500,9903,21,71,2025-11-05,AVERAGE,평균,3833,383.30
500,9903,21,71,2025-11-05,NATIONAL,전국,3833,383.30
500,9903,21,71,2025-11-05,NORMAL_YEAR,평년,3372,337.20
500,9903,21,71,2025-11-06,AVERAGE,평균,3822,382.20
500,9903,21,71,2025-11-06,NATIONAL,전국,3822,382.20
500,9903,21,71,2025-11-06,NORMAL_YEAR,평년,3369,336.90
500,9903,21,71,2025-11-07,AVERAGE,평균,3847,384.70
500,9903,21,71,2025-11-07,NATIONAL,전국,3847,384.70
500,9903,21,71,2025-11-07,NORMAL_YEAR,평년,3386,338.60
500,9903,21,71,2025-11-08,AVERAGE,평균,3847,384.70
500,9903,21,71,2025-11-08,NATIONAL,전국,3847,384.70
500,9903,21,71,2025-11-08,NORMAL_YEAR,평년,3385,338.50
500,9903,21,71,2025-11-09,AVERAGE,평균,3869,386.90
500,9903,21,71,2025-11-09,NATIONAL,전국,3869,386.90
500,9903,21,71,2025-11-09,NORMAL_YEAR,평년,3393,339.30
500,9903,21,71,2025-11-10,AVERAGE,평균,3873,387.30
500,9903,21,71,2025-11-10,NATIONAL,전국,3873,387.30
500,9903,21,71,2025-11-10,NORMAL_YEAR,평년,3397,339.70
500,9903,21,71,2025-11-11,AVERAGE,평균,3842,384.20
500,9903,21,71,2025-11-11,NATIONAL,전국,3842,384.20
500,9903,21,71,2025-11-11,NORMAL_YEAR,평년,3395,339.50
500,9903,21,71,2025-11-12,AVERAGE,평균,3840,384.00
500,9903,21,71,2025-11-12,NATIONAL,전국,3840,384.00
500,9903,21,71,2025-11-12,NORMAL_YEAR,평년,3395,339.50
500,9903,21,71,2025-11-13,AVERAGE,평균,3832,383.20
500,9903,21,71,2025-11-13,NATIONAL,전국,3832,383.20
500,9903,21,71,2025-11-13,NORMAL_YEAR,평년,3394,339.40
500,9903,21,71,2025-11-14,AVERAGE,평균,3843,384.30
500,9903,21,71,2025-11-14,NATIONAL,전국,3843,384.30
500,9903,21,71,2025-11-14,NORMAL_YEAR,평년,3385,338.50
500,9903,21,71,2025-11-15,AVERAGE,평균,3843,384.30
500,9903,21,71,2025-11-15,NATIONAL,전국,3843,384.30
500,9903,21,71,2025-11-15,NORMAL_YEAR,평년,3389,338.90
500,9903,21,71,2025-11-16,AVERAGE,평균,3876,387.60
500,9903,21,71,2025-11-16,NATIONAL,전국,3876,387.60
500,9903,21,71,2025-11-16,NORMAL_YEAR,평년,3393,339.30
500,9903,21,71,2025-11-17,AVERAGE,평균,3876,387.60
500,9903,21,71,2025-11-17,NATIONAL,전국,3876,387.60
500,9903,21,71,2025-11-17,NORMAL_YEAR,평년,3384,338.40
500,9903,21,71,2025-11-18,AVERAGE,평균,3810,381.00
500,9903,21,71,2025-11-18,NATIONAL,전국,3810,381.00
500,9903,21,71,2025-11-18,NORMAL_YEAR,평년,3384,338.40
500,9903,21,71,2025-11-19,AVERAGE,평균,3809,380.90
500,9903,21,71,2025-11-19,NATIONAL,전국,3809,380.90
500,9903,21,71,2025-11-19,NORMAL_YEAR,평년,3396,339.60
500,9903,21,71,2025-11-20,AVERAGE,평균,3822,382.20
500,9903,21,71,2025-11-20,NATIONAL,전국,3822,382.20
500,9903,21,71,2025-11-20,NORMAL_YEAR,평년,3389,338.90
500,9903,21,71,2025-11-21,AVERAGE,평균,3834,383.40
500,9903,21,71,2025-11-21,NATIONAL,전국,3834,383.40
500,9903,21,71,2025-11-21,NORMAL_YEAR,평년,3382,338.20
500,9903,21,71,2025-11-22,AVERAGE,평균,3834,383.40
500,9903,21,71,2025-11-22,NATIONAL,전국,3834,383.40
500,9903,21,71,2025-11-22,NORMAL_YEAR,평년,3382,338.20
500,9903,21,71,2025-11-23,AVERAGE,평균,3828,382.80
500,9903,21,71,2025-11-23,NATIONAL,전국,3828,382.80
500,9903,21,71,2025-11-23,NORMAL_YEAR,평년,3387,338.70
500,9903,21,71,2025-11-24,AVERAGE,평균,3796,379.60
500,9903,21,71,2025-11-24,NATIONAL,전국,3796,379.60
500,9903,21,71,2025-11-24,NORMAL_YEAR,평년,3390,339.00
500,9903,21,71,2025-11-25,AVERAGE,평균,3791,379.10
500,9903,21,71,2025-11-25,NATIONAL,전국,3791,379.10
500,9903,21,71,2025-11-25,NORMAL_YEAR,평년,3388,338.80
500,9903,21,71,2025-11-26,AVERAGE,평균,3790,379.00
500,9903,21,71,2025-11-26,NATIONAL,전국,3790,379.00
500,9903,21,71,2025-11-26,NORMAL_YEAR,평년,3392,339.20
500,9903,21,71,2025-11-27,AVERAGE,평균,3770,377.00
500,9903,21,71,2025-11-27,NATIONAL,전국,3770,377.00
500,9903,21,71,2025-11-27,NORMAL_YEAR,평년,3424,342.40
500,9903,21,71,2025-11-28,AVERAGE,평균,3752,375.20
500,9903,21,71,2025-11-28,NATIONAL,전국,3752,375.20
500,9903,21,71,2025-11-28,NORMAL_YEAR,평년,3422,342.20
500,9903,21,71,2025-11-29,AVERAGE,평균,3752,375.20
500,9903,21,71,2025-11-29,NATIONAL,전국,3752,375.20
500,9903,21,71,2025-11-29,NORMAL_YEAR,평년,3420,342.00
500,9903,21,71,2025-11-30,AVERAGE,평균,3762,376.20
500,9903,21,71,2025-11-30,NATIONAL,전국,3762,376.20
500,9903,21,71,2025-11-30,NORMAL_YEAR,평년,3414,341.40
500,9903,21,71,2025-12-01,AVERAGE,평균,3772,377.20
500,9903,21,71,2025-12-01,NATIONAL,전국,3772,377.20
500,9903,21,71,2025-12-01,NORMAL_YEAR,평년,3416,341.60
500,9903,21,71,2025-12-02,AVERAGE,평균,3764,376.40
500,9903,21,71,2025-12-02,NATIONAL,전국,3764,376.40
500,9903,21,71,2025-12-02,NORMAL_YEAR,평년,3407,340.70
500,9903,21,71,2025-12-03,AVERAGE,평균,3754,375.40
500,9903,21,71,2025-12-03,NATIONAL,전국,3754,375.40
500,9903,21,71,2025-12-03,NORMAL_YEAR,평년,3392,339.20
500,9903,21,71,2025-12-04,AVERAGE,평균,3770,377.00
500,9903,21,71,2025-12-04,NATIONAL,전국,3770,377.00
500,9903,21,71,2025-12-04,NORMAL_YEAR,평년,3411,341.10
500,9903,21,71,2025-12-05,AVERAGE,평균,3795,379.50
500,9903,21,71,2025-12-05,NATIONAL,전국,3795,379.50
500,9903,21,71,2025-12-05,NORMAL_YEAR,평년,3401,340.10
500,9903,21,71,2025-12-06,AVERAGE,평균,3807,380.70
500,9903,21,71,2025-12-06,NATIONAL,전국,3807,380.70
500,9903,21,71,2025-12-06,NORMAL_YEAR,평년,3397,339.70
500,9903,21,71,2025-12-07,AVERAGE,평균,3820,382.00
500,9903,21,71,2025-12-07,NATIONAL,전국,3820,382.00
500,9903,21,71,2025-12-07,NORMAL_YEAR,평년,3401,340.10
500,9903,21,71,2025-12-08,AVERAGE,평균,3813,381.30
500,9903,21,71,2025-12-08,NATIONAL,전국,3813,381.30
500,9903,21,71,2025-12-08,NORMAL_YEAR,평년,3398,339.80
500,9903,21,71,2025-12-09,AVERAGE,평균,3813,381.30
500,9903,21,71,2025-12-09,NATIONAL,전국,3813,381.30
500,9903,21,71,2025-12-09,NORMAL_YEAR,평년,3398,339.80
500,9903,21,71,2025-12-10,AVERAGE,평균,3813,381.30
500,9903,21,71,2025-12-10,NATIONAL,전국,3813,381.30
500,9903,21,71,2025-12-10,NORMAL_YEAR,평년,3391,339.10
500,9903,21,71,2025-12-11,AVERAGE,평균,3825,382.50
500,9903,21,71,2025-12-11,NATIONAL,전국,3825,382.50
500,9903,21,71,2025-12-11,NORMAL_YEAR,평년,3391,339.10
500,9903,21,71,2025-12-12,AVERAGE,평균,3807,380.70
500,9903,21,71,2025-12-12,NATIONAL,전국,3807,380.70
500,9903,21,71,2025-12-12,NORMAL_YEAR,평년,3402,340.20
500,9903,21,71,2025-12-13,AVERAGE,평균,3807,380.70
500,9903,21,71,2025-12-13,NATIONAL,전국,3807,380.70
500,9903,21,71,2025-12-13,NORMAL_YEAR,평년,3405,340.50
500,9903,21,71,2025-12-14,AVERAGE,평균,3798,379.80
500,9903,21,71,2025-12-14,NATIONAL,전국,3798,379.80
500,9903,21,71,2025-12-14,NORMAL_YEAR,평년,3421,342.10
500,9903,21,71,2025-12-15,AVERAGE,평균,3784,378.40
500,9903,21,71,2025-12-15,NATIONAL,전국,3784,378.40
500,9903,21,71,2025-12-15,NORMAL_YEAR,평년,3410,341.00
500,9903,21,71,2025-12-16,AVERAGE,평균,3798,379.80
500,9903,21,71,2025-12-16,NATIONAL,전국,3798,379.80
500,9903,21,71,2025-12-16,NORMAL_YEAR,평년,3400,340.00
500,9903,21,71,2025-12-17,AVERAGE,평균,3798,379.80
500,9903,21,71,2025-12-17,NATIONAL,전국,3798,379.80
500,9903,21,71,2025-12-17,NORMAL_YEAR,평년,3428,342.80
500,9903,21,71,2025-12-18,AVERAGE,평균,3792,379.20
500,9903,21,71,2025-12-18,NATIONAL,전국,3792,379.20
500,9903,21,71,2025-12-18,NORMAL_YEAR,평년,3427,342.70
500,9903,21,71,2025-12-19,AVERAGE,평균,3831,383.10
500,9903,21,71,2025-12-19,NATIONAL,전국,3831,383.10
500,9903,21,71,2025-12-19,NORMAL_YEAR,평년,3432,343.20
500,9903,21,71,2025-12-20,AVERAGE,평균,3831,383.10
500,9903,21,71,2025-12-20,NATIONAL,전국,3831,383.10
500,9903,21,71,2025-12-20,NORMAL_YEAR,평년,3483,348.30
500,9903,21,71,2025-12-21,AVERAGE,평균,3848,384.80
500,9903,21,71,2025-12-21,NATIONAL,전국,3848,384.80
500,9903,21,71,2025-12-21,NORMAL_YEAR,평년,3482,348.20
500,9903,21,71,2025-12-22,AVERAGE,평균,3816,381.60
500,9903,21,71,2025-12-22,NATIONAL,전국,3816,381.60
500,9903,21,71,2025-12-22,NORMAL_YEAR,평년,3476,347.60
500,9903,21,71,2025-12-23,AVERAGE,평균,3786,378.60
500,9903,21,71,2025-12-23,NATIONAL,전국,3786,378.60
500,9903,21,71,2025-12-23,NORMAL_YEAR,평년,3457,345.70
500,9903,21,71,2025-12-24,AVERAGE,평균,3787,378.70
500,9903,21,71,2025-12-24,NATIONAL,전국,3787,378.70
500,9903,21,71,2025-12-24,NORMAL_YEAR,평년,3468,346.80
500,9903,21,71,2025-12-25,AVERAGE,평균,3788,378.80
500,9903,21,71,2025-12-25,NATIONAL,전국,3788,378.80
500,9903,21,71,2025-12-25,NORMAL_YEAR,평년,3468,346.80
500,9903,21,71,2025-12-26,AVERAGE,평균,3955,395.50
500,9903,21,71,2025-12-26,NATIONAL,전국,3955,395.50
500,9903,21,71,2025-12-26,NORMAL_YEAR,평년,3457,345.70
500,9903,21,71,2025-12-27,AVERAGE,평균,3964,396.40
500,9903,21,71,2025-12-27,NATIONAL,전국,3964,396.40
500,9903,21,71,2025-12-27,NORMAL_YEAR,평년,3453,345.30
500,9903,21,71,2025-12-28,AVERAGE,평균,3964,396.40
500,9903,21,71,2025-12-28,NATIONAL,전국,3964,396.40
500,9903,21,71,2025-12-28,NORMAL_YEAR,평년,3440,344.00
500,9903,21,71,2025-12-29,AVERAGE,평균,3953,395.30
500,9903,21,71,2025-12-29,NATIONAL,전국,3953,395.30
500,9903,21,71,2025-12-29,NORMAL_YEAR,평년,3443,344.30
500,9903,21,71,2025-12-30,AVERAGE,평균,3953,395.30
500,9903,21,71,2025-12-30,NATIONAL,전국,3953,395.30
500,9903,21,71,2025-12-30,NORMAL_YEAR,평년,3432,343.20
500,9903,21,71,2025-12-31,AVERAGE,평균,3953,395.30
500,9903,21,71,2025-12-31,NATIONAL,전국,3953,395.30
500,9903,21,71,2025-12-31,NORMAL_YEAR,평년,3432,343.20
500,9903,21,71,2026-01-01,AVERAGE,평균,3980,398.00
500,9903,21,71,2026-01-01,NATIONAL,전국,3980,398.00
500,9903,21,71,2026-01-01,NORMAL_YEAR,평년,3432,343.20
500,9903,21,71,2026-01-02,AVERAGE,평균,3930,393.00
500,9903,21,71,2026-01-02,NATIONAL,전국,3930,393.00
500,9903,21,71,2026-01-02,NORMAL_YEAR,평년,3722,372.20
500,9903,21,71,2026-01-03,AVERAGE,평균,3930,393.00
500,9903,21,71,2026-01-03,NATIONAL,전국,3930,393.00
500,9903,21,71,2026-01-03,NORMAL_YEAR,평년,3735,373.50
500,9903,21,71,2026-01-04,AVERAGE,평균,3925,392.50
500,9903,21,71,2026-01-04,NATIONAL,전국,3925,392.50
500,9903,21,71,2026-01-04,NORMAL_YEAR,평년,3734,373.40
500,9903,21,71,2026-01-05,AVERAGE,평균,3956,395.60
500,9903,21,71,2026-01-05,NATIONAL,전국,3956,395.60
500,9903,21,71,2026-01-05,NORMAL_YEAR,평년,3742,374.20
500,9903,21,71,2026-01-06,AVERAGE,평균,3918,391.80
500,9903,21,71,2026-01-06,NATIONAL,전국,3918,391.80
500,9903,21,71,2026-01-06,NORMAL_YEAR,평년,3754,375.40
500,9903,21,71,2026-01-07,AVERAGE,평균,3907,390.70
500,9903,21,71,2026-01-07,NATIONAL,전국,3907,390.70
500,9903,21,71,2026-01-07,NORMAL_YEAR,평년,3754,375.40
500,9903,21,71,2026-01-08,AVERAGE,평균,3918,391.80
500,9903,21,71,2026-01-08,NATIONAL,전국,3918,391.80
500,9903,21,71,2026-01-08,NORMAL_YEAR,평년,3745,374.50
500,9903,21,71,2026-01-09,AVERAGE,평균,3969,396.90
500,9903,21,71,2026-01-09,NATIONAL,전국,3969,396.90
500,9903,21,71,2026-01-09,NORMAL_YEAR,평년,3750,375.00
500,9903,21,71,2026-01-10,AVERAGE,평균,3975,397.50
500,9903,21,71,2026-01-10,NATIONAL,전국,3975,397.50
500,9903,21,71,2026-01-10,NORMAL_YEAR,평년,3651,365.10
500,9903,21,71,2026-01-11,AVERAGE,평균,3975,397.50
500,9903,21,71,2026-01-11,NATIONAL,전국,3975,397.50
500,9903,21,71,2026-01-11,NORMAL_YEAR,평년,3650,365.00
500,9903,21,71,2026-01-12,AVERAGE,평균,3965,396.50
500,9903,21,71,2026-01-12,NATIONAL,전국,3965,396.50
500,9903,21,71,2026-01-12,NORMAL_YEAR,평년,3649,364.90
500,9903,21,71,2026-01-13,AVERAGE,평균,3970,397.00
500,9903,21,71,2026-01-13,NATIONAL,전국,3970,397.00
500,9903,21,71,2026-01-13,NORMAL_YEAR,평년,3625,362.50
500,9903,21,71,2026-01-14,AVERAGE,평균,3956,395.60
500,9903,21,71,2026-01-14,NATIONAL,전국,3956,395.60
500,9903,21,71,2026-01-14,NORMAL_YEAR,평년,3634,363.40
500,9903,21,71,2026-01-15,AVERAGE,평균,3956,395.60
500,9903,21,71,2026-01-15,NATIONAL,전국,3956,395.60
500,9903,21,71,2026-01-15,NORMAL_YEAR,평년,3640,364.00
500,9903,21,71,2026-01-16,AVERAGE,평균,3919,391.90
500,9903,21,71,2026-01-16,NATIONAL,전국,3919,391.90
500,9903,21,71,2026-01-16,NORMAL_YEAR,평년,3633,363.30
500,9903,21,71,2026-01-17,AVERAGE,평균,3919,391.90
500,9903,21,71,2026-01-17,NATIONAL,전국,3919,391.90
500,9903,21,71,2026-01-17,NORMAL_YEAR,평년,3635,363.50
500,9903,21,71,2026-01-18,AVERAGE,평균,3904,390.40
500,9903,21,71,2026-01-18,NATIONAL,전국,3904,390.40
500,9903,21,71,2026-01-18,NORMAL_YEAR,평년,3634,363.40
500,9903,21,71,2026-01-19,AVERAGE,평균,3912,391.20
500,9903,21,71,2026-01-19,NATIONAL,전국,3912,391.20
500,9903,21,71,2026-01-19,NORMAL_YEAR,평년,3676,367.60
500,9903,21,71,2026-01-20,AVERAGE,평균,3904,390.40
500,9903,21,71,2026-01-20,NATIONAL,전국,3904,390.40
500,9903,21,71,2026-01-20,NORMAL_YEAR,평년,3675,367.50
500,9903,21,71,2026-01-21,AVERAGE,평균,3893,389.30
500,9903,21,71,2026-01-21,NATIONAL,전국,3893,389.30
500,9903,21,71,2026-01-21,NORMAL_YEAR,평년,3675,367.50
500,9903,21,71,2026-01-22,AVERAGE,평균,3889,388.90
500,9903,21,71,2026-01-22,NATIONAL,전국,3889,388.90
500,9903,21,71,2026-01-22,NORMAL_YEAR,평년,3666,366.60
500,9903,21,71,2026-01-23,AVERAGE,평균,3906,390.60
500,9903,21,71,2026-01-23,NATIONAL,전국,3906,390.60
500,9903,21,71,2026-01-23,NORMAL_YEAR,평년,3667,366.70
500,9903,21,71,2026-01-24,AVERAGE,평균,3911,391.10
500,9903,21,71,2026-01-24,NATIONAL,전국,3911,391.10
500,9903,21,71,2026-01-24,NORMAL_YEAR,평년,3660,366.00
500,9903,21,71,2026-01-25,AVERAGE,평균,3911,391.10
500,9903,21,71,2026-01-25,NATIONAL,전국,3911,391.10
500,9903,21,71,2026-01-25,NORMAL_YEAR,평년,3665,366.50
500,9903,21,71,2026-01-26,AVERAGE,평균,3936,393.60
500,9903,21,71,2026-01-26,NATIONAL,전국,3936,393.60
500,9903,21,71,2026-01-26,NORMAL_YEAR,평년,3650,365.00
500,9903,21,71,2026-01-27,AVERAGE,평균,3936,393.60
500,9903,21,71,2026-01-27,NATIONAL,전국,3936,393.60
500,9903,21,71,2026-01-27,NORMAL_YEAR,평년,3647,364.70
500,9903,21,71,2026-01-28,AVERAGE,평균,3928,392.80
500,9903,21,71,2026-01-28,NATIONAL,전국,3928,392.80
500,9903,21,71,2026-01-28,NORMAL_YEAR,평년,3647,364.70
500,9903,21,71,2026-01-29,AVERAGE,평균,3921,392.10
500,9903,21,71,2026-01-29,NATIONAL,전국,3921,392.10
500,9903,21,71,2026-01-29,NORMAL_YEAR,평년,3647,364.70
500,9903,21,71,2026-01-30,AVERAGE,평균,3927,392.70
500,9903,21,71,2026-01-30,NATIONAL,전국,3927,392.70
500,9903,21,71,2026-01-30,NORMAL_YEAR,평년,3661,366.10
500,9903,21,71,2026-01-31,AVERAGE,평균,3928,392.80
500,9903,21,71,2026-01-31,NATIONAL,전국,3928,392.80
500,9903,21,71,2026-01-31,NORMAL_YEAR,평년,3672,367.20
500,9903,21,71,2026-02-01,AVERAGE,평균,3931,393.10
500,9903,21,71,2026-02-01,NATIONAL,전국,3931,393.10
500,9903,21,71,2026-02-01,NORMAL_YEAR,평년,3620,362.00
500,9903,21,71,2026-02-02,AVERAGE,평균,3956,395.60
500,9903,21,71,2026-02-02,NATIONAL,전국,3956,395.60
500,9903,21,71,2026-02-02,NORMAL_YEAR,평년,3606,360.60
500,9903,21,71,2026-02-03,AVERAGE,평균,3956,395.60
500,9903,21,71,2026-02-03,NATIONAL,전국,3956,395.60
500,9903,21,71,2026-02-03,NORMAL_YEAR,평년,3589,358.90
500,9903,21,71,2026-02-04,AVERAGE,평균,3956,395.60
500,9903,21,71,2026-02-04,NATIONAL,전국,3956,395.60
500,9903,21,71,2026-02-04,NORMAL_YEAR,평년,3599,359.90
500,9903,21,71,2026-02-05,AVERAGE,평균,3943,394.30
500,9903,21,71,2026-02-05,NATIONAL,전국,3943,394.30
500,9903,21,71,2026-02-05,NORMAL_YEAR,평년,3605,360.50
500,9903,21,71,2026-02-06,AVERAGE,평균,3909,390.90
500,9903,21,71,2026-02-06,NATIONAL,전국,3909,390.90
500,9903,21,71,2026-02-06,NORMAL_YEAR,평년,3608,360.80
500,9903,21,71,2026-02-07,AVERAGE,평균,3926,392.60
500,9903,21,71,2026-02-07,NATIONAL,전국,3926,392.60
500,9903,21,71,2026-02-07,NORMAL_YEAR,평년,3608,360.80
500,9903,21,71,2026-02-08,AVERAGE,평균,3951,395.10
500,9903,21,71,2026-02-08,NATIONAL,전국,3951,395.10
500,9903,21,71,2026-02-08,NORMAL_YEAR,평년,3608,360.80
500,9903,21,71,2026-02-09,AVERAGE,평균,3943,394.30
500,9903,21,71,2026-02-09,NATIONAL,전국,3943,394.30
500,9903,21,71,2026-02-09,NORMAL_YEAR,평년,3605,360.50
500,9903,21,71,2026-02-10,AVERAGE,평균,3963,396.30
500,9903,21,71,2026-02-10,NATIONAL,전국,3963,396.30
500,9903,21,71,2026-02-10,NORMAL_YEAR,평년,3597,359.70
500,9903,21,71,2026-02-11,AVERAGE,평균,3947,394.70
500,9903,21,71,2026-02-11,NATIONAL,전국,3947,394.70
500,9903,21,71,2026-02-11,NORMAL_YEAR,평년,3596,359.60
500,9903,21,71,2026-02-12,AVERAGE,평균,3947,394.70
500,9903,21,71,2026-02-12,NATIONAL,전국,3947,394.70
500,9903,21,71,2026-02-12,NORMAL_YEAR,평년,3595,359.50
500,9903,21,71,2026-02-13,AVERAGE,평균,3934,393.40
500,9903,21,71,2026-02-13,NATIONAL,전국,3934,393.40
500,9903,21,71,2026-02-13,NORMAL_YEAR,평년,3599,359.90
500,9903,21,71,2026-02-14,AVERAGE,평균,3934,393.40
500,9903,21,71,2026-02-14,NATIONAL,전국,3934,393.40
500,9903,21,71,2026-02-14,NORMAL_YEAR,평년,3592,359.20
500,9903,21,71,2026-02-15,AVERAGE,평균,3934,393.40
500,9903,21,71,2026-02-15,NATIONAL,전국,3934,393.40
500,9903,21,71,2026-02-15,NORMAL_YEAR,평년,3593,359.30
500,9903,21,71,2026-02-16,AVERAGE,평균,3934,393.40
500,9903,21,71,2026-02-16,NATIONAL,전국,3934,393.40
500,9903,21,71,2026-02-16,NORMAL_YEAR,평년,3435,343.50
500,9903,21,71,2026-02-17,AVERAGE,평균,3934,393.40
500,9903,21,71,2026-02-17,NATIONAL,전국,3934,393.40
500,9903,21,71,2026-02-17,NORMAL_YEAR,평년,3474,347.40
500,9903,21,71,2026-02-18,AVERAGE,평균,3934,393.40
500,9903,21,71,2026-02-18,NATIONAL,전국,3934,393.40
500,9903,21,71,2026-02-18,NORMAL_YEAR,평년,3509,350.90
500,9903,21,71,2026-02-19,AVERAGE,평균,3930,393.00
500,9903,21,71,2026-02-19,NATIONAL,전국,3930,393.00
500,9903,21,71,2026-02-19,NORMAL_YEAR,평년,3509,350.90
500,9903,21,71,2026-02-20,AVERAGE,평균,3940,394.00
500,9903,21,71,2026-02-20,NATIONAL,전국,3940,394.00
500,9903,21,71,2026-02-20,NORMAL_YEAR,평년,3492,349.20
500,9903,21,71,2026-02-21,AVERAGE,평균,3949,394.90
500,9903,21,71,2026-02-21,NATIONAL,전국,3949,394.90
500,9903,21,71,2026-02-21,NORMAL_YEAR,평년,3503,350.30
500,9903,21,71,2026-02-22,AVERAGE,평균,3950,395.00
500,9903,21,71,2026-02-22,NATIONAL,전국,3950,395.00
500,9903,21,71,2026-02-22,NORMAL_YEAR,평년,3497,349.70
500,9903,21,71,2026-02-23,AVERAGE,평균,3932,393.20
500,9903,21,71,2026-02-23,NATIONAL,전국,3932,393.20
500,9903,21,71,2026-02-23,NORMAL_YEAR,평년,3490,349.00
500,9903,21,71,2026-02-24,AVERAGE,평균,3918,391.80
500,9903,21,71,2026-02-24,NATIONAL,전국,3918,391.80
500,9903,21,71,2026-02-24,NORMAL_YEAR,평년,3490,349.00
500,9903,21,71,2026-02-25,AVERAGE,평균,3908,390.80
500,9903,21,71,2026-02-25,NATIONAL,전국,3908,390.80
500,9903,21,71,2026-02-25,NORMAL_YEAR,평년,3514,351.40
500,9903,21,71,2026-02-26,AVERAGE,평균,3894,389.40
500,9903,21,71,2026-02-26,NATIONAL,전국,3894,389.40
500,9903,21,71,2026-02-26,NORMAL_YEAR,평년,3496,349.60
500,9903,21,71,2026-02-27,AVERAGE,평균,3899,389.90
500,9903,21,71,2026-02-27,NATIONAL,전국,3899,389.90
500,9903,21,71,2026-02-27,NORMAL_YEAR,평년,3487,348.70
500,9903,21,71,2026-02-28,AVERAGE,평균,3899,389.90
500,9903,21,71,2026-02-28,NATIONAL,전국,3899,389.90
500,9903,21,71,2026-02-28,NORMAL_YEAR,평년,3478,347.80
500,9903,21,71,2026-03-01,AVERAGE,평균,3916,391.60
500,9903,21,71,2026-03-01,NATIONAL,전국,3916,391.60
500,9903,21,71,2026-03-01,NORMAL_YEAR,평년,3477,347.70
500,9903,21,71,2026-03-02,AVERAGE,평균,3916,391.60
500,9903,21,71,2026-03-02,NATIONAL,전국,3916,391.60
500,9903,21,71,2026-03-02,NORMAL_YEAR,평년,3490,349.00
500,9903,21,71,2026-03-03,AVERAGE,평균,3916,391.60
500,9903,21,71,2026-03-03,NATIONAL,전국,3916,391.60
500,9903,21,71,2026-03-03,NORMAL_YEAR,평년,3474,347.40
500,9903,21,71,2026-03-04,AVERAGE,평균,3910,391.00
500,9903,21,71,2026-03-04,NATIONAL,전국,3910,391.00
500,9903,21,71,2026-03-04,NORMAL_YEAR,평년,3502,350.20
500,9903,21,71,2026-03-05,AVERAGE,평균,3896,389.60
500,9903,21,71,2026-03-05,NATIONAL,전국,3896,389.60
500,9903,21,71,2026-03-05,NORMAL_YEAR,평년,3493,349.30
500,9903,21,71,2026-03-06,AVERAGE,평균,3881,388.10
500,9903,21,71,2026-03-06,NATIONAL,전국,3881,388.10
500,9903,21,71,2026-03-06,NORMAL_YEAR,평년,3487,348.70
500,9903,21,71,2026-03-07,AVERAGE,평균,3881,388.10
500,9903,21,71,2026-03-07,NATIONAL,전국,3881,388.10
500,9903,21,71,2026-03-07,NORMAL_YEAR,평년,3482,348.20
500,9903,21,71,2026-03-08,AVERAGE,평균,3881,388.10
500,9903,21,71,2026-03-08,NATIONAL,전국,3881,388.10
500,9903,21,71,2026-03-08,NORMAL_YEAR,평년,3494,349.40
500,9903,21,71,2026-03-09,AVERAGE,평균,3880,388.00
500,9903,21,71,2026-03-09,NATIONAL,전국,3880,388.00
500,9903,21,71,2026-03-09,NORMAL_YEAR,평년,3477,347.70
500,9903,21,71,2026-03-10,AVERAGE,평균,3895,389.50
500,9903,21,71,2026-03-10,NATIONAL,전국,3895,389.50
500,9903,21,71,2026-03-10,NORMAL_YEAR,평년,3483,348.30
500,9903,21,71,2026-03-11,AVERAGE,평균,3895,389.50
500,9903,21,71,2026-03-11,NATIONAL,전국,3895,389.50
500,9903,21,71,2026-03-11,NORMAL_YEAR,평년,3420,342.00
500,9903,21,71,2026-03-12,AVERAGE,평균,3902,390.20
500,9903,21,71,2026-03-12,NATIONAL,전국,3902,390.20
500,9903,21,71,2026-03-12,NORMAL_YEAR,평년,3405,340.50
500,9903,21,71,2026-03-13,AVERAGE,평균,3884,388.40
500,9903,21,71,2026-03-13,NATIONAL,전국,3884,388.40
500,9903,21,71,2026-03-13,NORMAL_YEAR,평년,3413,341.30
500,9903,21,71,2026-03-14,AVERAGE,평균,3890,389.00
500,9903,21,71,2026-03-14,NATIONAL,전국,3890,389.00
500,9903,21,71,2026-03-14,NORMAL_YEAR,평년,3422,342.20
500,9903,21,71,2026-03-15,AVERAGE,평균,3898,389.80
500,9903,21,71,2026-03-15,NATIONAL,전국,3898,389.80
500,9903,21,71,2026-03-15,NORMAL_YEAR,평년,3433,343.30
500,9903,21,71,2026-03-16,AVERAGE,평균,3898,389.80
500,9903,21,71,2026-03-16,NATIONAL,전국,3898,389.80
500,9903,21,71,2026-03-16,NORMAL_YEAR,평년,3441,344.10
500,9903,21,71,2026-03-17,AVERAGE,평균,3898,389.80
500,9903,21,71,2026-03-17,NATIONAL,전국,3898,389.80
500,9903,21,71,2026-03-17,NORMAL_YEAR,평년,3382,338.20
500,9903,21,71,2026-03-18,AVERAGE,평균,3898,389.80
500,9903,21,71,2026-03-18,NATIONAL,전국,3898,389.80
500,9903,21,71,2026-03-18,NORMAL_YEAR,평년,3378,337.80
500,9903,21,71,2026-03-19,AVERAGE,평균,3916,391.60
500,9903,21,71,2026-03-19,NATIONAL,전국,3916,391.60
500,9903,21,71,2026-03-19,NORMAL_YEAR,평년,3377,337.70
500,9903,21,71,2026-03-20,AVERAGE,평균,3912,391.20
500,9903,21,71,2026-03-20,NATIONAL,전국,3912,391.20
500,9903,21,71,2026-03-20,NORMAL_YEAR,평년,3386,338.60
500,9903,21,71,2026-03-21,AVERAGE,평균,3926,392.60
500,9903,21,71,2026-03-21,NATIONAL,전국,3926,392.60
500,9903,21,71,2026-03-21,NORMAL_YEAR,평년,3390,339.00
500,9903,21,71,2026-03-22,AVERAGE,평균,3911,391.10
500,9903,21,71,2026-03-22,NATIONAL,전국,3911,391.10
500,9903,21,71,2026-03-22,NORMAL_YEAR,평년,3385,338.50
500,9903,21,71,2026-03-23,AVERAGE,평균,3933,393.30
500,9903,21,71,2026-03-23,NATIONAL,전국,3933,393.30
500,9903,21,71,2026-03-23,NORMAL_YEAR,평년,3372,337.20
500,9903,21,71,2026-03-24,AVERAGE,평균,3941,394.10
500,9903,21,71,2026-03-24,NATIONAL,전국,3941,394.10
500,9903,21,71,2026-03-24,NORMAL_YEAR,평년,3371,337.10
500,9903,21,71,2026-03-25,AVERAGE,평균,3946,394.60
500,9903,21,71,2026-03-25,NATIONAL,전국,3946,394.60
500,9903,21,71,2026-03-25,NORMAL_YEAR,평년,3348,334.80
500,9903,21,71,2026-03-26,AVERAGE,평균,3941,394.10
500,9903,21,71,2026-03-26,NATIONAL,전국,3941,394.10
500,9903,21,71,2026-03-26,NORMAL_YEAR,평년,3347,334.70
500,9903,21,71,2026-03-27,AVERAGE,평균,3961,396.10
500,9903,21,71,2026-03-27,NATIONAL,전국,3961,396.10
500,9903,21,71,2026-03-27,NORMAL_YEAR,평년,3385,338.50
500,9903,21,71,2026-03-28,AVERAGE,평균,3961,396.10
500,9903,21,71,2026-03-28,NATIONAL,전국,3961,396.10
500,9903,21,71,2026-03-28,NORMAL_YEAR,평년,3376,337.60
500,9903,21,71,2026-03-29,AVERAGE,평균,3964,396.40
500,9903,21,71,2026-03-29,NATIONAL,전국,3964,396.40
500,9903,21,71,2026-03-29,NORMAL_YEAR,평년,3377,337.70
500,9903,21,71,2026-03-30,AVERAGE,평균,3971,397.10
500,9903,21,71,2026-03-30,NATIONAL,전국,3971,397.10
500,9903,21,71,2026-03-30,NORMAL_YEAR,평년,3366,336.60
500,9903,21,71,2026-03-31,AVERAGE,평균,3971,397.10
500,9903,21,71,2026-03-31,NATIONAL,전국,3971,397.10
500,9903,21,71,2026-03-31,NORMAL_YEAR,평년,3356,335.60
500,9903,21,71,2026-04-01,AVERAGE,평균,3971,397.10
500,9903,21,71,2026-04-01,NATIONAL,전국,3971,397.10
500,9903,21,71,2026-04-01,NORMAL_YEAR,평년,3370,337.00
500,9903,21,71,2026-04-02,AVERAGE,평균,3971,397.10
500,9903,21,71,2026-04-02,NATIONAL,전국,3971,397.10
500,9903,21,71,2026-04-02,NORMAL_YEAR,평년,3371,337.10
500,9903,21,71,2026-04-03,AVERAGE,평균,3980,398.00
500,9903,21,71,2026-04-03,NATIONAL,전국,3980,398.00
500,9903,21,71,2026-04-03,NORMAL_YEAR,평년,3355,335.50
500,9903,21,71,2026-04-04,AVERAGE,평균,3992,399.20
500,9903,21,71,2026-04-04,NATIONAL,전국,3992,399.20
500,9903,21,71,2026-04-04,NORMAL_YEAR,평년,3499,349.90
500,9903,21,71,2026-04-05,AVERAGE,평균,4016,401.60
500,9903,21,71,2026-04-05,NATIONAL,전국,4016,401.60
500,9903,21,71,2026-04-05,NORMAL_YEAR,평년,3501,350.10
500,9903,21,71,2026-04-06,AVERAGE,평균,4033,403.30
500,9903,21,71,2026-04-06,NATIONAL,전국,4033,403.30
500,9903,21,71,2026-04-06,NORMAL_YEAR,평년,3481,348.10
500,9903,21,71,2026-04-07,AVERAGE,평균,4026,402.60
500,9903,21,71,2026-04-07,NATIONAL,전국,4026,402.60
500,9903,21,71,2026-04-07,NORMAL_YEAR,평년,3472,347.20
500,9903,21,71,2026-04-08,AVERAGE,평균,4028,402.80
500,9903,21,71,2026-04-08,NATIONAL,전국,4028,402.80
500,9903,21,71,2026-04-08,NORMAL_YEAR,평년,3466,346.60
500,9903,21,71,2026-04-09,AVERAGE,평균,4028,402.80
500,9903,21,71,2026-04-09,NATIONAL,전국,4028,402.80
500,9903,21,71,2026-04-09,NORMAL_YEAR,평년,3496,349.60
500,9903,21,71,2026-04-10,AVERAGE,평균,3942,394.20
500,9903,21,71,2026-04-10,NATIONAL,전국,3942,394.20
500,9903,21,71,2026-04-10,NORMAL_YEAR,평년,3498,349.80
500,9903,21,71,2026-04-11,AVERAGE,평균,3942,394.20
500,9903,21,71,2026-04-11,NATIONAL,전국,3942,394.20
500,9903,21,71,2026-04-11,NORMAL_YEAR,평년,3524,352.40
500,9903,21,71,2026-04-12,AVERAGE,평균,3929,392.90
500,9903,21,71,2026-04-12,NATIONAL,전국,3929,392.90
500,9903,21,71,2026-04-12,NORMAL_YEAR,평년,3519,351.90
500,9903,21,71,2026-04-13,AVERAGE,평균,3947,394.70
500,9903,21,71,2026-04-13,NATIONAL,전국,3947,394.70
500,9903,21,71,2026-04-13,NORMAL_YEAR,평년,3537,353.70
500,9903,21,71,2026-04-14,AVERAGE,평균,3944,394.40
500,9903,21,71,2026-04-14,NATIONAL,전국,3944,394.40
500,9903,21,71,2026-04-14,NORMAL_YEAR,평년,3524,352.40
500,9903,21,71,2026-04-15,AVERAGE,평균,3944,394.40
500,9903,21,71,2026-04-15,NATIONAL,전국,3944,394.40
500,9903,21,71,2026-04-15,NORMAL_YEAR,평년,3503,350.30
500,9903,21,71,2026-04-16,AVERAGE,평균,3928,392.80
500,9903,21,71,2026-04-16,NATIONAL,전국,3928,392.80
500,9903,21,71,2026-04-16,NORMAL_YEAR,평년,3512,351.20
500,9903,21,71,2026-04-17,AVERAGE,평균,3881,388.10
500,9903,21,71,2026-04-17,NATIONAL,전국,3881,388.10
500,9903,21,71,2026-04-17,NORMAL_YEAR,평년,3593,359.30
500,9903,21,71,2026-04-18,AVERAGE,평균,3881,388.10
500,9903,21,71,2026-04-18,NATIONAL,전국,3881,388.10
500,9903,21,71,2026-04-18,NORMAL_YEAR,평년,3540,354.00
500,9903,21,71,2026-04-19,AVERAGE,평균,3892,389.20
500,9903,21,71,2026-04-19,NATIONAL,전국,3892,389.20
500,9903,21,71,2026-04-19,NORMAL_YEAR,평년,3538,353.80
500,9903,21,71,2026-04-20,AVERAGE,평균,3905,390.50
500,9903,21,71,2026-04-20,NATIONAL,전국,3905,390.50
500,9903,21,71,2026-04-20,NORMAL_YEAR,평년,3538,353.80
500,9903,21,71,2026-04-21,AVERAGE,평균,3915,391.50
500,9903,21,71,2026-04-21,NATIONAL,전국,3915,391.50
500,9903,21,71,2026-04-21,NORMAL_YEAR,평년,3559,355.90
500,9903,21,71,2026-04-22,AVERAGE,평균,3916,391.60
500,9903,21,71,2026-04-22,NATIONAL,전국,3916,391.60
500,9903,21,71,2026-04-22,NORMAL_YEAR,평년,3592,359.20
500,9903,21,71,2026-04-23,AVERAGE,평균,3923,392.30
500,9903,21,71,2026-04-23,NATIONAL,전국,3923,392.30
500,9903,21,71,2026-04-23,NORMAL_YEAR,평년,3594,359.40
500,9903,21,71,2026-04-24,AVERAGE,평균,3859,385.90
500,9903,21,71,2026-04-24,NATIONAL,전국,3859,385.90
500,9903,21,71,2026-04-24,NORMAL_YEAR,평년,3598,359.80
500,9903,21,71,2026-04-25,AVERAGE,평균,3859,385.90
500,9903,21,71,2026-04-25,NATIONAL,전국,3859,385.90
500,9903,21,71,2026-04-25,NORMAL_YEAR,평년,3592,359.20
500,9903,21,71,2026-04-26,AVERAGE,평균,3874,387.40
500,9903,21,71,2026-04-26,NATIONAL,전국,3874,387.40
500,9903,21,71,2026-04-26,NORMAL_YEAR,평년,3585,358.50
500,9903,21,71,2026-04-27,AVERAGE,평균,3866,386.60
500,9903,21,71,2026-04-27,NATIONAL,전국,3866,386.60
500,9903,21,71,2026-04-27,NORMAL_YEAR,평년,3584,358.40
500,9903,21,71,2026-04-28,AVERAGE,평균,3860,386.00
500,9903,21,71,2026-04-28,NATIONAL,전국,3860,386.00
500,9903,21,71,2026-04-28,NORMAL_YEAR,평년,3575,357.50
500,9903,21,71,2026-04-29,AVERAGE,평균,3860,386.00
500,9903,21,71,2026-04-29,NATIONAL,전국,3860,386.00
500,9903,21,71,2026-04-29,NORMAL_YEAR,평년,3545,354.50
500,9903,21,71,2026-04-30,AVERAGE,평균,3861,386.10
500,9903,21,71,2026-04-30,NATIONAL,전국,3861,386.10
500,9903,21,71,2026-04-30,NORMAL_YEAR,평년,3523,352.30
500,9903,21,71,2026-05-01,AVERAGE,평균,3882,388.20
500,9903,21,71,2026-05-01,NATIONAL,전국,3882,388.20
500,9903,21,71,2026-05-02,AVERAGE,평균,3882,388.20
500,9903,21,71,2026-05-02,NATIONAL,전국,3882,388.20
500,9903,21,71,2026-05-03,AVERAGE,평균,3882,388.20
500,9903,21,71,2026-05-03,NATIONAL,전국,3882,388.20
500,9903,21,71,2026-05-04,AVERAGE,평균,4127,412.70
500,9903,21,71,2026-05-04,NATIONAL,전국,4127,412.70
500,9903,21,71,2026-05-05,AVERAGE,평균,4127,412.70
500,9903,21,71,2026-05-05,NATIONAL,전국,4127,412.70
500,9903,21,71,2026-05-06,AVERAGE,평균,4134,413.40
500,9903,21,71,2026-05-06,NATIONAL,전국,4134,413.40
500,9903,21,71,2026-05-07,AVERAGE,평균,4120,412.00
500,9903,21,71,2026-05-07,NATIONAL,전국,4120,412.00
500,9903,21,71,2026-05-08,AVERAGE,평균,4123,412.30
500,9903,21,71,2026-05-08,NATIONAL,전국,4123,412.30
500,9903,21,71,2026-05-09,AVERAGE,평균,4125,412.50
500,9903,21,71,2026-05-09,NATIONAL,전국,4125,412.50
500,9903,21,71,2026-05-10,AVERAGE,평균,4123,412.30
500,9903,21,71,2026-05-10,NATIONAL,전국,4123,412.30
500,9903,21,71,2026-05-11,AVERAGE,평균,4129,412.90
500,9903,21,71,2026-05-11,NATIONAL,전국,4129,412.90
500,9903,21,71,2026-05-12,AVERAGE,평균,4129,412.90
500,9903,21,71,2026-05-12,NATIONAL,전국,4129,412.90
500,9903,21,71,2026-05-13,AVERAGE,평균,4127,412.70
500,9903,21,71,2026-05-13,NATIONAL,전국,4127,412.70
500,9903,21,71,2026-05-14,AVERAGE,평균,4127,412.70
500,9903,21,71,2026-05-14,NATIONAL,전국,4127,412.70
500,9903,21,71,2026-05-15,AVERAGE,평균,4646,464.60
500,9903,21,71,2026-05-15,NATIONAL,전국,4646,464.60
500,9903,21,71,2026-05-16,AVERAGE,평균,4640,464.00
500,9903,21,71,2026-05-16,NATIONAL,전국,4640,464.00
500,9903,21,71,2026-05-17,AVERAGE,평균,4901,490.10
500,9903,21,71,2026-05-17,NATIONAL,전국,4901,490.10
500,9903,21,71,2026-05-18,AVERAGE,평균,4883,488.30
500,9903,21,71,2026-05-18,NATIONAL,전국,4883,488.30
500,9903,21,71,2026-05-19,AVERAGE,평균,4883,488.30
500,9903,21,71,2026-05-19,NATIONAL,전국,4883,488.30
500,9903,21,71,2026-05-20,AVERAGE,평균,4890,489.00
500,9903,21,71,2026-05-20,NATIONAL,전국,4890,489.00
500,9903,21,71,2026-05-21,AVERAGE,평균,4892,489.20
500,9903,21,71,2026-05-21,NATIONAL,전국,4892,489.20
500,9903,21,71,2026-05-22,AVERAGE,평균,4970,497.00
500,9903,21,71,2026-05-22,NATIONAL,전국,4970,497.00
500,9903,21,71,2026-05-23,AVERAGE,평균,4974,497.40
500,9903,21,71,2026-05-23,NATIONAL,전국,4974,497.40
500,9903,21,71,2026-05-24,AVERAGE,평균,4979,497.90
500,9903,21,71,2026-05-24,NATIONAL,전국,4979,497.90
500,9903,21,71,2026-05-25,AVERAGE,평균,4128,412.80
500,9903,21,71,2026-05-25,NATIONAL,전국,4128,412.80
500,9903,21,71,2026-05-26,AVERAGE,평균,4125,412.50
500,9903,21,71,2026-05-26,NATIONAL,전국,4125,412.50
500,9903,21,71,2026-05-27,AVERAGE,평균,4125,412.50
500,9903,21,71,2026-05-27,NATIONAL,전국,4125,412.50
500,9903,21,71,2026-05-28,AVERAGE,평균,5180,518.00
500,9903,21,71,2026-05-28,NATIONAL,전국,5180,518.00
500,9903,21,71,2026-05-29,AVERAGE,평균,5172,517.20
500,9903,21,71,2026-05-29,NATIONAL,전국,5172,517.20
500,9903,21,71,2026-05-30,AVERAGE,평균,5173,517.30
500,9903,21,71,2026-05-30,NATIONAL,전국,5173,517.30
500,9903,21,71,2026-05-31,AVERAGE,평균,5171,517.10
500,9903,21,71,2026-05-31,NATIONAL,전국,5171,517.10
500,9903,21,71,2026-06-01,AVERAGE,평균,5133,513.30
500,9903,21,71,2026-06-01,NATIONAL,전국,5133,513.30
500,9903,21,71,2026-06-02,AVERAGE,평균,5129,512.90
500,9903,21,71,2026-06-02,NATIONAL,전국,5129,512.90
500,9903,21,71,2026-06-03,AVERAGE,평균,5129,512.90
500,9903,21,71,2026-06-03,NATIONAL,전국,5129,512.90
500,9903,21,71,2026-06-04,AVERAGE,평균,5133,513.30
500,9903,21,71,2026-06-04,NATIONAL,전국,5133,513.30
500,9903,21,71,2026-06-05,AVERAGE,평균,5212,521.20
500,9903,21,71,2026-06-05,NATIONAL,전국,5212,521.20
500,9903,21,71,2026-06-06,AVERAGE,평균,5212,521.20
500,9903,21,71,2026-06-06,NATIONAL,전국,5212,521.20
500,9903,21,71,2026-06-07,AVERAGE,평균,5209,520.90
500,9903,21,71,2026-06-07,NATIONAL,전국,5209,520.90
500,9903,21,71,2026-06-08,AVERAGE,평균,5238,523.80
500,9903,21,71,2026-06-08,NATIONAL,전국,5238,523.80
500,9903,21,71,2026-06-09,AVERAGE,평균,5241,524.10
500,9903,21,71,2026-06-09,NATIONAL,전국,5241,524.10
500,9903,21,71,2026-06-10,AVERAGE,평균,5241,524.10
500,9903,21,71,2026-06-10,NATIONAL,전국,5241,524.10
500,9903,21,71,2026-06-11,AVERAGE,평균,5246,524.60
500,9903,21,71,2026-06-11,NATIONAL,전국,5246,524.60
500,9903,21,71,2026-06-12,AVERAGE,평균,5261,526.10
500,9903,21,71,2026-06-12,NATIONAL,전국,5261,526.10
500,9903,21,71,2026-06-13,AVERAGE,평균,5261,526.10
500,9903,21,71,2026-06-13,NATIONAL,전국,5261,526.10
500,9903,21,71,2026-06-14,AVERAGE,평균,5261,526.10
500,9903,21,71,2026-06-14,NATIONAL,전국,5261,526.10
500,9903,21,71,2026-06-15,AVERAGE,평균,5266,526.60
500,9903,21,71,2026-06-15,NATIONAL,전국,5266,526.60
500,9903,21,71,2026-06-16,AVERAGE,평균,5262,526.20
500,9903,21,71,2026-06-16,NATIONAL,전국,5262,526.20
500,9903,21,71,2026-06-17,AVERAGE,평균,5265,526.50
500,9903,21,71,2026-06-17,NATIONAL,전국,5265,526.50
500,9903,21,71,2026-06-18,AVERAGE,평균,5262,526.20
500,9903,21,71,2026-06-18,NATIONAL,전국,5262,526.20
500,9903,21,71,2026-06-19,AVERAGE,평균,5261,526.10
500,9903,21,71,2026-06-19,NATIONAL,전국,5261,526.10
500,9903,21,71,2026-06-20,AVERAGE,평균,5261,526.10
500,9903,21,71,2026-06-20,NATIONAL,전국,5261,526.10
500,9903,21,71,2026-06-21,AVERAGE,평균,5279,527.90
500,9903,21,71,2026-06-21,NATIONAL,전국,5279,527.90
500,9903,21,71,2026-06-22,AVERAGE,평균,5284,528.40
500,9903,21,71,2026-06-22,NATIONAL,전국,5284,528.40
500,9903,21,71,2026-06-23,AVERAGE,평균,5284,528.40
500,9903,21,71,2026-06-23,NATIONAL,전국,5284,528.40
500,9903,21,71,2026-06-24,AVERAGE,평균,5284,528.40
500,9903,21,71,2026-06-24,NATIONAL,전국,5284,528.40
500,9903,21,71,2026-06-25,AVERAGE,평균,5277,527.70
500,9903,21,71,2026-06-25,NATIONAL,전국,5277,527.70
500,9903,21,71,2026-06-26,AVERAGE,평균,5295,529.50
500,9903,21,71,2026-06-26,NATIONAL,전국,5295,529.50
500,9903,21,71,2026-06-27,AVERAGE,평균,5302,530.20
500,9903,21,71,2026-06-27,NATIONAL,전국,5302,530.20
500,9903,21,71,2026-06-28,AVERAGE,평균,4300,430.00
500,9903,21,71,2026-06-28,NATIONAL,전국,4300,430.00
500,9903,21,71,2026-06-29,AVERAGE,평균,4266,426.60
500,9903,21,71,2026-06-29,NATIONAL,전국,4266,426.60
500,9903,21,71,2026-06-30,AVERAGE,평균,4266,426.60
500,9903,21,71,2026-06-30,NATIONAL,전국,4266,426.60
500,9903,21,71,2026-07-01,AVERAGE,평균,4266,426.60
500,9903,21,71,2026-07-01,NATIONAL,전국,4266,426.60
500,9903,21,71,2026-07-02,AVERAGE,평균,4267,426.70
500,9903,21,71,2026-07-02,NATIONAL,전국,4267,426.70
500,9903,21,71,2026-07-03,AVERAGE,평균,4170,417.00
500,9903,21,71,2026-07-03,NATIONAL,전국,4170,417.00
500,9903,21,71,2026-07-04,AVERAGE,평균,4174,417.40
500,9903,21,71,2026-07-04,NATIONAL,전국,4174,417.40
500,9903,21,71,2026-07-05,AVERAGE,평균,4182,418.20
500,9903,21,71,2026-07-05,NATIONAL,전국,4182,418.20
500,9903,21,71,2026-07-06,AVERAGE,평균,4220,422.00
500,9903,21,71,2026-07-06,NATIONAL,전국,4220,422.00
500,9903,21,71,2026-07-07,AVERAGE,평균,4220,422.00
500,9903,21,71,2026-07-07,NATIONAL,전국,4220,422.00
500,9903,21,71,2026-07-08,AVERAGE,평균,4222,422.20
500,9903,21,71,2026-07-08,NATIONAL,전국,4222,422.20
500,9903,21,71,2026-07-09,AVERAGE,평균,4231,423.10
500,9903,21,71,2026-07-09,NATIONAL,전국,4231,423.10
500,9903,21,71,2026-07-10,AVERAGE,평균,4256,425.60
500,9903,21,71,2026-07-10,NATIONAL,전국,4256,425.60
500,9903,21,71,2026-07-11,AVERAGE,평균,4256,425.60
500,9903,21,71,2026-07-11,NATIONAL,전국,4256,425.60
500,9903,21,71,2026-07-12,AVERAGE,평균,4255,425.50
500,9903,21,71,2026-07-12,NATIONAL,전국,4255,425.50
500,9903,21,71,2026-07-13,AVERAGE,평균,4255,425.50
500,9903,21,71,2026-07-13,NATIONAL,전국,4255,425.50
500,9903,21,71,2026-07-14,AVERAGE,평균,4254,425.40
500,9903,21,71,2026-07-14,NATIONAL,전국,4254,425.40
500,9903,21,71,2026-07-15,AVERAGE,평균,4254,425.40
500,9903,21,71,2026-07-15,NATIONAL,전국,4254,425.40
500,9903,21,71,2026-07-16,AVERAGE,평균,4234,423.40
500,9903,21,71,2026-07-16,NATIONAL,전국,4234,423.40
500,9903,21,71,2026-07-17,AVERAGE,평균,4222,422.20
500,9903,21,71,2026-07-17,NATIONAL,전국,4222,422.20
500,9903,21,71,2026-07-18,AVERAGE,평균,4225,422.50
500,9903,21,71,2026-07-18,NATIONAL,전국,4225,422.50
500,9903,21,71,2026-07-19,AVERAGE,평균,4216,421.60
500,9903,21,71,2026-07-19,NATIONAL,전국,4216,421.60
500,9903,21,71,2026-07-20,AVERAGE,평균,4180,418.00
500,9903,21,71,2026-07-20,NATIONAL,전국,4180,418.00
500,9903,21,71,2026-07-21,AVERAGE,평균,4178,417.80
500,9903,21,71,2026-07-21,NATIONAL,전국,4178,417.80
500,9903,21,71,2026-07-22,AVERAGE,평균,4178,417.80
500,9903,21,71,2026-07-22,NATIONAL,전국,4178,417.80
500,9903,21,71,2026-07-23,AVERAGE,평균,4178,417.80
500,9903,21,71,2026-07-23,NATIONAL,전국,4178,417.80
500,9903,21,71,2026-07-24,AVERAGE,평균,4235,423.50
500,9903,21,71,2026-07-24,NATIONAL,전국,4235,423.50
500,9903,21,71,2026-07-25,AVERAGE,평균,4235,423.50
500,9903,21,71,2026-07-25,NATIONAL,전국,4235,423.50
500,9903,21,71,2026-07-26,AVERAGE,평균,4256,425.60
500,9903,21,71,2026-07-26,NATIONAL,전국,4256,425.60
500,9903,21,71,2026-07-27,AVERAGE,평균,4254,425.40
500,9903,21,71,2026-07-27,NATIONAL,전국,4254,425.40
500,9903,21,71,2026-07-28,AVERAGE,평균,4250,425.00
500,9903,21,71,2026-07-28,NATIONAL,전국,4250,425.00
500,9903,21,71,2026-07-29,AVERAGE,평균,4251,425.10
500,9903,21,71,2026-07-29,NATIONAL,전국,4251,425.10
500,9903,21,71,2026-07-30,AVERAGE,평균,4253,425.30
500,9903,21,71,2026-07-30,NATIONAL,전국,4253,425.30
500,9903,21,71,2026-07-31,AVERAGE,평균,4262,426.20
500,9903,21,71,2026-07-31,NATIONAL,전국,4262,426.20
500,9903,23,71,2025-05-01,NORMAL_YEAR,평년,6768,225.60
500,9903,23,71,2025-05-02,NORMAL_YEAR,평년,6776,225.87
500,9903,23,71,2025-05-03,NORMAL_YEAR,평년,6840,228.00
500,9903,23,71,2025-05-04,NORMAL_YEAR,평년,6844,228.13
500,9903,23,71,2025-05-05,NORMAL_YEAR,평년,6740,224.67
500,9903,23,71,2025-05-06,NORMAL_YEAR,평년,6888,229.60
500,9903,23,71,2025-05-07,NORMAL_YEAR,평년,6895,229.83
500,9903,23,71,2025-05-08,NORMAL_YEAR,평년,6751,225.03
500,9903,23,71,2025-05-09,NORMAL_YEAR,평년,6669,222.30
500,9903,23,71,2025-05-10,NORMAL_YEAR,평년,6919,230.63
500,9903,23,71,2025-05-11,NORMAL_YEAR,평년,6929,230.97
500,9903,23,71,2025-05-12,NORMAL_YEAR,평년,6827,227.57
500,9903,23,71,2025-05-13,NORMAL_YEAR,평년,6910,230.33
500,9903,23,71,2025-05-14,NORMAL_YEAR,평년,6948,231.60
500,9903,23,71,2025-05-15,NORMAL_YEAR,평년,6880,229.33
500,9903,23,71,2025-05-16,NORMAL_YEAR,평년,6841,228.03
500,9903,23,71,2025-05-17,NORMAL_YEAR,평년,6977,232.57
500,9903,23,71,2025-05-18,NORMAL_YEAR,평년,6984,232.80
500,9903,23,71,2025-05-19,NORMAL_YEAR,평년,6920,230.67
500,9903,23,71,2025-05-20,NORMAL_YEAR,평년,7020,234.00
500,9903,23,71,2025-05-21,NORMAL_YEAR,평년,7025,234.17
500,9903,23,71,2025-05-22,NORMAL_YEAR,평년,6926,230.87
500,9903,23,71,2025-05-23,NORMAL_YEAR,평년,6827,227.57
500,9903,23,71,2025-05-24,NORMAL_YEAR,평년,6969,232.30
500,9903,23,71,2025-05-25,NORMAL_YEAR,평년,6969,232.30
500,9903,23,71,2025-05-26,NORMAL_YEAR,평년,6978,232.60
500,9903,23,71,2025-05-27,NORMAL_YEAR,평년,6982,232.73
500,9903,23,71,2025-05-28,NORMAL_YEAR,평년,6990,233.00
500,9903,23,71,2025-05-29,NORMAL_YEAR,평년,6868,228.93
500,9903,23,71,2025-05-30,NORMAL_YEAR,평년,6848,228.27
500,9903,23,71,2025-05-31,NORMAL_YEAR,평년,7008,233.60
500,9903,23,71,2025-06-01,NORMAL_YEAR,평년,7008,233.60
500,9903,23,71,2025-06-02,NORMAL_YEAR,평년,7014,233.80
500,9903,23,71,2025-06-03,NORMAL_YEAR,평년,7009,233.63
500,9903,23,71,2025-06-04,NORMAL_YEAR,평년,7011,233.70
500,9903,23,71,2025-06-05,NORMAL_YEAR,평년,6860,228.67
500,9903,23,71,2025-06-06,NORMAL_YEAR,평년,6819,227.30
500,9903,23,71,2025-06-07,NORMAL_YEAR,평년,6923,230.77
500,9903,23,71,2025-06-08,NORMAL_YEAR,평년,6930,231.00
500,9903,23,71,2025-06-09,NORMAL_YEAR,평년,6816,227.20
500,9903,23,71,2025-06-10,NORMAL_YEAR,평년,6903,230.10
500,9903,23,71,2025-06-11,NORMAL_YEAR,평년,6926,230.87
500,9903,23,71,2025-06-12,NORMAL_YEAR,평년,6762,225.40
500,9903,23,71,2025-06-13,NORMAL_YEAR,평년,6781,226.03
500,9903,23,71,2025-06-14,NORMAL_YEAR,평년,6924,230.80
500,9903,23,71,2025-06-15,NORMAL_YEAR,평년,6926,230.87
500,9903,23,71,2025-06-16,NORMAL_YEAR,평년,6916,230.53
500,9903,23,71,2025-06-17,NORMAL_YEAR,평년,6856,228.53
500,9903,23,71,2025-06-18,NORMAL_YEAR,평년,6863,228.77
500,9903,23,71,2025-06-19,NORMAL_YEAR,평년,6683,222.77
500,9903,23,71,2025-06-20,NORMAL_YEAR,평년,6668,222.27
500,9903,23,71,2025-06-21,NORMAL_YEAR,평년,6845,228.17
500,9903,23,71,2025-06-22,NORMAL_YEAR,평년,6846,228.20
500,9903,23,71,2025-06-23,NORMAL_YEAR,평년,6825,227.50
500,9903,23,71,2025-06-24,NORMAL_YEAR,평년,6835,227.83
500,9903,23,71,2025-06-25,NORMAL_YEAR,평년,6844,228.13
500,9903,23,71,2025-06-26,NORMAL_YEAR,평년,6670,222.33
500,9903,23,71,2025-06-27,NORMAL_YEAR,평년,6750,225.00
500,9903,23,71,2025-06-28,NORMAL_YEAR,평년,6902,230.07
500,9903,23,71,2025-06-29,NORMAL_YEAR,평년,6880,229.33
500,9903,23,71,2025-06-30,NORMAL_YEAR,평년,6874,229.13
500,9903,23,71,2025-07-01,NORMAL_YEAR,평년,6861,228.70
500,9903,23,71,2025-07-02,NORMAL_YEAR,평년,6857,228.57
500,9903,23,71,2025-07-03,NORMAL_YEAR,평년,6667,222.23
500,9903,23,71,2025-07-04,NORMAL_YEAR,평년,6526,217.53
500,9903,23,71,2025-07-05,NORMAL_YEAR,평년,6684,222.80
500,9903,23,71,2025-07-06,NORMAL_YEAR,평년,6733,224.43
500,9903,23,71,2025-07-07,NORMAL_YEAR,평년,6753,225.10
500,9903,23,71,2025-07-08,NORMAL_YEAR,평년,6924,230.80
500,9903,23,71,2025-07-09,NORMAL_YEAR,평년,6934,231.13
500,9903,23,71,2025-07-10,NORMAL_YEAR,평년,6789,226.30
500,9903,23,71,2025-07-11,NORMAL_YEAR,평년,6697,223.23
500,9903,23,71,2025-07-12,NORMAL_YEAR,평년,6807,226.90
500,9903,23,71,2025-07-13,NORMAL_YEAR,평년,6872,229.07
500,9903,23,71,2025-07-14,NORMAL_YEAR,평년,6848,228.27
500,9903,23,71,2025-07-15,NORMAL_YEAR,평년,6829,227.63
500,9903,23,71,2025-07-16,NORMAL_YEAR,평년,6828,227.60
500,9903,23,71,2025-07-17,NORMAL_YEAR,평년,6777,225.90
500,9903,23,71,2025-07-18,NORMAL_YEAR,평년,6807,226.90
500,9903,23,71,2025-07-19,NORMAL_YEAR,평년,6938,231.27
500,9903,23,71,2025-07-20,NORMAL_YEAR,평년,6937,231.23
500,9903,23,71,2025-07-21,NORMAL_YEAR,평년,6942,231.40
500,9903,23,71,2025-07-22,NORMAL_YEAR,평년,6950,231.67
500,9903,23,71,2025-07-23,NORMAL_YEAR,평년,6933,231.10
500,9903,23,71,2025-07-24,NORMAL_YEAR,평년,6798,226.60
500,9903,23,71,2025-07-25,NORMAL_YEAR,평년,6769,225.63
500,9903,23,71,2025-07-26,NORMAL_YEAR,평년,6765,225.50
500,9903,23,71,2025-07-27,NORMAL_YEAR,평년,6755,225.17
500,9903,23,71,2025-07-28,NORMAL_YEAR,평년,6740,224.67
500,9903,23,71,2025-07-29,NORMAL_YEAR,평년,6736,224.53
500,9903,23,71,2025-07-30,NORMAL_YEAR,평년,6727,224.23
500,9903,23,71,2025-07-31,AVERAGE,평균,6972,232.40
500,9903,23,71,2025-07-31,NATIONAL,전국,6972,232.40
500,9903,23,71,2025-07-31,NORMAL_YEAR,평년,6304,210.13
500,9903,23,71,2025-08-01,AVERAGE,평균,7292,243.07
500,9903,23,71,2025-08-01,NATIONAL,전국,7292,243.07
500,9903,23,71,2025-08-01,NORMAL_YEAR,평년,6641,221.37
500,9903,23,71,2025-08-02,AVERAGE,평균,7349,244.97
500,9903,23,71,2025-08-02,NATIONAL,전국,7349,244.97
500,9903,23,71,2025-08-02,NORMAL_YEAR,평년,6793,226.43
500,9903,23,71,2025-08-03,AVERAGE,평균,7252,241.73
500,9903,23,71,2025-08-03,NATIONAL,전국,7252,241.73
500,9903,23,71,2025-08-03,NORMAL_YEAR,평년,6503,216.77
500,9903,23,71,2025-08-04,AVERAGE,평균,7252,241.73
500,9903,23,71,2025-08-04,NATIONAL,전국,7252,241.73
500,9903,23,71,2025-08-04,NORMAL_YEAR,평년,6400,213.33
500,9903,23,71,2025-08-05,AVERAGE,평균,7252,241.73
500,9903,23,71,2025-08-05,NATIONAL,전국,7252,241.73
500,9903,23,71,2025-08-05,NORMAL_YEAR,평년,6395,213.17
500,9903,23,71,2025-08-06,AVERAGE,평균,7252,241.73
500,9903,23,71,2025-08-06,NATIONAL,전국,7252,241.73
500,9903,23,71,2025-08-06,NORMAL_YEAR,평년,6393,213.10
500,9903,23,71,2025-08-07,AVERAGE,평균,7356,245.20
500,9903,23,71,2025-08-07,NATIONAL,전국,7356,245.20
500,9903,23,71,2025-08-07,NORMAL_YEAR,평년,6189,206.30
500,9903,23,71,2025-08-08,AVERAGE,평균,7386,246.20
500,9903,23,71,2025-08-08,NATIONAL,전국,7386,246.20
500,9903,23,71,2025-08-08,NORMAL_YEAR,평년,6407,213.57
500,9903,23,71,2025-08-09,AVERAGE,평균,7387,246.23
500,9903,23,71,2025-08-09,NATIONAL,전국,7387,246.23
500,9903,23,71,2025-08-09,NORMAL_YEAR,평년,6508,216.93
500,9903,23,71,2025-08-10,AVERAGE,평균,7406,246.87
500,9903,23,71,2025-08-10,NATIONAL,전국,7406,246.87
500,9903,23,71,2025-08-10,NORMAL_YEAR,평년,6333,211.10
500,9903,23,71,2025-08-11,AVERAGE,평균,7041,234.70
500,9903,23,71,2025-08-11,NATIONAL,전국,7041,234.70
500,9903,23,71,2025-08-11,NORMAL_YEAR,평년,6340,211.33
500,9903,23,71,2025-08-12,AVERAGE,평균,7006,233.53
500,9903,23,71,2025-08-12,NATIONAL,전국,7006,233.53
500,9903,23,71,2025-08-12,NORMAL_YEAR,평년,6286,209.53
500,9903,23,71,2025-08-13,AVERAGE,평균,7006,233.53
500,9903,23,71,2025-08-13,NATIONAL,전국,7006,233.53
500,9903,23,71,2025-08-13,NORMAL_YEAR,평년,6275,209.17
500,9903,23,71,2025-08-14,AVERAGE,평균,6996,233.20
500,9903,23,71,2025-08-14,NATIONAL,전국,6996,233.20
500,9903,23,71,2025-08-14,NORMAL_YEAR,평년,6124,204.13
500,9903,23,71,2025-08-15,AVERAGE,평균,6964,232.13
500,9903,23,71,2025-08-15,NATIONAL,전국,6964,232.13
500,9903,23,71,2025-08-15,NORMAL_YEAR,평년,6582,219.40
500,9903,23,71,2025-08-16,AVERAGE,평균,6977,232.57
500,9903,23,71,2025-08-16,NATIONAL,전국,6977,232.57
500,9903,23,71,2025-08-16,NORMAL_YEAR,평년,6536,217.87
500,9903,23,71,2025-08-17,AVERAGE,평균,6977,232.57
500,9903,23,71,2025-08-17,NATIONAL,전국,6977,232.57
500,9903,23,71,2025-08-17,NORMAL_YEAR,평년,6664,222.13
500,9903,23,71,2025-08-18,AVERAGE,평균,6957,231.90
500,9903,23,71,2025-08-18,NATIONAL,전국,6957,231.90
500,9903,23,71,2025-08-18,NORMAL_YEAR,평년,6345,211.50
500,9903,23,71,2025-08-19,AVERAGE,평균,6957,231.90
500,9903,23,71,2025-08-19,NATIONAL,전국,6957,231.90
500,9903,23,71,2025-08-19,NORMAL_YEAR,평년,6366,212.20
500,9903,23,71,2025-08-20,AVERAGE,평균,6957,231.90
500,9903,23,71,2025-08-20,NATIONAL,전국,6957,231.90
500,9903,23,71,2025-08-20,NORMAL_YEAR,평년,6373,212.43
500,9903,23,71,2025-08-21,AVERAGE,평균,6937,231.23
500,9903,23,71,2025-08-21,NATIONAL,전국,6937,231.23
500,9903,23,71,2025-08-21,NORMAL_YEAR,평년,6260,208.67
500,9903,23,71,2025-08-22,AVERAGE,평균,7001,233.37
500,9903,23,71,2025-08-22,NATIONAL,전국,7001,233.37
500,9903,23,71,2025-08-22,NORMAL_YEAR,평년,6574,219.13
500,9903,23,71,2025-08-23,AVERAGE,평균,7017,233.90
500,9903,23,71,2025-08-23,NATIONAL,전국,7017,233.90
500,9903,23,71,2025-08-23,NORMAL_YEAR,평년,6636,221.20
500,9903,23,71,2025-08-24,AVERAGE,평균,7017,233.90
500,9903,23,71,2025-08-24,NATIONAL,전국,7017,233.90
500,9903,23,71,2025-08-24,NORMAL_YEAR,평년,6382,212.73
500,9903,23,71,2025-08-25,AVERAGE,평균,7001,233.37
500,9903,23,71,2025-08-25,NATIONAL,전국,7001,233.37
500,9903,23,71,2025-08-25,NORMAL_YEAR,평년,6383,212.77
500,9903,23,71,2025-08-26,AVERAGE,평균,6988,232.93
500,9903,23,71,2025-08-26,NATIONAL,전국,6988,232.93
500,9903,23,71,2025-08-26,NORMAL_YEAR,평년,6380,212.67
500,9903,23,71,2025-08-27,AVERAGE,평균,6972,232.40
500,9903,23,71,2025-08-27,NATIONAL,전국,6972,232.40
500,9903,23,71,2025-08-27,NORMAL_YEAR,평년,6388,212.93
500,9903,23,71,2025-08-28,AVERAGE,평균,6954,231.80
500,9903,23,71,2025-08-28,NATIONAL,전국,6954,231.80
500,9903,23,71,2025-08-28,NORMAL_YEAR,평년,6284,209.47
500,9903,23,71,2025-08-29,AVERAGE,평균,6966,232.20
500,9903,23,71,2025-08-29,NATIONAL,전국,6966,232.20
500,9903,23,71,2025-08-29,NORMAL_YEAR,평년,6543,218.10
500,9903,23,71,2025-08-30,AVERAGE,평균,6927,230.90
500,9903,23,71,2025-08-30,NATIONAL,전국,6927,230.90
500,9903,23,71,2025-08-30,NORMAL_YEAR,평년,6582,219.40
500,9903,23,71,2025-08-31,AVERAGE,평균,6924,230.80
500,9903,23,71,2025-08-31,NATIONAL,전국,6924,230.80
500,9903,23,71,2025-08-31,NORMAL_YEAR,평년,6357,211.90
500,9903,23,71,2025-09-01,AVERAGE,평균,7247,241.57
500,9903,23,71,2025-09-01,NATIONAL,전국,7247,241.57
500,9903,23,71,2025-09-01,NORMAL_YEAR,평년,6359,211.97
500,9903,23,71,2025-09-02,AVERAGE,평균,7241,241.37
500,9903,23,71,2025-09-02,NATIONAL,전국,7241,241.37
500,9903,23,71,2025-09-02,NORMAL_YEAR,평년,6334,211.13
500,9903,23,71,2025-09-03,AVERAGE,평균,7241,241.37
500,9903,23,71,2025-09-03,NATIONAL,전국,7241,241.37
500,9903,23,71,2025-09-03,NORMAL_YEAR,평년,6348,211.60
500,9903,23,71,2025-09-04,AVERAGE,평균,6941,231.37
500,9903,23,71,2025-09-04,NATIONAL,전국,6941,231.37
500,9903,23,71,2025-09-04,NORMAL_YEAR,평년,6302,210.07
500,9903,23,71,2025-09-05,AVERAGE,평균,7041,234.70
500,9903,23,71,2025-09-05,NATIONAL,전국,7041,234.70
500,9903,23,71,2025-09-05,NORMAL_YEAR,평년,6447,214.90
500,9903,23,71,2025-09-06,AVERAGE,평균,7041,234.70
500,9903,23,71,2025-09-06,NATIONAL,전국,7041,234.70
500,9903,23,71,2025-09-06,NORMAL_YEAR,평년,6463,215.43
500,9903,23,71,2025-09-07,AVERAGE,평균,7041,234.70
500,9903,23,71,2025-09-07,NATIONAL,전국,7041,234.70
500,9903,23,71,2025-09-07,NORMAL_YEAR,평년,6280,209.33
500,9903,23,71,2025-09-08,AVERAGE,평균,7143,238.10
500,9903,23,71,2025-09-08,NATIONAL,전국,7143,238.10
500,9903,23,71,2025-09-08,NORMAL_YEAR,평년,6284,209.47
500,9903,23,71,2025-09-09,AVERAGE,평균,7111,237.03
500,9903,23,71,2025-09-09,NATIONAL,전국,7111,237.03
500,9903,23,71,2025-09-09,NORMAL_YEAR,평년,6269,208.97
500,9903,23,71,2025-09-10,AVERAGE,평균,7107,236.90
500,9903,23,71,2025-09-10,NATIONAL,전국,7107,236.90
500,9903,23,71,2025-09-10,NORMAL_YEAR,평년,6265,208.83
500,9903,23,71,2025-09-11,AVERAGE,평균,6770,225.67
500,9903,23,71,2025-09-11,NATIONAL,전국,6770,225.67
500,9903,23,71,2025-09-11,NORMAL_YEAR,평년,6199,206.63
500,9903,23,71,2025-09-12,AVERAGE,평균,6593,219.77
500,9903,23,71,2025-09-12,NATIONAL,전국,6593,219.77
500,9903,23,71,2025-09-12,NORMAL_YEAR,평년,6333,211.10
500,9903,23,71,2025-09-13,AVERAGE,평균,6573,219.10
500,9903,23,71,2025-09-13,NATIONAL,전국,6573,219.10
500,9903,23,71,2025-09-13,NORMAL_YEAR,평년,6352,211.73
500,9903,23,71,2025-09-14,AVERAGE,평균,6573,219.10
500,9903,23,71,2025-09-14,NATIONAL,전국,6573,219.10
500,9903,23,71,2025-09-14,NORMAL_YEAR,평년,6220,207.33
500,9903,23,71,2025-09-15,AVERAGE,평균,6574,219.13
500,9903,23,71,2025-09-15,NATIONAL,전국,6574,219.13
500,9903,23,71,2025-09-15,NORMAL_YEAR,평년,6241,208.03
500,9903,23,71,2025-09-16,AVERAGE,평균,6574,219.13
500,9903,23,71,2025-09-16,NATIONAL,전국,6574,219.13
500,9903,23,71,2025-09-16,NORMAL_YEAR,평년,6249,208.30
500,9903,23,71,2025-09-17,AVERAGE,평균,6574,219.13
500,9903,23,71,2025-09-17,NATIONAL,전국,6574,219.13
500,9903,23,71,2025-09-17,NORMAL_YEAR,평년,6262,208.73
500,9903,23,71,2025-09-18,AVERAGE,평균,6346,211.53
500,9903,23,71,2025-09-18,NATIONAL,전국,6346,211.53
500,9903,23,71,2025-09-18,NORMAL_YEAR,평년,6181,206.03
500,9903,23,71,2025-09-19,AVERAGE,평균,6287,209.57
500,9903,23,71,2025-09-19,NATIONAL,전국,6287,209.57
500,9903,23,71,2025-09-19,NORMAL_YEAR,평년,6532,217.73
500,9903,23,71,2025-09-20,AVERAGE,평균,6287,209.57
500,9903,23,71,2025-09-20,NATIONAL,전국,6287,209.57
500,9903,23,71,2025-09-20,NORMAL_YEAR,평년,6528,217.60
500,9903,23,71,2025-09-21,AVERAGE,평균,6287,209.57
500,9903,23,71,2025-09-21,NATIONAL,전국,6287,209.57
500,9903,23,71,2025-09-21,NORMAL_YEAR,평년,6475,215.83
500,9903,23,71,2025-09-22,AVERAGE,평균,6504,216.80
500,9903,23,71,2025-09-22,NATIONAL,전국,6504,216.80
500,9903,23,71,2025-09-22,NORMAL_YEAR,평년,6477,215.90
500,9903,23,71,2025-09-23,AVERAGE,평균,6525,217.50
500,9903,23,71,2025-09-23,NATIONAL,전국,6525,217.50
500,9903,23,71,2025-09-23,NORMAL_YEAR,평년,6383,212.77
500,9903,23,71,2025-09-24,AVERAGE,평균,6553,218.43
500,9903,23,71,2025-09-24,NATIONAL,전국,6553,218.43
500,9903,23,71,2025-09-24,NORMAL_YEAR,평년,6393,213.10
500,9903,23,71,2025-09-25,AVERAGE,평균,6553,218.43
500,9903,23,71,2025-09-25,NATIONAL,전국,6553,218.43
500,9903,23,71,2025-09-25,NORMAL_YEAR,평년,6247,208.23
500,9903,23,71,2025-09-26,AVERAGE,평균,6368,212.27
500,9903,23,71,2025-09-26,NATIONAL,전국,6368,212.27
500,9903,23,71,2025-09-26,NORMAL_YEAR,평년,6473,215.77
500,9903,23,71,2025-09-27,AVERAGE,평균,6368,212.27
500,9903,23,71,2025-09-27,NATIONAL,전국,6368,212.27
500,9903,23,71,2025-09-27,NORMAL_YEAR,평년,6435,214.50
500,9903,23,71,2025-09-28,AVERAGE,평균,6368,212.27
500,9903,23,71,2025-09-28,NATIONAL,전국,6368,212.27
500,9903,23,71,2025-09-28,NORMAL_YEAR,평년,6321,210.70
500,9903,23,71,2025-09-29,AVERAGE,평균,6389,212.97
500,9903,23,71,2025-09-29,NATIONAL,전국,6389,212.97
500,9903,23,71,2025-09-29,NORMAL_YEAR,평년,6315,210.50
500,9903,23,71,2025-09-30,AVERAGE,평균,6389,212.97
500,9903,23,71,2025-09-30,NATIONAL,전국,6389,212.97
500,9903,23,71,2025-09-30,NORMAL_YEAR,평년,6466,215.53
500,9903,23,71,2025-10-01,AVERAGE,평균,6389,212.97
500,9903,23,71,2025-10-01,NATIONAL,전국,6389,212.97
500,9903,23,71,2025-10-01,NORMAL_YEAR,평년,6465,215.50
500,9903,23,71,2025-10-02,AVERAGE,평균,6386,212.87
500,9903,23,71,2025-10-02,NATIONAL,전국,6386,212.87
500,9903,23,71,2025-10-02,NORMAL_YEAR,평년,6567,218.90
500,9903,23,71,2025-10-03,AVERAGE,평균,6493,216.43
500,9903,23,71,2025-10-03,NATIONAL,전국,6493,216.43
500,9903,23,71,2025-10-03,NORMAL_YEAR,평년,6604,220.13
500,9903,23,71,2025-10-04,AVERAGE,평균,6518,217.27
500,9903,23,71,2025-10-04,NATIONAL,전국,6518,217.27
500,9903,23,71,2025-10-04,NORMAL_YEAR,평년,6576,219.20
500,9903,23,71,2025-10-05,AVERAGE,평균,6519,217.30
500,9903,23,71,2025-10-05,NATIONAL,전국,6519,217.30
500,9903,23,71,2025-10-05,NORMAL_YEAR,평년,6384,212.80
500,9903,23,71,2025-10-06,AVERAGE,평균,7106,236.87
500,9903,23,71,2025-10-06,NATIONAL,전국,7106,236.87
500,9903,23,71,2025-10-06,NORMAL_YEAR,평년,6480,216.00
500,9903,23,71,2025-10-07,AVERAGE,평균,7106,236.87
500,9903,23,71,2025-10-07,NATIONAL,전국,7106,236.87
500,9903,23,71,2025-10-07,NORMAL_YEAR,평년,6460,215.33
500,9903,23,71,2025-10-08,AVERAGE,평균,7106,236.87
500,9903,23,71,2025-10-08,NATIONAL,전국,7106,236.87
500,9903,23,71,2025-10-08,NORMAL_YEAR,평년,6395,213.17
500,9903,23,71,2025-10-09,AVERAGE,평균,7134,237.80
500,9903,23,71,2025-10-09,NATIONAL,전국,7134,237.80
500,9903,23,71,2025-10-09,NORMAL_YEAR,평년,6793,226.43
500,9903,23,71,2025-10-10,AVERAGE,평균,7182,239.40
500,9903,23,71,2025-10-10,NATIONAL,전국,7182,239.40
500,9903,23,71,2025-10-10,NORMAL_YEAR,평년,6782,226.07
500,9903,23,71,2025-10-11,AVERAGE,평균,7182,239.40
500,9903,23,71,2025-10-11,NATIONAL,전국,7182,239.40
500,9903,23,71,2025-10-11,NORMAL_YEAR,평년,6793,226.43
500,9903,23,71,2025-10-12,AVERAGE,평균,7201,240.03
500,9903,23,71,2025-10-12,NATIONAL,전국,7201,240.03
500,9903,23,71,2025-10-12,NORMAL_YEAR,평년,6454,215.13
500,9903,23,71,2025-10-13,AVERAGE,평균,7196,239.87
500,9903,23,71,2025-10-13,NATIONAL,전국,7196,239.87
500,9903,23,71,2025-10-13,NORMAL_YEAR,평년,6395,213.17
500,9903,23,71,2025-10-14,AVERAGE,평균,7128,237.60
500,9903,23,71,2025-10-14,NATIONAL,전국,7128,237.60
500,9903,23,71,2025-10-14,NORMAL_YEAR,평년,6404,213.47
500,9903,23,71,2025-10-15,AVERAGE,평균,7295,243.17
500,9903,23,71,2025-10-15,NATIONAL,전국,7295,243.17
500,9903,23,71,2025-10-15,NORMAL_YEAR,평년,6405,213.50
500,9903,23,71,2025-10-16,AVERAGE,평균,6913,230.43
500,9903,23,71,2025-10-16,NATIONAL,전국,6913,230.43
500,9903,23,71,2025-10-16,NORMAL_YEAR,평년,6447,214.90
500,9903,23,71,2025-10-17,AVERAGE,평균,6968,232.27
500,9903,23,71,2025-10-17,NATIONAL,전국,6968,232.27
500,9903,23,71,2025-10-17,NORMAL_YEAR,평년,6690,223.00
500,9903,23,71,2025-10-18,AVERAGE,평균,6968,232.27
500,9903,23,71,2025-10-18,NATIONAL,전국,6968,232.27
500,9903,23,71,2025-10-18,NORMAL_YEAR,평년,6512,217.07
500,9903,23,71,2025-10-19,AVERAGE,평균,6965,232.17
500,9903,23,71,2025-10-19,NATIONAL,전국,6965,232.17
500,9903,23,71,2025-10-19,NORMAL_YEAR,평년,6355,211.83
500,9903,23,71,2025-10-20,AVERAGE,평균,7337,244.57
500,9903,23,71,2025-10-20,NATIONAL,전국,7337,244.57
500,9903,23,71,2025-10-20,NORMAL_YEAR,평년,6397,213.23
500,9903,23,71,2025-10-21,AVERAGE,평균,7337,244.57
500,9903,23,71,2025-10-21,NATIONAL,전국,7337,244.57
500,9903,23,71,2025-10-21,NORMAL_YEAR,평년,6441,214.70
500,9903,23,71,2025-10-22,AVERAGE,평균,7337,244.57
500,9903,23,71,2025-10-22,NATIONAL,전국,7337,244.57
500,9903,23,71,2025-10-22,NORMAL_YEAR,평년,6435,214.50
500,9903,23,71,2025-10-23,AVERAGE,평균,7338,244.60
500,9903,23,71,2025-10-23,NATIONAL,전국,7338,244.60
500,9903,23,71,2025-10-23,NORMAL_YEAR,평년,6526,217.53
500,9903,23,71,2025-10-24,AVERAGE,평균,7371,245.70
500,9903,23,71,2025-10-24,NATIONAL,전국,7371,245.70
500,9903,23,71,2025-10-24,NORMAL_YEAR,평년,6772,225.73
500,9903,23,71,2025-10-25,AVERAGE,평균,7371,245.70
500,9903,23,71,2025-10-25,NATIONAL,전국,7371,245.70
500,9903,23,71,2025-10-25,NORMAL_YEAR,평년,6561,218.70
500,9903,23,71,2025-10-26,AVERAGE,평균,7375,245.83
500,9903,23,71,2025-10-26,NATIONAL,전국,7375,245.83
500,9903,23,71,2025-10-26,NORMAL_YEAR,평년,6394,213.13
500,9903,23,71,2025-10-27,AVERAGE,평균,7375,245.83
500,9903,23,71,2025-10-27,NATIONAL,전국,7375,245.83
500,9903,23,71,2025-10-27,NORMAL_YEAR,평년,6384,212.80
500,9903,23,71,2025-10-28,AVERAGE,평균,7378,245.93
500,9903,23,71,2025-10-28,NATIONAL,전국,7378,245.93
500,9903,23,71,2025-10-28,NORMAL_YEAR,평년,6389,212.97
500,9903,23,71,2025-10-29,AVERAGE,평균,7378,245.93
500,9903,23,71,2025-10-29,NATIONAL,전국,7378,245.93
500,9903,23,71,2025-10-29,NORMAL_YEAR,평년,6376,212.53
500,9903,23,71,2025-10-30,AVERAGE,평균,6432,214.40
500,9903,23,71,2025-10-30,NATIONAL,전국,6432,214.40
500,9903,23,71,2025-10-30,NORMAL_YEAR,평년,6474,215.80
500,9903,23,71,2025-10-31,AVERAGE,평균,6425,214.17
500,9903,23,71,2025-10-31,NATIONAL,전국,6425,214.17
500,9903,23,71,2025-10-31,NORMAL_YEAR,평년,6669,222.30
500,9903,23,71,2025-11-01,AVERAGE,평균,6443,214.77
500,9903,23,71,2025-11-01,NATIONAL,전국,6443,214.77
500,9903,23,71,2025-11-01,NORMAL_YEAR,평년,6444,214.80
500,9903,23,71,2025-11-02,AVERAGE,평균,6466,215.53
500,9903,23,71,2025-11-02,NATIONAL,전국,6466,215.53
500,9903,23,71,2025-11-02,NORMAL_YEAR,평년,6248,208.27
500,9903,23,71,2025-11-03,AVERAGE,평균,6395,213.17
500,9903,23,71,2025-11-03,NATIONAL,전국,6395,213.17
500,9903,23,71,2025-11-03,NORMAL_YEAR,평년,6243,208.10
500,9903,23,71,2025-11-04,AVERAGE,평균,6330,211.00
500,9903,23,71,2025-11-04,NATIONAL,전국,6330,211.00
500,9903,23,71,2025-11-04,NORMAL_YEAR,평년,6256,208.53
500,9903,23,71,2025-11-05,AVERAGE,평균,6295,209.83
500,9903,23,71,2025-11-05,NATIONAL,전국,6295,209.83
500,9903,23,71,2025-11-05,NORMAL_YEAR,평년,6312,210.40
500,9903,23,71,2025-11-06,AVERAGE,평균,6603,220.10
500,9903,23,71,2025-11-06,NATIONAL,전국,6603,220.10
500,9903,23,71,2025-11-06,NORMAL_YEAR,평년,6393,213.10
500,9903,23,71,2025-11-07,AVERAGE,평균,6639,221.30
500,9903,23,71,2025-11-07,NATIONAL,전국,6639,221.30
500,9903,23,71,2025-11-07,NORMAL_YEAR,평년,6710,223.67
500,9903,23,71,2025-11-08,AVERAGE,평균,6667,222.23
500,9903,23,71,2025-11-08,NATIONAL,전국,6667,222.23
500,9903,23,71,2025-11-08,NORMAL_YEAR,평년,6560,218.67
500,9903,23,71,2025-11-09,AVERAGE,평균,6667,222.23
500,9903,23,71,2025-11-09,NATIONAL,전국,6667,222.23
500,9903,23,71,2025-11-09,NORMAL_YEAR,평년,6374,212.47
500,9903,23,71,2025-11-10,AVERAGE,평균,6662,222.07
500,9903,23,71,2025-11-10,NATIONAL,전국,6662,222.07
500,9903,23,71,2025-11-10,NORMAL_YEAR,평년,6318,210.60
500,9903,23,71,2025-11-11,AVERAGE,평균,6662,222.07
500,9903,23,71,2025-11-11,NATIONAL,전국,6662,222.07
500,9903,23,71,2025-11-11,NORMAL_YEAR,평년,6347,211.57
500,9903,23,71,2025-11-12,AVERAGE,평균,6546,218.20
500,9903,23,71,2025-11-12,NATIONAL,전국,6546,218.20
500,9903,23,71,2025-11-12,NORMAL_YEAR,평년,6353,211.77
500,9903,23,71,2025-11-13,AVERAGE,평균,6574,219.13
500,9903,23,71,2025-11-13,NATIONAL,전국,6574,219.13
500,9903,23,71,2025-11-13,NORMAL_YEAR,평년,6442,214.73
500,9903,23,71,2025-11-14,AVERAGE,평균,6534,217.80
500,9903,23,71,2025-11-14,NATIONAL,전국,6534,217.80
500,9903,23,71,2025-11-14,NORMAL_YEAR,평년,6741,224.70
500,9903,23,71,2025-11-15,AVERAGE,평균,6534,217.80
500,9903,23,71,2025-11-15,NATIONAL,전국,6534,217.80
500,9903,23,71,2025-11-15,NORMAL_YEAR,평년,6418,213.93
500,9903,23,71,2025-11-16,AVERAGE,평균,6567,218.90
500,9903,23,71,2025-11-16,NATIONAL,전국,6567,218.90
500,9903,23,71,2025-11-16,NORMAL_YEAR,평년,6244,208.13
500,9903,23,71,2025-11-17,AVERAGE,평균,6567,218.90
500,9903,23,71,2025-11-17,NATIONAL,전국,6567,218.90
500,9903,23,71,2025-11-17,NORMAL_YEAR,평년,6250,208.33
500,9903,23,71,2025-11-18,AVERAGE,평균,6548,218.27
500,9903,23,71,2025-11-18,NATIONAL,전국,6548,218.27
500,9903,23,71,2025-11-18,NORMAL_YEAR,평년,6235,207.83
500,9903,23,71,2025-11-19,AVERAGE,평균,6691,223.03
500,9903,23,71,2025-11-19,NATIONAL,전국,6691,223.03
500,9903,23,71,2025-11-19,NORMAL_YEAR,평년,6231,207.70
500,9903,23,71,2025-11-20,AVERAGE,평균,6609,220.30
500,9903,23,71,2025-11-20,NATIONAL,전국,6609,220.30
500,9903,23,71,2025-11-20,NORMAL_YEAR,평년,6366,212.20
500,9903,23,71,2025-11-21,AVERAGE,평균,6647,221.57
500,9903,23,71,2025-11-21,NATIONAL,전국,6647,221.57
500,9903,23,71,2025-11-21,NORMAL_YEAR,평년,6783,226.10
500,9903,23,71,2025-11-22,AVERAGE,평균,6647,221.57
500,9903,23,71,2025-11-22,NATIONAL,전국,6647,221.57
500,9903,23,71,2025-11-22,NORMAL_YEAR,평년,6591,219.70
500,9903,23,71,2025-11-23,AVERAGE,평균,6650,221.67
500,9903,23,71,2025-11-23,NATIONAL,전국,6650,221.67
500,9903,23,71,2025-11-23,NORMAL_YEAR,평년,6395,213.17
500,9903,23,71,2025-11-24,AVERAGE,평균,6678,222.60
500,9903,23,71,2025-11-24,NATIONAL,전국,6678,222.60
500,9903,23,71,2025-11-24,NORMAL_YEAR,평년,6399,213.30
500,9903,23,71,2025-11-25,AVERAGE,평균,6643,221.43
500,9903,23,71,2025-11-25,NATIONAL,전국,6643,221.43
500,9903,23,71,2025-11-25,NORMAL_YEAR,평년,6416,213.87
500,9903,23,71,2025-11-26,AVERAGE,평균,6607,220.23
500,9903,23,71,2025-11-26,NATIONAL,전국,6607,220.23
500,9903,23,71,2025-11-26,NORMAL_YEAR,평년,6421,214.03
500,9903,23,71,2025-11-27,AVERAGE,평균,5986,199.53
500,9903,23,71,2025-11-27,NATIONAL,전국,5986,199.53
500,9903,23,71,2025-11-27,NORMAL_YEAR,평년,6541,218.03
500,9903,23,71,2025-11-28,AVERAGE,평균,6036,201.20
500,9903,23,71,2025-11-28,NATIONAL,전국,6036,201.20
500,9903,23,71,2025-11-28,NORMAL_YEAR,평년,6902,230.07
500,9903,23,71,2025-11-29,AVERAGE,평균,6036,201.20
500,9903,23,71,2025-11-29,NATIONAL,전국,6036,201.20
500,9903,23,71,2025-11-29,NORMAL_YEAR,평년,6683,222.77
500,9903,23,71,2025-11-30,AVERAGE,평균,6039,201.30
500,9903,23,71,2025-11-30,NATIONAL,전국,6039,201.30
500,9903,23,71,2025-11-30,NORMAL_YEAR,평년,6452,215.07
500,9903,23,71,2025-12-01,AVERAGE,평균,6029,200.97
500,9903,23,71,2025-12-01,NATIONAL,전국,6029,200.97
500,9903,23,71,2025-12-01,NORMAL_YEAR,평년,6449,214.97
500,9903,23,71,2025-12-02,AVERAGE,평균,6507,216.90
500,9903,23,71,2025-12-02,NATIONAL,전국,6507,216.90
500,9903,23,71,2025-12-02,NORMAL_YEAR,평년,6444,214.80
500,9903,23,71,2025-12-03,AVERAGE,평균,6507,216.90
500,9903,23,71,2025-12-03,NATIONAL,전국,6507,216.90
500,9903,23,71,2025-12-03,NORMAL_YEAR,평년,6558,218.60
500,9903,23,71,2025-12-04,AVERAGE,평균,6716,223.87
500,9903,23,71,2025-12-04,NATIONAL,전국,6716,223.87
500,9903,23,71,2025-12-04,NORMAL_YEAR,평년,6888,229.60
500,9903,23,71,2025-12-05,AVERAGE,평균,6823,227.43
500,9903,23,71,2025-12-05,NATIONAL,전국,6823,227.43
500,9903,23,71,2025-12-05,NORMAL_YEAR,평년,6797,226.57
500,9903,23,71,2025-12-06,AVERAGE,평균,6859,228.63
500,9903,23,71,2025-12-06,NATIONAL,전국,6859,228.63
500,9903,23,71,2025-12-06,NORMAL_YEAR,평년,6640,221.33
500,9903,23,71,2025-12-07,AVERAGE,평균,6849,228.30
500,9903,23,71,2025-12-07,NATIONAL,전국,6849,228.30
500,9903,23,71,2025-12-07,NORMAL_YEAR,평년,6447,214.90
500,9903,23,71,2025-12-08,AVERAGE,평균,6852,228.40
500,9903,23,71,2025-12-08,NATIONAL,전국,6852,228.40
500,9903,23,71,2025-12-08,NORMAL_YEAR,평년,6316,210.53
500,9903,23,71,2025-12-09,AVERAGE,평균,6852,228.40
500,9903,23,71,2025-12-09,NATIONAL,전국,6852,228.40
500,9903,23,71,2025-12-09,NORMAL_YEAR,평년,6340,211.33
500,9903,23,71,2025-12-10,AVERAGE,평균,6852,228.40
500,9903,23,71,2025-12-10,NATIONAL,전국,6852,228.40
500,9903,23,71,2025-12-10,NORMAL_YEAR,평년,6373,212.43
500,9903,23,71,2025-12-11,AVERAGE,평균,6880,229.33
500,9903,23,71,2025-12-11,NATIONAL,전국,6880,229.33
500,9903,23,71,2025-12-11,NORMAL_YEAR,평년,6413,213.77
500,9903,23,71,2025-12-12,AVERAGE,평균,6736,224.53
500,9903,23,71,2025-12-12,NATIONAL,전국,6736,224.53
500,9903,23,71,2025-12-12,NORMAL_YEAR,평년,6653,221.77
500,9903,23,71,2025-12-13,AVERAGE,평균,6736,224.53
500,9903,23,71,2025-12-13,NATIONAL,전국,6736,224.53
500,9903,23,71,2025-12-13,NORMAL_YEAR,평년,6509,216.97
500,9903,23,71,2025-12-14,AVERAGE,평균,6736,224.53
500,9903,23,71,2025-12-14,NATIONAL,전국,6736,224.53
500,9903,23,71,2025-12-14,NORMAL_YEAR,평년,6357,211.90
500,9903,23,71,2025-12-15,AVERAGE,평균,7068,235.60
500,9903,23,71,2025-12-15,NATIONAL,전국,7068,235.60
500,9903,23,71,2025-12-15,NORMAL_YEAR,평년,6328,210.93
500,9903,23,71,2025-12-16,AVERAGE,평균,7052,235.07
500,9903,23,71,2025-12-16,NATIONAL,전국,7052,235.07
500,9903,23,71,2025-12-16,NORMAL_YEAR,평년,6341,211.37
500,9903,23,71,2025-12-17,AVERAGE,평균,7023,234.10
500,9903,23,71,2025-12-17,NATIONAL,전국,7023,234.10
500,9903,23,71,2025-12-17,NORMAL_YEAR,평년,6351,211.70
500,9903,23,71,2025-12-18,AVERAGE,평균,7041,234.70
500,9903,23,71,2025-12-18,NATIONAL,전국,7041,234.70
500,9903,23,71,2025-12-18,NORMAL_YEAR,평년,6369,212.30
500,9903,23,71,2025-12-19,AVERAGE,평균,7010,233.67
500,9903,23,71,2025-12-19,NATIONAL,전국,7010,233.67
500,9903,23,71,2025-12-19,NORMAL_YEAR,평년,6542,218.07
500,9903,23,71,2025-12-20,AVERAGE,평균,7010,233.67
500,9903,23,71,2025-12-20,NATIONAL,전국,7010,233.67
500,9903,23,71,2025-12-20,NORMAL_YEAR,평년,6526,217.53
500,9903,23,71,2025-12-21,AVERAGE,평균,7010,233.67
500,9903,23,71,2025-12-21,NATIONAL,전국,7010,233.67
500,9903,23,71,2025-12-21,NORMAL_YEAR,평년,6347,211.57
500,9903,23,71,2025-12-22,AVERAGE,평균,7010,233.67
500,9903,23,71,2025-12-22,NATIONAL,전국,7010,233.67
500,9903,23,71,2025-12-22,NORMAL_YEAR,평년,6352,211.73
500,9903,23,71,2025-12-23,AVERAGE,평균,7010,233.67
500,9903,23,71,2025-12-23,NATIONAL,전국,7010,233.67
500,9903,23,71,2025-12-23,NORMAL_YEAR,평년,6448,214.93
500,9903,23,71,2025-12-24,AVERAGE,평균,6835,227.83
500,9903,23,71,2025-12-24,NATIONAL,전국,6835,227.83
500,9903,23,71,2025-12-24,NORMAL_YEAR,평년,6460,215.33
500,9903,23,71,2025-12-25,AVERAGE,평균,6835,227.83
500,9903,23,71,2025-12-25,NATIONAL,전국,6835,227.83
500,9903,23,71,2025-12-25,NORMAL_YEAR,평년,6745,224.83
500,9903,23,71,2025-12-26,AVERAGE,평균,7022,234.07
500,9903,23,71,2025-12-26,NATIONAL,전국,7022,234.07
500,9903,23,71,2025-12-26,NORMAL_YEAR,평년,6632,221.07
500,9903,23,71,2025-12-27,AVERAGE,평균,7055,235.17
500,9903,23,71,2025-12-27,NATIONAL,전국,7055,235.17
500,9903,23,71,2025-12-27,NORMAL_YEAR,평년,6568,218.93
500,9903,23,71,2025-12-28,AVERAGE,평균,7058,235.27
500,9903,23,71,2025-12-28,NATIONAL,전국,7058,235.27
500,9903,23,71,2025-12-28,NORMAL_YEAR,평년,6398,213.27
500,9903,23,71,2025-12-29,AVERAGE,평균,7058,235.27
500,9903,23,71,2025-12-29,NATIONAL,전국,7058,235.27
500,9903,23,71,2025-12-29,NORMAL_YEAR,평년,6440,214.67
500,9903,23,71,2025-12-30,AVERAGE,평균,7058,235.27
500,9903,23,71,2025-12-30,NATIONAL,전국,7058,235.27
500,9903,23,71,2025-12-30,NORMAL_YEAR,평년,6455,215.17
500,9903,23,71,2025-12-31,AVERAGE,평균,7180,239.33
500,9903,23,71,2025-12-31,NATIONAL,전국,7180,239.33
500,9903,23,71,2025-12-31,NORMAL_YEAR,평년,6468,215.60
500,9903,23,71,2026-01-01,AVERAGE,평균,7180,239.33
500,9903,23,71,2026-01-01,NATIONAL,전국,7180,239.33
500,9903,23,71,2026-01-01,NORMAL_YEAR,평년,6687,222.90
500,9903,23,71,2026-01-02,AVERAGE,평균,7089,236.30
500,9903,23,71,2026-01-02,NATIONAL,전국,7089,236.30
500,9903,23,71,2026-01-02,NORMAL_YEAR,평년,6573,219.10
500,9903,23,71,2026-01-03,AVERAGE,평균,7045,234.83
500,9903,23,71,2026-01-03,NATIONAL,전국,7045,234.83
500,9903,23,71,2026-01-03,NORMAL_YEAR,평년,6549,218.30
500,9903,23,71,2026-01-04,AVERAGE,평균,7045,234.83
500,9903,23,71,2026-01-04,NATIONAL,전국,7045,234.83
500,9903,23,71,2026-01-04,NORMAL_YEAR,평년,6435,214.50
500,9903,23,71,2026-01-05,AVERAGE,평균,7045,234.83
500,9903,23,71,2026-01-05,NATIONAL,전국,7045,234.83
500,9903,23,71,2026-01-05,NORMAL_YEAR,평년,6458,215.27
500,9903,23,71,2026-01-06,AVERAGE,평균,7041,234.70
500,9903,23,71,2026-01-06,NATIONAL,전국,7041,234.70
500,9903,23,71,2026-01-06,NORMAL_YEAR,평년,6566,218.87
500,9903,23,71,2026-01-07,AVERAGE,평균,7086,236.20
500,9903,23,71,2026-01-07,NATIONAL,전국,7086,236.20
500,9903,23,71,2026-01-07,NORMAL_YEAR,평년,6582,219.40
500,9903,23,71,2026-01-08,AVERAGE,평균,7086,236.20
500,9903,23,71,2026-01-08,NATIONAL,전국,7086,236.20
500,9903,23,71,2026-01-08,NORMAL_YEAR,평년,6617,220.57
500,9903,23,71,2026-01-09,AVERAGE,평균,7215,240.50
500,9903,23,71,2026-01-09,NATIONAL,전국,7215,240.50
500,9903,23,71,2026-01-09,NORMAL_YEAR,평년,6576,219.20
500,9903,23,71,2026-01-10,AVERAGE,평균,7215,240.50
500,9903,23,71,2026-01-10,NATIONAL,전국,7215,240.50
500,9903,23,71,2026-01-10,NORMAL_YEAR,평년,6634,221.13
500,9903,23,71,2026-01-11,AVERAGE,평균,7215,240.50
500,9903,23,71,2026-01-11,NATIONAL,전국,7215,240.50
500,9903,23,71,2026-01-11,NORMAL_YEAR,평년,6320,210.67
500,9903,23,71,2026-01-12,AVERAGE,평균,7215,240.50
500,9903,23,71,2026-01-12,NATIONAL,전국,7215,240.50
500,9903,23,71,2026-01-12,NORMAL_YEAR,평년,6317,210.57
500,9903,23,71,2026-01-13,AVERAGE,평균,7215,240.50
500,9903,23,71,2026-01-13,NATIONAL,전국,7215,240.50
500,9903,23,71,2026-01-13,NORMAL_YEAR,평년,6324,210.80
500,9903,23,71,2026-01-14,AVERAGE,평균,7215,240.50
500,9903,23,71,2026-01-14,NATIONAL,전국,7215,240.50
500,9903,23,71,2026-01-14,NORMAL_YEAR,평년,6367,212.23
500,9903,23,71,2026-01-15,AVERAGE,평균,7215,240.50
500,9903,23,71,2026-01-15,NATIONAL,전국,7215,240.50
500,9903,23,71,2026-01-15,NORMAL_YEAR,평년,6387,212.90
500,9903,23,71,2026-01-16,AVERAGE,평균,7226,240.87
500,9903,23,71,2026-01-16,NATIONAL,전국,7226,240.87
500,9903,23,71,2026-01-16,NORMAL_YEAR,평년,6289,209.63
500,9903,23,71,2026-01-17,AVERAGE,평균,7229,240.97
500,9903,23,71,2026-01-17,NATIONAL,전국,7229,240.97
500,9903,23,71,2026-01-17,NORMAL_YEAR,평년,6382,212.73
500,9903,23,71,2026-01-18,AVERAGE,평균,7229,240.97
500,9903,23,71,2026-01-18,NATIONAL,전국,7229,240.97
500,9903,23,71,2026-01-18,NORMAL_YEAR,평년,6442,214.73
500,9903,23,71,2026-01-19,AVERAGE,평균,7229,240.97
500,9903,23,71,2026-01-19,NATIONAL,전국,7229,240.97
500,9903,23,71,2026-01-19,NORMAL_YEAR,평년,6412,213.73
500,9903,23,71,2026-01-20,AVERAGE,평균,7229,240.97
500,9903,23,71,2026-01-20,NATIONAL,전국,7229,240.97
500,9903,23,71,2026-01-20,NORMAL_YEAR,평년,6333,211.10
500,9903,23,71,2026-01-21,AVERAGE,평균,7213,240.43
500,9903,23,71,2026-01-21,NATIONAL,전국,7213,240.43
500,9903,23,71,2026-01-21,NORMAL_YEAR,평년,6322,210.73
500,9903,23,71,2026-01-22,AVERAGE,평균,7213,240.43
500,9903,23,71,2026-01-22,NATIONAL,전국,7213,240.43
500,9903,23,71,2026-01-22,NORMAL_YEAR,평년,6326,210.87
500,9903,23,71,2026-01-23,AVERAGE,평균,7184,239.47
500,9903,23,71,2026-01-23,NATIONAL,전국,7184,239.47
500,9903,23,71,2026-01-23,NORMAL_YEAR,평년,6284,209.47
500,9903,23,71,2026-01-24,AVERAGE,평균,7184,239.47
500,9903,23,71,2026-01-24,NATIONAL,전국,7184,239.47
500,9903,23,71,2026-01-24,NORMAL_YEAR,평년,6366,212.20
500,9903,23,71,2026-01-25,AVERAGE,평균,7184,239.47
500,9903,23,71,2026-01-25,NATIONAL,전국,7184,239.47
500,9903,23,71,2026-01-25,NORMAL_YEAR,평년,6434,214.47
500,9903,23,71,2026-01-26,AVERAGE,평균,7220,240.67
500,9903,23,71,2026-01-26,NATIONAL,전국,7220,240.67
500,9903,23,71,2026-01-26,NORMAL_YEAR,평년,6420,214.00
500,9903,23,71,2026-01-27,AVERAGE,평균,7219,240.63
500,9903,23,71,2026-01-27,NATIONAL,전국,7219,240.63
500,9903,23,71,2026-01-27,NORMAL_YEAR,평년,6445,214.83
500,9903,23,71,2026-01-28,AVERAGE,평균,7201,240.03
500,9903,23,71,2026-01-28,NATIONAL,전국,7201,240.03
500,9903,23,71,2026-01-28,NORMAL_YEAR,평년,6544,218.13
500,9903,23,71,2026-01-29,AVERAGE,평균,6191,206.37
500,9903,23,71,2026-01-29,NATIONAL,전국,6191,206.37
500,9903,23,71,2026-01-29,NORMAL_YEAR,평년,6555,218.50
500,9903,23,71,2026-01-30,AVERAGE,평균,6198,206.60
500,9903,23,71,2026-01-30,NATIONAL,전국,6198,206.60
500,9903,23,71,2026-01-30,NORMAL_YEAR,평년,6411,213.70
500,9903,23,71,2026-01-31,AVERAGE,평균,6198,206.60
500,9903,23,71,2026-01-31,NATIONAL,전국,6198,206.60
500,9903,23,71,2026-01-31,NORMAL_YEAR,평년,6397,213.23
500,9903,23,71,2026-02-01,AVERAGE,평균,6198,206.60
500,9903,23,71,2026-02-01,NATIONAL,전국,6198,206.60
500,9903,23,71,2026-02-01,NORMAL_YEAR,평년,6508,216.93
500,9903,23,71,2026-02-02,AVERAGE,평균,6184,206.13
500,9903,23,71,2026-02-02,NATIONAL,전국,6184,206.13
500,9903,23,71,2026-02-02,NORMAL_YEAR,평년,6499,216.63
500,9903,23,71,2026-02-03,AVERAGE,평균,6175,205.83
500,9903,23,71,2026-02-03,NATIONAL,전국,6175,205.83
500,9903,23,71,2026-02-03,NORMAL_YEAR,평년,6495,216.50
500,9903,23,71,2026-02-04,AVERAGE,평균,6156,205.20
500,9903,23,71,2026-02-04,NATIONAL,전국,6156,205.20
500,9903,23,71,2026-02-04,NORMAL_YEAR,평년,6527,217.57
500,9903,23,71,2026-02-05,AVERAGE,평균,6181,206.03
500,9903,23,71,2026-02-05,NATIONAL,전국,6181,206.03
500,9903,23,71,2026-02-05,NORMAL_YEAR,평년,6573,219.10
500,9903,23,71,2026-02-06,AVERAGE,평균,6031,201.03
500,9903,23,71,2026-02-06,NATIONAL,전국,6031,201.03
500,9903,23,71,2026-02-06,NORMAL_YEAR,평년,6572,219.07
500,9903,23,71,2026-02-07,AVERAGE,평균,6031,201.03
500,9903,23,71,2026-02-07,NATIONAL,전국,6031,201.03
500,9903,23,71,2026-02-07,NORMAL_YEAR,평년,6493,216.43
500,9903,23,71,2026-02-08,AVERAGE,평균,6031,201.03
500,9903,23,71,2026-02-08,NATIONAL,전국,6031,201.03
500,9903,23,71,2026-02-08,NORMAL_YEAR,평년,6496,216.53
500,9903,23,71,2026-02-09,AVERAGE,평균,6043,201.43
500,9903,23,71,2026-02-09,NATIONAL,전국,6043,201.43
500,9903,23,71,2026-02-09,NORMAL_YEAR,평년,6502,216.73
500,9903,23,71,2026-02-10,AVERAGE,평균,6036,201.20
500,9903,23,71,2026-02-10,NATIONAL,전국,6036,201.20
500,9903,23,71,2026-02-10,NORMAL_YEAR,평년,6354,211.80
500,9903,23,71,2026-02-11,AVERAGE,평균,5964,198.80
500,9903,23,71,2026-02-11,NATIONAL,전국,5964,198.80
500,9903,23,71,2026-02-11,NORMAL_YEAR,평년,6340,211.33
500,9903,23,71,2026-02-12,AVERAGE,평균,6921,230.70
500,9903,23,71,2026-02-12,NATIONAL,전국,6921,230.70
500,9903,23,71,2026-02-12,NORMAL_YEAR,평년,6337,211.23
500,9903,23,71,2026-02-13,AVERAGE,평균,6928,230.93
500,9903,23,71,2026-02-13,NATIONAL,전국,6928,230.93
500,9903,23,71,2026-02-13,NORMAL_YEAR,평년,6322,210.73
500,9903,23,71,2026-02-14,AVERAGE,평균,6928,230.93
500,9903,23,71,2026-02-14,NATIONAL,전국,6928,230.93
500,9903,23,71,2026-02-14,NORMAL_YEAR,평년,6440,214.67
500,9903,23,71,2026-02-15,AVERAGE,평균,6928,230.93
500,9903,23,71,2026-02-15,NATIONAL,전국,6928,230.93
500,9903,23,71,2026-02-15,NORMAL_YEAR,평년,6516,217.20
500,9903,23,71,2026-02-16,AVERAGE,평균,6991,233.03
500,9903,23,71,2026-02-16,NATIONAL,전국,6991,233.03
500,9903,23,71,2026-02-16,NORMAL_YEAR,평년,6839,227.97
500,9903,23,71,2026-02-17,AVERAGE,평균,6991,233.03
500,9903,23,71,2026-02-17,NATIONAL,전국,6991,233.03
500,9903,23,71,2026-02-17,NORMAL_YEAR,평년,6867,228.90
500,9903,23,71,2026-02-18,AVERAGE,평균,6991,233.03
500,9903,23,71,2026-02-18,NATIONAL,전국,6991,233.03
500,9903,23,71,2026-02-18,NORMAL_YEAR,평년,6871,229.03
500,9903,23,71,2026-02-19,AVERAGE,평균,6641,221.37
500,9903,23,71,2026-02-19,NATIONAL,전국,6641,221.37
500,9903,23,71,2026-02-19,NORMAL_YEAR,평년,6880,229.33
500,9903,23,71,2026-02-20,AVERAGE,평균,6790,226.33
500,9903,23,71,2026-02-20,NATIONAL,전국,6790,226.33
500,9903,23,71,2026-02-20,NORMAL_YEAR,평년,6569,218.97
500,9903,23,71,2026-02-21,AVERAGE,평균,6840,228.00
500,9903,23,71,2026-02-21,NATIONAL,전국,6840,228.00
500,9903,23,71,2026-02-21,NORMAL_YEAR,평년,6571,219.03
500,9903,23,71,2026-02-22,AVERAGE,평균,6843,228.10
500,9903,23,71,2026-02-22,NATIONAL,전국,6843,228.10
500,9903,23,71,2026-02-22,NORMAL_YEAR,평년,6838,227.93
500,9903,23,71,2026-02-23,AVERAGE,평균,6807,226.90
500,9903,23,71,2026-02-23,NATIONAL,전국,6807,226.90
500,9903,23,71,2026-02-23,NORMAL_YEAR,평년,6816,227.20
500,9903,23,71,2026-02-24,AVERAGE,평균,6807,226.90
500,9903,23,71,2026-02-24,NATIONAL,전국,6807,226.90
500,9903,23,71,2026-02-24,NORMAL_YEAR,평년,6827,227.57
500,9903,23,71,2026-02-25,AVERAGE,평균,6807,226.90
500,9903,23,71,2026-02-25,NATIONAL,전국,6807,226.90
500,9903,23,71,2026-02-25,NORMAL_YEAR,평년,6830,227.67
500,9903,23,71,2026-02-26,AVERAGE,평균,6807,226.90
500,9903,23,71,2026-02-26,NATIONAL,전국,6807,226.90
500,9903,23,71,2026-02-26,NORMAL_YEAR,평년,6845,228.17
500,9903,23,71,2026-02-27,AVERAGE,평균,6828,227.60
500,9903,23,71,2026-02-27,NATIONAL,전국,6828,227.60
500,9903,23,71,2026-02-27,NORMAL_YEAR,평년,6559,218.63
500,9903,23,71,2026-02-28,AVERAGE,평균,6828,227.60
500,9903,23,71,2026-02-28,NATIONAL,전국,6828,227.60
500,9903,23,71,2026-02-28,NORMAL_YEAR,평년,6524,217.47
500,9903,23,71,2026-03-01,AVERAGE,평균,6828,227.60
500,9903,23,71,2026-03-01,NATIONAL,전국,6828,227.60
500,9903,23,71,2026-03-01,NORMAL_YEAR,평년,6521,217.37
500,9903,23,71,2026-03-02,AVERAGE,평균,6846,228.20
500,9903,23,71,2026-03-02,NATIONAL,전국,6846,228.20
500,9903,23,71,2026-03-02,NORMAL_YEAR,평년,6805,226.83
500,9903,23,71,2026-03-03,AVERAGE,평균,6837,227.90
500,9903,23,71,2026-03-03,NATIONAL,전국,6837,227.90
500,9903,23,71,2026-03-03,NORMAL_YEAR,평년,6800,226.67
500,9903,23,71,2026-03-04,AVERAGE,평균,6852,228.40
500,9903,23,71,2026-03-04,NATIONAL,전국,6852,228.40
500,9903,23,71,2026-03-04,NORMAL_YEAR,평년,6784,226.13
500,9903,23,71,2026-03-05,AVERAGE,평균,6896,229.87
500,9903,23,71,2026-03-05,NATIONAL,전국,6896,229.87
500,9903,23,71,2026-03-05,NORMAL_YEAR,평년,6782,226.07
500,9903,23,71,2026-03-06,AVERAGE,평균,6830,227.67
500,9903,23,71,2026-03-06,NATIONAL,전국,6830,227.67
500,9903,23,71,2026-03-06,NORMAL_YEAR,평년,6322,210.73
500,9903,23,71,2026-03-07,AVERAGE,평균,6830,227.67
500,9903,23,71,2026-03-07,NATIONAL,전국,6830,227.67
500,9903,23,71,2026-03-07,NORMAL_YEAR,평년,6189,206.30
500,9903,23,71,2026-03-08,AVERAGE,평균,6830,227.67
500,9903,23,71,2026-03-08,NATIONAL,전국,6830,227.67
500,9903,23,71,2026-03-08,NORMAL_YEAR,평년,6549,218.30
500,9903,23,71,2026-03-09,AVERAGE,평균,6853,228.43
500,9903,23,71,2026-03-09,NATIONAL,전국,6853,228.43
500,9903,23,71,2026-03-09,NORMAL_YEAR,평년,6481,216.03
500,9903,23,71,2026-03-10,AVERAGE,평균,6853,228.43
500,9903,23,71,2026-03-10,NATIONAL,전국,6853,228.43
500,9903,23,71,2026-03-10,NORMAL_YEAR,평년,6490,216.33
500,9903,23,71,2026-03-11,AVERAGE,평균,6713,223.77
500,9903,23,71,2026-03-11,NATIONAL,전국,6713,223.77
500,9903,23,71,2026-03-11,NORMAL_YEAR,평년,6491,216.37
500,9903,23,71,2026-03-12,AVERAGE,평균,6713,223.77
500,9903,23,71,2026-03-12,NATIONAL,전국,6713,223.77
500,9903,23,71,2026-03-12,NORMAL_YEAR,평년,6484,216.13
500,9903,23,71,2026-03-13,AVERAGE,평균,6726,224.20
500,9903,23,71,2026-03-13,NATIONAL,전국,6726,224.20
500,9903,23,71,2026-03-13,NORMAL_YEAR,평년,6271,209.03
500,9903,23,71,2026-03-14,AVERAGE,평균,6738,224.60
500,9903,23,71,2026-03-14,NATIONAL,전국,6738,224.60
500,9903,23,71,2026-03-14,NORMAL_YEAR,평년,6188,206.27
500,9903,23,71,2026-03-15,AVERAGE,평균,6738,224.60
500,9903,23,71,2026-03-15,NATIONAL,전국,6738,224.60
500,9903,23,71,2026-03-15,NORMAL_YEAR,평년,6522,217.40
500,9903,23,71,2026-03-16,AVERAGE,평균,6772,225.73
500,9903,23,71,2026-03-16,NATIONAL,전국,6772,225.73
500,9903,23,71,2026-03-16,NORMAL_YEAR,평년,6512,217.07
500,9903,23,71,2026-03-17,AVERAGE,평균,6772,225.73
500,9903,23,71,2026-03-17,NATIONAL,전국,6772,225.73
500,9903,23,71,2026-03-17,NORMAL_YEAR,평년,6512,217.07
500,9903,23,71,2026-03-18,AVERAGE,평균,6772,225.73
500,9903,23,71,2026-03-18,NATIONAL,전국,6772,225.73
500,9903,23,71,2026-03-18,NORMAL_YEAR,평년,6534,217.80
500,9903,23,71,2026-03-19,AVERAGE,평균,6754,225.13
500,9903,23,71,2026-03-19,NATIONAL,전국,6754,225.13
500,9903,23,71,2026-03-19,NORMAL_YEAR,평년,6531,217.70
500,9903,23,71,2026-03-20,AVERAGE,평균,6853,228.43
500,9903,23,71,2026-03-20,NATIONAL,전국,6853,228.43
500,9903,23,71,2026-03-20,NORMAL_YEAR,평년,6317,210.57
500,9903,23,71,2026-03-21,AVERAGE,평균,6873,229.10
500,9903,23,71,2026-03-21,NATIONAL,전국,6873,229.10
500,9903,23,71,2026-03-21,NORMAL_YEAR,평년,6279,209.30
500,9903,23,71,2026-03-22,AVERAGE,평균,6882,229.40
500,9903,23,71,2026-03-22,NATIONAL,전국,6882,229.40
500,9903,23,71,2026-03-22,NORMAL_YEAR,평년,6622,220.73
500,9903,23,71,2026-03-23,AVERAGE,평균,6901,230.03
500,9903,23,71,2026-03-23,NATIONAL,전국,6901,230.03
500,9903,23,71,2026-03-23,NORMAL_YEAR,평년,6620,220.67
500,9903,23,71,2026-03-24,AVERAGE,평균,6923,230.77
500,9903,23,71,2026-03-24,NATIONAL,전국,6923,230.77
500,9903,23,71,2026-03-24,NORMAL_YEAR,평년,6620,220.67
500,9903,23,71,2026-03-25,AVERAGE,평균,6923,230.77
500,9903,23,71,2026-03-25,NATIONAL,전국,6923,230.77
500,9903,23,71,2026-03-25,NORMAL_YEAR,평년,6638,221.27
500,9903,23,71,2026-03-26,AVERAGE,평균,6942,231.40
500,9903,23,71,2026-03-26,NATIONAL,전국,6942,231.40
500,9903,23,71,2026-03-26,NORMAL_YEAR,평년,6640,221.33
500,9903,23,71,2026-03-27,AVERAGE,평균,6932,231.07
500,9903,23,71,2026-03-27,NATIONAL,전국,6932,231.07
500,9903,23,71,2026-03-27,NORMAL_YEAR,평년,6340,211.33
500,9903,23,71,2026-03-28,AVERAGE,평균,6932,231.07
500,9903,23,71,2026-03-28,NATIONAL,전국,6932,231.07
500,9903,23,71,2026-03-28,NORMAL_YEAR,평년,6414,213.80
500,9903,23,71,2026-03-29,AVERAGE,평균,6932,231.07
500,9903,23,71,2026-03-29,NATIONAL,전국,6932,231.07
500,9903,23,71,2026-03-29,NORMAL_YEAR,평년,6698,223.27
500,9903,23,71,2026-03-30,AVERAGE,평균,6939,231.30
500,9903,23,71,2026-03-30,NATIONAL,전국,6939,231.30
500,9903,23,71,2026-03-30,NORMAL_YEAR,평년,6698,223.27
500,9903,23,71,2026-03-31,AVERAGE,평균,6939,231.30
500,9903,23,71,2026-03-31,NATIONAL,전국,6939,231.30
500,9903,23,71,2026-03-31,NORMAL_YEAR,평년,6716,223.87
500,9903,23,71,2026-04-01,AVERAGE,평균,6939,231.30
500,9903,23,71,2026-04-01,NATIONAL,전국,6939,231.30
500,9903,23,71,2026-04-01,NORMAL_YEAR,평년,6693,223.10
500,9903,23,71,2026-04-02,AVERAGE,평균,6939,231.30
500,9903,23,71,2026-04-02,NATIONAL,전국,6939,231.30
500,9903,23,71,2026-04-02,NORMAL_YEAR,평년,6691,223.03
500,9903,23,71,2026-04-03,AVERAGE,평균,7046,234.87
500,9903,23,71,2026-04-03,NATIONAL,전국,7046,234.87
500,9903,23,71,2026-04-03,NORMAL_YEAR,평년,6468,215.60
500,9903,23,71,2026-04-04,AVERAGE,평균,7046,234.87
500,9903,23,71,2026-04-04,NATIONAL,전국,7046,234.87
500,9903,23,71,2026-04-04,NORMAL_YEAR,평년,6386,212.87
500,9903,23,71,2026-04-05,AVERAGE,평균,7049,234.97
500,9903,23,71,2026-04-05,NATIONAL,전국,7049,234.97
500,9903,23,71,2026-04-05,NORMAL_YEAR,평년,6682,222.73
500,9903,23,71,2026-04-06,AVERAGE,평균,7051,235.03
500,9903,23,71,2026-04-06,NATIONAL,전국,7051,235.03
500,9903,23,71,2026-04-06,NORMAL_YEAR,평년,6697,223.23
500,9903,23,71,2026-04-07,AVERAGE,평균,7051,235.03
500,9903,23,71,2026-04-07,NATIONAL,전국,7051,235.03
500,9903,23,71,2026-04-07,NORMAL_YEAR,평년,6880,229.33
500,9903,23,71,2026-04-08,AVERAGE,평균,7020,234.00
500,9903,23,71,2026-04-08,NATIONAL,전국,7020,234.00
500,9903,23,71,2026-04-08,NORMAL_YEAR,평년,6870,229.00
500,9903,23,71,2026-04-09,AVERAGE,평균,7016,233.87
500,9903,23,71,2026-04-09,NATIONAL,전국,7016,233.87
500,9903,23,71,2026-04-09,NORMAL_YEAR,평년,6883,229.43
500,9903,23,71,2026-04-10,AVERAGE,평균,6964,232.13
500,9903,23,71,2026-04-10,NATIONAL,전국,6964,232.13
500,9903,23,71,2026-04-10,NORMAL_YEAR,평년,6661,222.03
500,9903,23,71,2026-04-11,AVERAGE,평균,6964,232.13
500,9903,23,71,2026-04-11,NATIONAL,전국,6964,232.13
500,9903,23,71,2026-04-11,NORMAL_YEAR,평년,6496,216.53
500,9903,23,71,2026-04-12,AVERAGE,평균,6964,232.13
500,9903,23,71,2026-04-12,NATIONAL,전국,6964,232.13
500,9903,23,71,2026-04-12,NORMAL_YEAR,평년,6825,227.50
500,9903,23,71,2026-04-13,AVERAGE,평균,6964,232.13
500,9903,23,71,2026-04-13,NATIONAL,전국,6964,232.13
500,9903,23,71,2026-04-13,NORMAL_YEAR,평년,6828,227.60
500,9903,23,71,2026-04-14,AVERAGE,평균,6964,232.13
500,9903,23,71,2026-04-14,NATIONAL,전국,6964,232.13
500,9903,23,71,2026-04-14,NORMAL_YEAR,평년,6826,227.53
500,9903,23,71,2026-04-15,AVERAGE,평균,6913,230.43
500,9903,23,71,2026-04-15,NATIONAL,전국,6913,230.43
500,9903,23,71,2026-04-15,NORMAL_YEAR,평년,6866,228.87
500,9903,23,71,2026-04-16,AVERAGE,평균,6913,230.43
500,9903,23,71,2026-04-16,NATIONAL,전국,6913,230.43
500,9903,23,71,2026-04-16,NORMAL_YEAR,평년,6870,229.00
500,9903,23,71,2026-04-17,AVERAGE,평균,6871,229.03
500,9903,23,71,2026-04-17,NATIONAL,전국,6871,229.03
500,9903,23,71,2026-04-17,NORMAL_YEAR,평년,6671,222.37
500,9903,23,71,2026-04-18,AVERAGE,평균,6871,229.03
500,9903,23,71,2026-04-18,NATIONAL,전국,6871,229.03
500,9903,23,71,2026-04-18,NORMAL_YEAR,평년,6632,221.07
500,9903,23,71,2026-04-19,AVERAGE,평균,6871,229.03
500,9903,23,71,2026-04-19,NATIONAL,전국,6871,229.03
500,9903,23,71,2026-04-19,NORMAL_YEAR,평년,6868,228.93
500,9903,23,71,2026-04-20,AVERAGE,평균,6932,231.07
500,9903,23,71,2026-04-20,NATIONAL,전국,6932,231.07
500,9903,23,71,2026-04-20,NORMAL_YEAR,평년,6880,229.33
500,9903,23,71,2026-04-21,AVERAGE,평균,6932,231.07
500,9903,23,71,2026-04-21,NATIONAL,전국,6932,231.07
500,9903,23,71,2026-04-21,NORMAL_YEAR,평년,6913,230.43
500,9903,23,71,2026-04-22,AVERAGE,평균,6932,231.07
500,9903,23,71,2026-04-22,NATIONAL,전국,6932,231.07
500,9903,23,71,2026-04-22,NORMAL_YEAR,평년,6820,227.33
500,9903,23,71,2026-04-23,AVERAGE,평균,6931,231.03
500,9903,23,71,2026-04-23,NATIONAL,전국,6931,231.03
500,9903,23,71,2026-04-23,NORMAL_YEAR,평년,6730,224.33
500,9903,23,71,2026-04-24,AVERAGE,평균,6993,233.10
500,9903,23,71,2026-04-24,NATIONAL,전국,6993,233.10
500,9903,23,71,2026-04-24,NORMAL_YEAR,평년,6600,220.00
500,9903,23,71,2026-04-25,AVERAGE,평균,7006,233.53
500,9903,23,71,2026-04-25,NATIONAL,전국,7006,233.53
500,9903,23,71,2026-04-25,NORMAL_YEAR,평년,6573,219.10
500,9903,23,71,2026-04-26,AVERAGE,평균,7006,233.53
500,9903,23,71,2026-04-26,NATIONAL,전국,7006,233.53
500,9903,23,71,2026-04-26,NORMAL_YEAR,평년,6858,228.60
500,9903,23,71,2026-04-27,AVERAGE,평균,7015,233.83
500,9903,23,71,2026-04-27,NATIONAL,전국,7015,233.83
500,9903,23,71,2026-04-27,NORMAL_YEAR,평년,6909,230.30
500,9903,23,71,2026-04-28,AVERAGE,평균,6954,231.80
500,9903,23,71,2026-04-28,NATIONAL,전국,6954,231.80
500,9903,23,71,2026-04-28,NORMAL_YEAR,평년,6917,230.57
500,9903,23,71,2026-04-29,AVERAGE,평균,6954,231.80
500,9903,23,71,2026-04-29,NATIONAL,전국,6954,231.80
500,9903,23,71,2026-04-29,NORMAL_YEAR,평년,6889,229.63
500,9903,23,71,2026-04-30,AVERAGE,평균,6969,232.30
500,9903,23,71,2026-04-30,NATIONAL,전국,6969,232.30
500,9903,23,71,2026-04-30,NORMAL_YEAR,평년,6889,229.63
500,9903,23,71,2026-05-01,AVERAGE,평균,7207,240.23
500,9903,23,71,2026-05-01,NATIONAL,전국,7207,240.23
500,9903,23,71,2026-05-02,AVERAGE,평균,7233,241.10
500,9903,23,71,2026-05-02,NATIONAL,전국,7233,241.10
500,9903,23,71,2026-05-03,AVERAGE,평균,7176,239.20
500,9903,23,71,2026-05-03,NATIONAL,전국,7176,239.20
500,9903,23,71,2026-05-04,AVERAGE,평균,7273,242.43
500,9903,23,71,2026-05-04,NATIONAL,전국,7273,242.43
500,9903,23,71,2026-05-05,AVERAGE,평균,7273,242.43
500,9903,23,71,2026-05-05,NATIONAL,전국,7273,242.43
500,9903,23,71,2026-05-06,AVERAGE,평균,7256,241.87
500,9903,23,71,2026-05-06,NATIONAL,전국,7256,241.87
500,9903,23,71,2026-05-07,AVERAGE,평균,7226,240.87
500,9903,23,71,2026-05-07,NATIONAL,전국,7226,240.87
500,9903,23,71,2026-05-08,AVERAGE,평균,7311,243.70
500,9903,23,71,2026-05-08,NATIONAL,전국,7311,243.70
500,9903,23,71,2026-05-09,AVERAGE,평균,7320,244.00
500,9903,23,71,2026-05-09,NATIONAL,전국,7320,244.00
500,9903,23,71,2026-05-10,AVERAGE,평균,7380,246.00
500,9903,23,71,2026-05-10,NATIONAL,전국,7380,246.00
500,9903,23,71,2026-05-11,AVERAGE,평균,7402,246.73
500,9903,23,71,2026-05-11,NATIONAL,전국,7402,246.73
500,9903,23,71,2026-05-12,AVERAGE,평균,7402,246.73
500,9903,23,71,2026-05-12,NATIONAL,전국,7402,246.73
500,9903,23,71,2026-05-13,AVERAGE,평균,7316,243.87
500,9903,23,71,2026-05-13,NATIONAL,전국,7316,243.87
500,9903,23,71,2026-05-14,AVERAGE,평균,7348,244.93
500,9903,23,71,2026-05-14,NATIONAL,전국,7348,244.93
500,9903,23,71,2026-05-15,AVERAGE,평균,7377,245.90
500,9903,23,71,2026-05-15,NATIONAL,전국,7377,245.90
500,9903,23,71,2026-05-16,AVERAGE,평균,7439,247.97
500,9903,23,71,2026-05-16,NATIONAL,전국,7439,247.97
500,9903,23,71,2026-05-17,AVERAGE,평균,7478,249.27
500,9903,23,71,2026-05-17,NATIONAL,전국,7478,249.27
500,9903,23,71,2026-05-18,AVERAGE,평균,7477,249.23
500,9903,23,71,2026-05-18,NATIONAL,전국,7477,249.23
500,9903,23,71,2026-05-19,AVERAGE,평균,7477,249.23
500,9903,23,71,2026-05-19,NATIONAL,전국,7477,249.23
500,9903,23,71,2026-05-20,AVERAGE,평균,7477,249.23
500,9903,23,71,2026-05-20,NATIONAL,전국,7477,249.23
500,9903,23,71,2026-05-21,AVERAGE,평균,7499,249.97
500,9903,23,71,2026-05-21,NATIONAL,전국,7499,249.97
500,9903,23,71,2026-05-22,AVERAGE,평균,7558,251.93
500,9903,23,71,2026-05-22,NATIONAL,전국,7558,251.93
500,9903,23,71,2026-05-23,AVERAGE,평균,7565,252.17
500,9903,23,71,2026-05-23,NATIONAL,전국,7565,252.17
500,9903,23,71,2026-05-24,AVERAGE,평균,7593,253.10
500,9903,23,71,2026-05-24,NATIONAL,전국,7593,253.10
500,9903,23,71,2026-05-25,AVERAGE,평균,7611,253.70
500,9903,23,71,2026-05-25,NATIONAL,전국,7611,253.70
500,9903,23,71,2026-05-26,AVERAGE,평균,7611,253.70
500,9903,23,71,2026-05-26,NATIONAL,전국,7611,253.70
500,9903,23,71,2026-05-27,AVERAGE,평균,7547,251.57
500,9903,23,71,2026-05-27,NATIONAL,전국,7547,251.57
500,9903,23,71,2026-05-28,AVERAGE,평균,7548,251.60
500,9903,23,71,2026-05-28,NATIONAL,전국,7548,251.60
500,9903,23,71,2026-05-29,AVERAGE,평균,7375,245.83
500,9903,23,71,2026-05-29,NATIONAL,전국,7375,245.83
500,9903,23,71,2026-05-30,AVERAGE,평균,7378,245.93
500,9903,23,71,2026-05-30,NATIONAL,전국,7378,245.93
500,9903,23,71,2026-05-31,AVERAGE,평균,7388,246.27
500,9903,23,71,2026-05-31,NATIONAL,전국,7388,246.27
500,9903,23,71,2026-06-01,AVERAGE,평균,7412,247.07
500,9903,23,71,2026-06-01,NATIONAL,전국,7412,247.07
500,9903,23,71,2026-06-02,AVERAGE,평균,7472,249.07
500,9903,23,71,2026-06-02,NATIONAL,전국,7472,249.07
500,9903,23,71,2026-06-03,AVERAGE,평균,7472,249.07
500,9903,23,71,2026-06-03,NATIONAL,전국,7472,249.07
500,9903,23,71,2026-06-04,AVERAGE,평균,7440,248.00
500,9903,23,71,2026-06-04,NATIONAL,전국,7440,248.00
500,9903,23,71,2026-06-05,AVERAGE,평균,7264,242.13
500,9903,23,71,2026-06-05,NATIONAL,전국,7264,242.13
500,9903,23,71,2026-06-06,AVERAGE,평균,7413,247.10
500,9903,23,71,2026-06-06,NATIONAL,전국,7413,247.10
500,9903,23,71,2026-06-07,AVERAGE,평균,7588,252.93
500,9903,23,71,2026-06-07,NATIONAL,전국,7588,252.93
500,9903,23,71,2026-06-08,AVERAGE,평균,7590,253.00
500,9903,23,71,2026-06-08,NATIONAL,전국,7590,253.00
500,9903,23,71,2026-06-09,AVERAGE,평균,7590,253.00
500,9903,23,71,2026-06-09,NATIONAL,전국,7590,253.00
500,9903,23,71,2026-06-10,AVERAGE,평균,7584,252.80
500,9903,23,71,2026-06-10,NATIONAL,전국,7584,252.80
500,9903,23,71,2026-06-11,AVERAGE,평균,7555,251.83
500,9903,23,71,2026-06-11,NATIONAL,전국,7555,251.83
500,9903,23,71,2026-06-12,AVERAGE,평균,7563,252.10
500,9903,23,71,2026-06-12,NATIONAL,전국,7563,252.10
500,9903,23,71,2026-06-13,AVERAGE,평균,7586,252.87
500,9903,23,71,2026-06-13,NATIONAL,전국,7586,252.87
500,9903,23,71,2026-06-14,AVERAGE,평균,7630,254.33
500,9903,23,71,2026-06-14,NATIONAL,전국,7630,254.33
500,9903,23,71,2026-06-15,AVERAGE,평균,7441,248.03
500,9903,23,71,2026-06-15,NATIONAL,전국,7441,248.03
500,9903,23,71,2026-06-16,AVERAGE,평균,7383,246.10
500,9903,23,71,2026-06-16,NATIONAL,전국,7383,246.10
500,9903,23,71,2026-06-17,AVERAGE,평균,7383,246.10
500,9903,23,71,2026-06-17,NATIONAL,전국,7383,246.10
500,9903,23,71,2026-06-18,AVERAGE,평균,7200,240.00
500,9903,23,71,2026-06-18,NATIONAL,전국,7200,240.00
500,9903,23,71,2026-06-19,AVERAGE,평균,7270,242.33
500,9903,23,71,2026-06-19,NATIONAL,전국,7270,242.33
500,9903,23,71,2026-06-20,AVERAGE,평균,7477,249.23
500,9903,23,71,2026-06-20,NATIONAL,전국,7477,249.23
500,9903,23,71,2026-06-21,AVERAGE,평균,7494,249.80
500,9903,23,71,2026-06-21,NATIONAL,전국,7494,249.80
500,9903,23,71,2026-06-22,AVERAGE,평균,7495,249.83
500,9903,23,71,2026-06-22,NATIONAL,전국,7495,249.83
500,9903,23,71,2026-06-23,AVERAGE,평균,7495,249.83
500,9903,23,71,2026-06-23,NATIONAL,전국,7495,249.83
500,9903,23,71,2026-06-24,AVERAGE,평균,7479,249.30
500,9903,23,71,2026-06-24,NATIONAL,전국,7479,249.30
500,9903,23,71,2026-06-25,AVERAGE,평균,7485,249.50
500,9903,23,71,2026-06-25,NATIONAL,전국,7485,249.50
500,9903,23,71,2026-06-26,AVERAGE,평균,7556,251.87
500,9903,23,71,2026-06-26,NATIONAL,전국,7556,251.87
500,9903,23,71,2026-06-27,AVERAGE,평균,7660,255.33
500,9903,23,71,2026-06-27,NATIONAL,전국,7660,255.33
500,9903,23,71,2026-06-28,AVERAGE,평균,7703,256.77
500,9903,23,71,2026-06-28,NATIONAL,전국,7703,256.77
500,9903,23,71,2026-06-29,AVERAGE,평균,7618,253.93
500,9903,23,71,2026-06-29,NATIONAL,전국,7618,253.93
500,9903,23,71,2026-06-30,AVERAGE,평균,7583,252.77
500,9903,23,71,2026-06-30,NATIONAL,전국,7583,252.77
500,9903,23,71,2026-07-01,AVERAGE,평균,7583,252.77
500,9903,23,71,2026-07-01,NATIONAL,전국,7583,252.77
500,9903,23,71,2026-07-02,AVERAGE,평균,7497,249.90
500,9903,23,71,2026-07-02,NATIONAL,전국,7497,249.90
500,9903,23,71,2026-07-03,AVERAGE,평균,7536,251.20
500,9903,23,71,2026-07-03,NATIONAL,전국,7536,251.20
500,9903,23,71,2026-07-04,AVERAGE,평균,7536,251.20
500,9903,23,71,2026-07-04,NATIONAL,전국,7536,251.20
500,9903,23,71,2026-07-05,AVERAGE,평균,7536,251.20
500,9903,23,71,2026-07-05,NATIONAL,전국,7536,251.20
500,9903,23,71,2026-07-06,AVERAGE,평균,7560,252.00
500,9903,23,71,2026-07-06,NATIONAL,전국,7560,252.00
500,9903,23,71,2026-07-07,AVERAGE,평균,7561,252.03
500,9903,23,71,2026-07-07,NATIONAL,전국,7561,252.03
500,9903,23,71,2026-07-08,AVERAGE,평균,7549,251.63
500,9903,23,71,2026-07-08,NATIONAL,전국,7549,251.63
500,9903,23,71,2026-07-09,AVERAGE,평균,7379,245.97
500,9903,23,71,2026-07-09,NATIONAL,전국,7379,245.97
500,9903,23,71,2026-07-10,AVERAGE,평균,7633,254.43
500,9903,23,71,2026-07-10,NATIONAL,전국,7633,254.43
500,9903,23,71,2026-07-11,AVERAGE,평균,7633,254.43
500,9903,23,71,2026-07-11,NATIONAL,전국,7633,254.43
500,9903,23,71,2026-07-12,AVERAGE,평균,7630,254.33
500,9903,23,71,2026-07-12,NATIONAL,전국,7630,254.33
500,9903,23,71,2026-07-13,AVERAGE,평균,7449,248.30
500,9903,23,71,2026-07-13,NATIONAL,전국,7449,248.30
500,9903,23,71,2026-07-14,AVERAGE,평균,7373,245.77
500,9903,23,71,2026-07-14,NATIONAL,전국,7373,245.77
500,9903,23,71,2026-07-15,AVERAGE,평균,7373,245.77
500,9903,23,71,2026-07-15,NATIONAL,전국,7373,245.77
500,9903,23,71,2026-07-16,AVERAGE,평균,7345,244.83
500,9903,23,71,2026-07-16,NATIONAL,전국,7345,244.83
500,9903,23,71,2026-07-17,AVERAGE,평균,7345,244.83
500,9903,23,71,2026-07-17,NATIONAL,전국,7345,244.83
500,9903,23,71,2026-07-18,AVERAGE,평균,7345,244.83
500,9903,23,71,2026-07-18,NATIONAL,전국,7345,244.83
500,9903,23,71,2026-07-19,AVERAGE,평균,7345,244.83
500,9903,23,71,2026-07-19,NATIONAL,전국,7345,244.83
500,9903,23,71,2026-07-20,AVERAGE,평균,7345,244.83
500,9903,23,71,2026-07-20,NATIONAL,전국,7345,244.83
500,9903,23,71,2026-07-21,AVERAGE,평균,7339,244.63
500,9903,23,71,2026-07-21,NATIONAL,전국,7339,244.63
500,9903,23,71,2026-07-22,AVERAGE,평균,7339,244.63
500,9903,23,71,2026-07-22,NATIONAL,전국,7339,244.63
500,9903,23,71,2026-07-23,AVERAGE,평균,7309,243.63
500,9903,23,71,2026-07-23,NATIONAL,전국,7309,243.63
500,9903,23,71,2026-07-24,AVERAGE,평균,7347,244.90
500,9903,23,71,2026-07-24,NATIONAL,전국,7347,244.90
500,9903,23,71,2026-07-25,AVERAGE,평균,7347,244.90
500,9903,23,71,2026-07-25,NATIONAL,전국,7347,244.90
500,9903,23,71,2026-07-26,AVERAGE,평균,7347,244.90
500,9903,23,71,2026-07-26,NATIONAL,전국,7347,244.90
500,9903,23,71,2026-07-27,AVERAGE,평균,7347,244.90
500,9903,23,71,2026-07-27,NATIONAL,전국,7347,244.90
500,9903,23,71,2026-07-28,AVERAGE,평균,7354,245.13
500,9903,23,71,2026-07-28,NATIONAL,전국,7354,245.13
500,9903,23,71,2026-07-29,AVERAGE,평균,7367,245.57
500,9903,23,71,2026-07-29,NATIONAL,전국,7367,245.57
500,9903,23,71,2026-07-30,AVERAGE,평균,7299,243.30
500,9903,23,71,2026-07-30,NATIONAL,전국,7299,243.30
500,9903,23,71,2026-07-31,AVERAGE,평균,7360,245.33
500,9903,23,71,2026-07-31,NATIONAL,전국,7360,245.33
500,9908,01,00,2025-05-01,NORMAL_YEAR,평년,2978,2978.00
500,9908,01,00,2025-05-02,NORMAL_YEAR,평년,2995,2995.00
500,9908,01,00,2025-05-03,NORMAL_YEAR,평년,2998,2998.00
500,9908,01,00,2025-05-04,NORMAL_YEAR,평년,3000,3000.00
500,9908,01,00,2025-05-05,NORMAL_YEAR,평년,3001,3001.00
500,9908,01,00,2025-05-06,NORMAL_YEAR,평년,3000,3000.00
500,9908,01,00,2025-05-07,NORMAL_YEAR,평년,2998,2998.00
500,9908,01,00,2025-05-08,NORMAL_YEAR,평년,2999,2999.00
500,9908,01,00,2025-05-09,NORMAL_YEAR,평년,2991,2991.00
500,9908,01,00,2025-05-10,NORMAL_YEAR,평년,2996,2996.00
500,9908,01,00,2025-05-11,NORMAL_YEAR,평년,2996,2996.00
500,9908,01,00,2025-05-12,NORMAL_YEAR,평년,2937,2937.00
500,9908,01,00,2025-05-13,NORMAL_YEAR,평년,2936,2936.00
500,9908,01,00,2025-05-14,NORMAL_YEAR,평년,2936,2936.00
500,9908,01,00,2025-05-15,NORMAL_YEAR,평년,2935,2935.00
500,9908,01,00,2025-05-16,NORMAL_YEAR,평년,2936,2936.00
500,9908,01,00,2025-05-17,NORMAL_YEAR,평년,2936,2936.00
500,9908,01,00,2025-05-18,NORMAL_YEAR,평년,2937,2937.00
500,9908,01,00,2025-05-19,NORMAL_YEAR,평년,2940,2940.00
500,9908,01,00,2025-05-20,NORMAL_YEAR,평년,2940,2940.00
500,9908,01,00,2025-05-21,NORMAL_YEAR,평년,2940,2940.00
500,9908,01,00,2025-05-22,NORMAL_YEAR,평년,2940,2940.00
500,9908,01,00,2025-05-23,NORMAL_YEAR,평년,2931,2931.00
500,9908,01,00,2025-05-24,NORMAL_YEAR,평년,2926,2926.00
500,9908,01,00,2025-05-25,NORMAL_YEAR,평년,2927,2927.00
500,9908,01,00,2025-05-26,NORMAL_YEAR,평년,2929,2929.00
500,9908,01,00,2025-05-27,NORMAL_YEAR,평년,2930,2930.00
500,9908,01,00,2025-05-28,NORMAL_YEAR,평년,2929,2929.00
500,9908,01,00,2025-05-29,NORMAL_YEAR,평년,2928,2928.00
500,9908,01,00,2025-05-30,NORMAL_YEAR,평년,2925,2925.00
500,9908,01,00,2025-05-31,NORMAL_YEAR,평년,2921,2921.00
500,9908,01,00,2025-06-01,NORMAL_YEAR,평년,2921,2921.00
500,9908,01,00,2025-06-02,NORMAL_YEAR,평년,2919,2919.00
500,9908,01,00,2025-06-03,NORMAL_YEAR,평년,2920,2920.00
500,9908,01,00,2025-06-04,NORMAL_YEAR,평년,2920,2920.00
500,9908,01,00,2025-06-05,NORMAL_YEAR,평년,2920,2920.00
500,9908,01,00,2025-06-06,NORMAL_YEAR,평년,2920,2920.00
500,9908,01,00,2025-06-07,NORMAL_YEAR,평년,2920,2920.00
500,9908,01,00,2025-06-08,NORMAL_YEAR,평년,2922,2922.00
500,9908,01,00,2025-06-09,NORMAL_YEAR,평년,2916,2916.00
500,9908,01,00,2025-06-10,NORMAL_YEAR,평년,2919,2919.00
500,9908,01,00,2025-06-11,NORMAL_YEAR,평년,2920,2920.00
500,9908,01,00,2025-06-12,NORMAL_YEAR,평년,2920,2920.00
500,9908,01,00,2025-06-13,NORMAL_YEAR,평년,2917,2917.00
500,9908,01,00,2025-06-14,NORMAL_YEAR,평년,2920,2920.00
500,9908,01,00,2025-06-15,NORMAL_YEAR,평년,2914,2914.00
500,9908,01,00,2025-06-16,NORMAL_YEAR,평년,2917,2917.00
500,9908,01,00,2025-06-17,NORMAL_YEAR,평년,2918,2918.00
500,9908,01,00,2025-06-18,NORMAL_YEAR,평년,2916,2916.00
500,9908,01,00,2025-06-19,NORMAL_YEAR,평년,2916,2916.00
500,9908,01,00,2025-06-20,NORMAL_YEAR,평년,2918,2918.00
500,9908,01,00,2025-06-21,NORMAL_YEAR,평년,2912,2912.00
500,9908,01,00,2025-06-22,NORMAL_YEAR,평년,2910,2910.00
500,9908,01,00,2025-06-23,NORMAL_YEAR,평년,2913,2913.00
500,9908,01,00,2025-06-24,NORMAL_YEAR,평년,2912,2912.00
500,9908,01,00,2025-06-25,NORMAL_YEAR,평년,2911,2911.00
500,9908,01,00,2025-06-26,NORMAL_YEAR,평년,2912,2912.00
500,9908,01,00,2025-06-27,NORMAL_YEAR,평년,2915,2915.00
500,9908,01,00,2025-06-28,NORMAL_YEAR,평년,2914,2914.00
500,9908,01,00,2025-06-29,NORMAL_YEAR,평년,2902,2902.00
500,9908,01,00,2025-06-30,NORMAL_YEAR,평년,2907,2907.00
500,9908,01,00,2025-07-01,NORMAL_YEAR,평년,2922,2922.00
500,9908,01,00,2025-07-02,NORMAL_YEAR,평년,2922,2922.00
500,9908,01,00,2025-07-03,NORMAL_YEAR,평년,2925,2925.00
500,9908,01,00,2025-07-04,NORMAL_YEAR,평년,2908,2908.00
500,9908,01,00,2025-07-05,NORMAL_YEAR,평년,2906,2906.00
500,9908,01,00,2025-07-06,NORMAL_YEAR,평년,2906,2906.00
500,9908,01,00,2025-07-07,NORMAL_YEAR,평년,2905,2905.00
500,9908,01,00,2025-07-08,NORMAL_YEAR,평년,2904,2904.00
500,9908,01,00,2025-07-09,NORMAL_YEAR,평년,2906,2906.00
500,9908,01,00,2025-07-10,NORMAL_YEAR,평년,2902,2902.00
500,9908,01,00,2025-07-11,NORMAL_YEAR,평년,2918,2918.00
500,9908,01,00,2025-07-12,NORMAL_YEAR,평년,2917,2917.00
500,9908,01,00,2025-07-13,NORMAL_YEAR,평년,2915,2915.00
500,9908,01,00,2025-07-14,NORMAL_YEAR,평년,2916,2916.00
500,9908,01,00,2025-07-15,NORMAL_YEAR,평년,2916,2916.00
500,9908,01,00,2025-07-16,NORMAL_YEAR,평년,2916,2916.00
500,9908,01,00,2025-07-17,NORMAL_YEAR,평년,2892,2892.00
500,9908,01,00,2025-07-18,NORMAL_YEAR,평년,2893,2893.00
500,9908,01,00,2025-07-19,NORMAL_YEAR,평년,2894,2894.00
500,9908,01,00,2025-07-20,NORMAL_YEAR,평년,2888,2888.00
500,9908,01,00,2025-07-21,NORMAL_YEAR,평년,2888,2888.00
500,9908,01,00,2025-07-22,NORMAL_YEAR,평년,2889,2889.00
500,9908,01,00,2025-07-23,NORMAL_YEAR,평년,2889,2889.00
500,9908,01,00,2025-07-24,NORMAL_YEAR,평년,2897,2897.00
500,9908,01,00,2025-07-25,NORMAL_YEAR,평년,2895,2895.00
500,9908,01,00,2025-07-26,NORMAL_YEAR,평년,2922,2922.00
500,9908,01,00,2025-07-27,NORMAL_YEAR,평년,2923,2923.00
500,9908,01,00,2025-07-28,NORMAL_YEAR,평년,2922,2922.00
500,9908,01,00,2025-07-29,NORMAL_YEAR,평년,2918,2918.00
500,9908,01,00,2025-07-30,NORMAL_YEAR,평년,2916,2916.00
500,9908,01,00,2025-07-31,AVERAGE,평균,2900,2900.00
500,9908,01,00,2025-07-31,NATIONAL,전국,2900,2900.00
500,9908,01,00,2025-07-31,NORMAL_YEAR,평년,2917,2917.00
500,9908,01,00,2025-08-01,AVERAGE,평균,2899,2899.00
500,9908,01,00,2025-08-01,NATIONAL,전국,2899,2899.00
500,9908,01,00,2025-08-01,NORMAL_YEAR,평년,2922,2922.00
500,9908,01,00,2025-08-02,AVERAGE,평균,2875,2875.00
500,9908,01,00,2025-08-02,NATIONAL,전국,2875,2875.00
500,9908,01,00,2025-08-02,NORMAL_YEAR,평년,2922,2922.00
500,9908,01,00,2025-08-03,AVERAGE,평균,2901,2901.00
500,9908,01,00,2025-08-03,NATIONAL,전국,2901,2901.00
500,9908,01,00,2025-08-03,NORMAL_YEAR,평년,2922,2922.00
500,9908,01,00,2025-08-04,AVERAGE,평균,2900,2900.00
500,9908,01,00,2025-08-04,NATIONAL,전국,2900,2900.00
500,9908,01,00,2025-08-04,NORMAL_YEAR,평년,2922,2922.00
500,9908,01,00,2025-08-05,AVERAGE,평균,2900,2900.00
500,9908,01,00,2025-08-05,NATIONAL,전국,2900,2900.00
500,9908,01,00,2025-08-05,NORMAL_YEAR,평년,2923,2923.00
500,9908,01,00,2025-08-06,AVERAGE,평균,2900,2900.00
500,9908,01,00,2025-08-06,NATIONAL,전국,2900,2900.00
500,9908,01,00,2025-08-06,NORMAL_YEAR,평년,2922,2922.00
500,9908,01,00,2025-08-07,AVERAGE,평균,2900,2900.00
500,9908,01,00,2025-08-07,NATIONAL,전국,2900,2900.00
500,9908,01,00,2025-08-07,NORMAL_YEAR,평년,2921,2921.00
500,9908,01,00,2025-08-08,AVERAGE,평균,2900,2900.00
500,9908,01,00,2025-08-08,NATIONAL,전국,2900,2900.00
500,9908,01,00,2025-08-08,NORMAL_YEAR,평년,2922,2922.00
500,9908,01,00,2025-08-09,AVERAGE,평균,2902,2902.00
500,9908,01,00,2025-08-09,NATIONAL,전국,2902,2902.00
500,9908,01,00,2025-08-09,NORMAL_YEAR,평년,2923,2923.00
500,9908,01,00,2025-08-10,AVERAGE,평균,2903,2903.00
500,9908,01,00,2025-08-10,NATIONAL,전국,2903,2903.00
500,9908,01,00,2025-08-10,NORMAL_YEAR,평년,2923,2923.00
500,9908,01,00,2025-08-11,AVERAGE,평균,2904,2904.00
500,9908,01,00,2025-08-11,NATIONAL,전국,2904,2904.00
500,9908,01,00,2025-08-11,NORMAL_YEAR,평년,2922,2922.00
500,9908,01,00,2025-08-12,AVERAGE,평균,2904,2904.00
500,9908,01,00,2025-08-12,NATIONAL,전국,2904,2904.00
500,9908,01,00,2025-08-12,NORMAL_YEAR,평년,2904,2904.00
500,9908,01,00,2025-08-13,AVERAGE,평균,2903,2903.00
500,9908,01,00,2025-08-13,NATIONAL,전국,2903,2903.00
500,9908,01,00,2025-08-13,NORMAL_YEAR,평년,2904,2904.00
500,9908,01,00,2025-08-14,AVERAGE,평균,2902,2902.00
500,9908,01,00,2025-08-14,NATIONAL,전국,2902,2902.00
500,9908,01,00,2025-08-14,NORMAL_YEAR,평년,2904,2904.00
500,9908,01,00,2025-08-15,AVERAGE,평균,2902,2902.00
500,9908,01,00,2025-08-15,NATIONAL,전국,2902,2902.00
500,9908,01,00,2025-08-15,NORMAL_YEAR,평년,2904,2904.00
500,9908,01,00,2025-08-16,AVERAGE,평균,2903,2903.00
500,9908,01,00,2025-08-16,NATIONAL,전국,2903,2903.00
500,9908,01,00,2025-08-16,NORMAL_YEAR,평년,2905,2905.00
500,9908,01,00,2025-08-17,AVERAGE,평균,2902,2902.00
500,9908,01,00,2025-08-17,NATIONAL,전국,2902,2902.00
500,9908,01,00,2025-08-17,NORMAL_YEAR,평년,2903,2903.00
500,9908,01,00,2025-08-18,AVERAGE,평균,2902,2902.00
500,9908,01,00,2025-08-18,NATIONAL,전국,2902,2902.00
500,9908,01,00,2025-08-18,NORMAL_YEAR,평년,2904,2904.00
500,9908,01,00,2025-08-19,AVERAGE,평균,2901,2901.00
500,9908,01,00,2025-08-19,NATIONAL,전국,2901,2901.00
500,9908,01,00,2025-08-19,NORMAL_YEAR,평년,2917,2917.00
500,9908,01,00,2025-08-20,AVERAGE,평균,2900,2900.00
500,9908,01,00,2025-08-20,NATIONAL,전국,2900,2900.00
500,9908,01,00,2025-08-20,NORMAL_YEAR,평년,2917,2917.00
500,9908,01,00,2025-08-21,AVERAGE,평균,2900,2900.00
500,9908,01,00,2025-08-21,NATIONAL,전국,2900,2900.00
500,9908,01,00,2025-08-21,NORMAL_YEAR,평년,2917,2917.00
500,9908,01,00,2025-08-22,AVERAGE,평균,2902,2902.00
500,9908,01,00,2025-08-22,NATIONAL,전국,2902,2902.00
500,9908,01,00,2025-08-22,NORMAL_YEAR,평년,2906,2906.00
500,9908,01,00,2025-08-23,AVERAGE,평균,2902,2902.00
500,9908,01,00,2025-08-23,NATIONAL,전국,2902,2902.00
500,9908,01,00,2025-08-23,NORMAL_YEAR,평년,2906,2906.00
500,9908,01,00,2025-08-24,AVERAGE,평균,2903,2903.00
500,9908,01,00,2025-08-24,NATIONAL,전국,2903,2903.00
500,9908,01,00,2025-08-24,NORMAL_YEAR,평년,2906,2906.00
500,9908,01,00,2025-08-25,AVERAGE,평균,2903,2903.00
500,9908,01,00,2025-08-25,NATIONAL,전국,2903,2903.00
500,9908,01,00,2025-08-25,NORMAL_YEAR,평년,2903,2903.00
500,9908,01,00,2025-08-26,AVERAGE,평균,2902,2902.00
500,9908,01,00,2025-08-26,NATIONAL,전국,2902,2902.00
500,9908,01,00,2025-08-26,NORMAL_YEAR,평년,2903,2903.00
500,9908,01,00,2025-08-27,AVERAGE,평균,2902,2902.00
500,9908,01,00,2025-08-27,NATIONAL,전국,2902,2902.00
500,9908,01,00,2025-08-27,NORMAL_YEAR,평년,2903,2903.00
500,9908,01,00,2025-08-28,AVERAGE,평균,2902,2902.00
500,9908,01,00,2025-08-28,NATIONAL,전국,2902,2902.00
500,9908,01,00,2025-08-28,NORMAL_YEAR,평년,2903,2903.00
500,9908,01,00,2025-08-29,AVERAGE,평균,2902,2902.00
500,9908,01,00,2025-08-29,NATIONAL,전국,2902,2902.00
500,9908,01,00,2025-08-29,NORMAL_YEAR,평년,2896,2896.00
500,9908,01,00,2025-08-30,AVERAGE,평균,2904,2904.00
500,9908,01,00,2025-08-30,NATIONAL,전국,2904,2904.00
500,9908,01,00,2025-08-30,NORMAL_YEAR,평년,2896,2896.00
500,9908,01,00,2025-08-31,AVERAGE,평균,2904,2904.00
500,9908,01,00,2025-08-31,NATIONAL,전국,2904,2904.00
500,9908,01,00,2025-08-31,NORMAL_YEAR,평년,2897,2897.00
500,9908,01,00,2025-09-01,AVERAGE,평균,2903,2903.00
500,9908,01,00,2025-09-01,NATIONAL,전국,2903,2903.00
500,9908,01,00,2025-09-01,NORMAL_YEAR,평년,2897,2897.00
500,9908,01,00,2025-09-02,AVERAGE,평균,2904,2904.00
500,9908,01,00,2025-09-02,NATIONAL,전국,2904,2904.00
500,9908,01,00,2025-09-02,NORMAL_YEAR,평년,2897,2897.00
500,9908,01,00,2025-09-03,AVERAGE,평균,2902,2902.00
500,9908,01,00,2025-09-03,NATIONAL,전국,2902,2902.00
500,9908,01,00,2025-09-03,NORMAL_YEAR,평년,2897,2897.00
500,9908,01,00,2025-09-04,AVERAGE,평균,2902,2902.00
500,9908,01,00,2025-09-04,NATIONAL,전국,2902,2902.00
500,9908,01,00,2025-09-04,NORMAL_YEAR,평년,2897,2897.00
500,9908,01,00,2025-09-05,AVERAGE,평균,2904,2904.00
500,9908,01,00,2025-09-05,NATIONAL,전국,2904,2904.00
500,9908,01,00,2025-09-05,NORMAL_YEAR,평년,2898,2898.00
500,9908,01,00,2025-09-06,AVERAGE,평균,2907,2907.00
500,9908,01,00,2025-09-06,NATIONAL,전국,2907,2907.00
500,9908,01,00,2025-09-06,NORMAL_YEAR,평년,2898,2898.00
500,9908,01,00,2025-09-07,AVERAGE,평균,2908,2908.00
500,9908,01,00,2025-09-07,NATIONAL,전국,2908,2908.00
500,9908,01,00,2025-09-07,NORMAL_YEAR,평년,2897,2897.00
500,9908,01,00,2025-09-08,AVERAGE,평균,2907,2907.00
500,9908,01,00,2025-09-08,NATIONAL,전국,2907,2907.00
500,9908,01,00,2025-09-08,NORMAL_YEAR,평년,2901,2901.00
500,9908,01,00,2025-09-09,AVERAGE,평균,2906,2906.00
500,9908,01,00,2025-09-09,NATIONAL,전국,2906,2906.00
500,9908,01,00,2025-09-09,NORMAL_YEAR,평년,2900,2900.00
500,9908,01,00,2025-09-10,AVERAGE,평균,2906,2906.00
500,9908,01,00,2025-09-10,NATIONAL,전국,2906,2906.00
500,9908,01,00,2025-09-10,NORMAL_YEAR,평년,2899,2899.00
500,9908,01,00,2025-09-11,AVERAGE,평균,2906,2906.00
500,9908,01,00,2025-09-11,NATIONAL,전국,2906,2906.00
500,9908,01,00,2025-09-11,NORMAL_YEAR,평년,2900,2900.00
500,9908,01,00,2025-09-12,AVERAGE,평균,2905,2905.00
500,9908,01,00,2025-09-12,NATIONAL,전국,2905,2905.00
500,9908,01,00,2025-09-12,NORMAL_YEAR,평년,2899,2899.00
500,9908,01,00,2025-09-13,AVERAGE,평균,2903,2903.00
500,9908,01,00,2025-09-13,NATIONAL,전국,2903,2903.00
500,9908,01,00,2025-09-13,NORMAL_YEAR,평년,2901,2901.00
500,9908,01,00,2025-09-14,AVERAGE,평균,2903,2903.00
500,9908,01,00,2025-09-14,NATIONAL,전국,2903,2903.00
500,9908,01,00,2025-09-14,NORMAL_YEAR,평년,2900,2900.00
500,9908,01,00,2025-09-15,AVERAGE,평균,2903,2903.00
500,9908,01,00,2025-09-15,NATIONAL,전국,2903,2903.00
500,9908,01,00,2025-09-15,NORMAL_YEAR,평년,2900,2900.00
500,9908,01,00,2025-09-16,AVERAGE,평균,2903,2903.00
500,9908,01,00,2025-09-16,NATIONAL,전국,2903,2903.00
500,9908,01,00,2025-09-16,NORMAL_YEAR,평년,2907,2907.00
500,9908,01,00,2025-09-17,AVERAGE,평균,2903,2903.00
500,9908,01,00,2025-09-17,NATIONAL,전국,2903,2903.00
500,9908,01,00,2025-09-17,NORMAL_YEAR,평년,2907,2907.00
500,9908,01,00,2025-09-18,AVERAGE,평균,2904,2904.00
500,9908,01,00,2025-09-18,NATIONAL,전국,2904,2904.00
500,9908,01,00,2025-09-18,NORMAL_YEAR,평년,2907,2907.00
500,9908,01,00,2025-09-19,AVERAGE,평균,2907,2907.00
500,9908,01,00,2025-09-19,NATIONAL,전국,2907,2907.00
500,9908,01,00,2025-09-19,NORMAL_YEAR,평년,2908,2908.00
500,9908,01,00,2025-09-20,AVERAGE,평균,2907,2907.00
500,9908,01,00,2025-09-20,NATIONAL,전국,2907,2907.00
500,9908,01,00,2025-09-20,NORMAL_YEAR,평년,2908,2908.00
500,9908,01,00,2025-09-21,AVERAGE,평균,2908,2908.00
500,9908,01,00,2025-09-21,NATIONAL,전국,2908,2908.00
500,9908,01,00,2025-09-21,NORMAL_YEAR,평년,2902,2902.00
500,9908,01,00,2025-09-22,AVERAGE,평균,2906,2906.00
500,9908,01,00,2025-09-22,NATIONAL,전국,2906,2906.00
500,9908,01,00,2025-09-22,NORMAL_YEAR,평년,2908,2908.00
500,9908,01,00,2025-09-23,AVERAGE,평균,2909,2909.00
500,9908,01,00,2025-09-23,NATIONAL,전국,2909,2909.00
500,9908,01,00,2025-09-23,NORMAL_YEAR,평년,2922,2922.00
500,9908,01,00,2025-09-24,AVERAGE,평균,2909,2909.00
500,9908,01,00,2025-09-24,NATIONAL,전국,2909,2909.00
500,9908,01,00,2025-09-24,NORMAL_YEAR,평년,2922,2922.00
500,9908,01,00,2025-09-25,AVERAGE,평균,2908,2908.00
500,9908,01,00,2025-09-25,NATIONAL,전국,2908,2908.00
500,9908,01,00,2025-09-25,NORMAL_YEAR,평년,2921,2921.00
500,9908,01,00,2025-09-26,AVERAGE,평균,2909,2909.00
500,9908,01,00,2025-09-26,NATIONAL,전국,2909,2909.00
500,9908,01,00,2025-09-26,NORMAL_YEAR,평년,2920,2920.00
500,9908,01,00,2025-09-27,AVERAGE,평균,2904,2904.00
500,9908,01,00,2025-09-27,NATIONAL,전국,2904,2904.00
500,9908,01,00,2025-09-27,NORMAL_YEAR,평년,2921,2921.00
500,9908,01,00,2025-09-28,AVERAGE,평균,2903,2903.00
500,9908,01,00,2025-09-28,NATIONAL,전국,2903,2903.00
500,9908,01,00,2025-09-28,NORMAL_YEAR,평년,2921,2921.00
500,9908,01,00,2025-09-29,AVERAGE,평균,2903,2903.00
500,9908,01,00,2025-09-29,NATIONAL,전국,2903,2903.00
500,9908,01,00,2025-09-29,NORMAL_YEAR,평년,2921,2921.00
500,9908,01,00,2025-09-30,AVERAGE,평균,2903,2903.00
500,9908,01,00,2025-09-30,NATIONAL,전국,2903,2903.00
500,9908,01,00,2025-09-30,NORMAL_YEAR,평년,2909,2909.00
500,9908,01,00,2025-10-01,AVERAGE,평균,2903,2903.00
500,9908,01,00,2025-10-01,NATIONAL,전국,2903,2903.00
500,9908,01,00,2025-10-01,NORMAL_YEAR,평년,2909,2909.00
500,9908,01,00,2025-10-02,AVERAGE,평균,2904,2904.00
500,9908,01,00,2025-10-02,NATIONAL,전국,2904,2904.00
500,9908,01,00,2025-10-02,NORMAL_YEAR,평년,2909,2909.00
500,9908,01,00,2025-10-03,AVERAGE,평균,2904,2904.00
500,9908,01,00,2025-10-03,NATIONAL,전국,2904,2904.00
500,9908,01,00,2025-10-03,NORMAL_YEAR,평년,2908,2908.00
500,9908,01,00,2025-10-04,AVERAGE,평균,2904,2904.00
500,9908,01,00,2025-10-04,NATIONAL,전국,2904,2904.00
500,9908,01,00,2025-10-04,NORMAL_YEAR,평년,2909,2909.00
500,9908,01,00,2025-10-05,AVERAGE,평균,2906,2906.00
500,9908,01,00,2025-10-05,NATIONAL,전국,2906,2906.00
500,9908,01,00,2025-10-05,NORMAL_YEAR,평년,2899,2899.00
500,9908,01,00,2025-10-06,AVERAGE,평균,2906,2906.00
500,9908,01,00,2025-10-06,NATIONAL,전국,2906,2906.00
500,9908,01,00,2025-10-06,NORMAL_YEAR,평년,2910,2910.00
500,9908,01,00,2025-10-07,AVERAGE,평균,2906,2906.00
500,9908,01,00,2025-10-07,NATIONAL,전국,2906,2906.00
500,9908,01,00,2025-10-07,NORMAL_YEAR,평년,2915,2915.00
500,9908,01,00,2025-10-08,AVERAGE,평균,2906,2906.00
500,9908,01,00,2025-10-08,NATIONAL,전국,2906,2906.00
500,9908,01,00,2025-10-08,NORMAL_YEAR,평년,2916,2916.00
500,9908,01,00,2025-10-09,AVERAGE,평균,2905,2905.00
500,9908,01,00,2025-10-09,NATIONAL,전국,2905,2905.00
500,9908,01,00,2025-10-09,NORMAL_YEAR,평년,2916,2916.00
500,9908,01,00,2025-10-10,AVERAGE,평균,2905,2905.00
500,9908,01,00,2025-10-10,NATIONAL,전국,2905,2905.00
500,9908,01,00,2025-10-10,NORMAL_YEAR,평년,2916,2916.00
500,9908,01,00,2025-10-11,AVERAGE,평균,2906,2906.00
500,9908,01,00,2025-10-11,NATIONAL,전국,2906,2906.00
500,9908,01,00,2025-10-11,NORMAL_YEAR,평년,2916,2916.00
500,9908,01,00,2025-10-12,AVERAGE,평균,2903,2903.00
500,9908,01,00,2025-10-12,NATIONAL,전국,2903,2903.00
500,9908,01,00,2025-10-12,NORMAL_YEAR,평년,2915,2915.00
500,9908,01,00,2025-10-13,AVERAGE,평균,2904,2904.00
500,9908,01,00,2025-10-13,NATIONAL,전국,2904,2904.00
500,9908,01,00,2025-10-13,NORMAL_YEAR,평년,2925,2925.00
500,9908,01,00,2025-10-14,AVERAGE,평균,2904,2904.00
500,9908,01,00,2025-10-14,NATIONAL,전국,2904,2904.00
500,9908,01,00,2025-10-14,NORMAL_YEAR,평년,2934,2934.00
500,9908,01,00,2025-10-15,AVERAGE,평균,2904,2904.00
500,9908,01,00,2025-10-15,NATIONAL,전국,2904,2904.00
500,9908,01,00,2025-10-15,NORMAL_YEAR,평년,2934,2934.00
500,9908,01,00,2025-10-16,AVERAGE,평균,2900,2900.00
500,9908,01,00,2025-10-16,NATIONAL,전국,2900,2900.00
500,9908,01,00,2025-10-16,NORMAL_YEAR,평년,2935,2935.00
500,9908,01,00,2025-10-17,AVERAGE,평균,2900,2900.00
500,9908,01,00,2025-10-17,NATIONAL,전국,2900,2900.00
500,9908,01,00,2025-10-17,NORMAL_YEAR,평년,2936,2936.00
500,9908,01,00,2025-10-18,AVERAGE,평균,2900,2900.00
500,9908,01,00,2025-10-18,NATIONAL,전국,2900,2900.00
500,9908,01,00,2025-10-18,NORMAL_YEAR,평년,2937,2937.00
500,9908,01,00,2025-10-19,AVERAGE,평균,2900,2900.00
500,9908,01,00,2025-10-19,NATIONAL,전국,2900,2900.00
500,9908,01,00,2025-10-19,NORMAL_YEAR,평년,2938,2938.00
500,9908,01,00,2025-10-20,AVERAGE,평균,2899,2899.00
500,9908,01,00,2025-10-20,NATIONAL,전국,2899,2899.00
500,9908,01,00,2025-10-20,NORMAL_YEAR,평년,2940,2940.00
500,9908,01,00,2025-10-21,AVERAGE,평균,2900,2900.00
500,9908,01,00,2025-10-21,NATIONAL,전국,2900,2900.00
500,9908,01,00,2025-10-21,NORMAL_YEAR,평년,2940,2940.00
500,9908,01,00,2025-10-22,AVERAGE,평균,2900,2900.00
500,9908,01,00,2025-10-22,NATIONAL,전국,2900,2900.00
500,9908,01,00,2025-10-22,NORMAL_YEAR,평년,2943,2943.00
500,9908,01,00,2025-10-23,AVERAGE,평균,2900,2900.00
500,9908,01,00,2025-10-23,NATIONAL,전국,2900,2900.00
500,9908,01,00,2025-10-23,NORMAL_YEAR,평년,2943,2943.00
500,9908,01,00,2025-10-24,AVERAGE,평균,2904,2904.00
500,9908,01,00,2025-10-24,NATIONAL,전국,2904,2904.00
500,9908,01,00,2025-10-24,NORMAL_YEAR,평년,2940,2940.00
500,9908,01,00,2025-10-25,AVERAGE,평균,2904,2904.00
500,9908,01,00,2025-10-25,NATIONAL,전국,2904,2904.00
500,9908,01,00,2025-10-25,NORMAL_YEAR,평년,2943,2943.00
500,9908,01,00,2025-10-26,AVERAGE,평균,2907,2907.00
500,9908,01,00,2025-10-26,NATIONAL,전국,2907,2907.00
500,9908,01,00,2025-10-26,NORMAL_YEAR,평년,2944,2944.00
500,9908,01,00,2025-10-27,AVERAGE,평균,2907,2907.00
500,9908,01,00,2025-10-27,NATIONAL,전국,2907,2907.00
500,9908,01,00,2025-10-27,NORMAL_YEAR,평년,2943,2943.00
500,9908,01,00,2025-10-28,AVERAGE,평균,2907,2907.00
500,9908,01,00,2025-10-28,NATIONAL,전국,2907,2907.00
500,9908,01,00,2025-10-28,NORMAL_YEAR,평년,2939,2939.00
500,9908,01,00,2025-10-29,AVERAGE,평균,2907,2907.00
500,9908,01,00,2025-10-29,NATIONAL,전국,2907,2907.00
500,9908,01,00,2025-10-29,NORMAL_YEAR,평년,2937,2937.00
500,9908,01,00,2025-10-30,AVERAGE,평균,2906,2906.00
500,9908,01,00,2025-10-30,NATIONAL,전국,2906,2906.00
500,9908,01,00,2025-10-30,NORMAL_YEAR,평년,2937,2937.00
500,9908,01,00,2025-10-31,AVERAGE,평균,2902,2902.00
500,9908,01,00,2025-10-31,NATIONAL,전국,2902,2902.00
500,9908,01,00,2025-10-31,NORMAL_YEAR,평년,2940,2940.00
500,9908,01,00,2025-11-01,AVERAGE,평균,2900,2900.00
500,9908,01,00,2025-11-01,NATIONAL,전국,2900,2900.00
500,9908,01,00,2025-11-01,NORMAL_YEAR,평년,2940,2940.00
500,9908,01,00,2025-11-02,AVERAGE,평균,2900,2900.00
500,9908,01,00,2025-11-02,NATIONAL,전국,2900,2900.00
500,9908,01,00,2025-11-02,NORMAL_YEAR,평년,2940,2940.00
500,9908,01,00,2025-11-03,AVERAGE,평균,2899,2899.00
500,9908,01,00,2025-11-03,NATIONAL,전국,2899,2899.00
500,9908,01,00,2025-11-03,NORMAL_YEAR,평년,2941,2941.00
500,9908,01,00,2025-11-04,AVERAGE,평균,2899,2899.00
500,9908,01,00,2025-11-04,NATIONAL,전국,2899,2899.00
500,9908,01,00,2025-11-04,NORMAL_YEAR,평년,2942,2942.00
500,9908,01,00,2025-11-05,AVERAGE,평균,2897,2897.00
500,9908,01,00,2025-11-05,NATIONAL,전국,2897,2897.00
500,9908,01,00,2025-11-05,NORMAL_YEAR,평년,2943,2943.00
500,9908,01,00,2025-11-06,AVERAGE,평균,2899,2899.00
500,9908,01,00,2025-11-06,NATIONAL,전국,2899,2899.00
500,9908,01,00,2025-11-06,NORMAL_YEAR,평년,2943,2943.00
500,9908,01,00,2025-11-07,AVERAGE,평균,2903,2903.00
500,9908,01,00,2025-11-07,NATIONAL,전국,2903,2903.00
500,9908,01,00,2025-11-07,NORMAL_YEAR,평년,2942,2942.00
500,9908,01,00,2025-11-08,AVERAGE,평균,2904,2904.00
500,9908,01,00,2025-11-08,NATIONAL,전국,2904,2904.00
500,9908,01,00,2025-11-08,NORMAL_YEAR,평년,2942,2942.00
500,9908,01,00,2025-11-09,AVERAGE,평균,2905,2905.00
500,9908,01,00,2025-11-09,NATIONAL,전국,2905,2905.00
500,9908,01,00,2025-11-09,NORMAL_YEAR,평년,2941,2941.00
500,9908,01,00,2025-11-10,AVERAGE,평균,2905,2905.00
500,9908,01,00,2025-11-10,NATIONAL,전국,2905,2905.00
500,9908,01,00,2025-11-10,NORMAL_YEAR,평년,2930,2930.00
500,9908,01,00,2025-11-11,AVERAGE,평균,2904,2904.00
500,9908,01,00,2025-11-11,NATIONAL,전국,2904,2904.00
500,9908,01,00,2025-11-11,NORMAL_YEAR,평년,2930,2930.00
500,9908,01,00,2025-11-12,AVERAGE,평균,2905,2905.00
500,9908,01,00,2025-11-12,NATIONAL,전국,2905,2905.00
500,9908,01,00,2025-11-12,NORMAL_YEAR,평년,2930,2930.00
500,9908,01,00,2025-11-13,AVERAGE,평균,2904,2904.00
500,9908,01,00,2025-11-13,NATIONAL,전국,2904,2904.00
500,9908,01,00,2025-11-13,NORMAL_YEAR,평년,2930,2930.00
500,9908,01,00,2025-11-14,AVERAGE,평균,2902,2902.00
500,9908,01,00,2025-11-14,NATIONAL,전국,2902,2902.00
500,9908,01,00,2025-11-14,NORMAL_YEAR,평년,2932,2932.00
500,9908,01,00,2025-11-15,AVERAGE,평균,2904,2904.00
500,9908,01,00,2025-11-15,NATIONAL,전국,2904,2904.00
500,9908,01,00,2025-11-15,NORMAL_YEAR,평년,2937,2937.00
500,9908,01,00,2025-11-16,AVERAGE,평균,2905,2905.00
500,9908,01,00,2025-11-16,NATIONAL,전국,2905,2905.00
500,9908,01,00,2025-11-16,NORMAL_YEAR,평년,2939,2939.00
500,9908,01,00,2025-11-17,AVERAGE,평균,2904,2904.00
500,9908,01,00,2025-11-17,NATIONAL,전국,2904,2904.00
500,9908,01,00,2025-11-17,NORMAL_YEAR,평년,2939,2939.00
500,9908,01,00,2025-11-18,AVERAGE,평균,2900,2900.00
500,9908,01,00,2025-11-18,NATIONAL,전국,2900,2900.00
500,9908,01,00,2025-11-18,NORMAL_YEAR,평년,2946,2946.00
500,9908,01,00,2025-11-19,AVERAGE,평균,2900,2900.00
500,9908,01,00,2025-11-19,NATIONAL,전국,2900,2900.00
500,9908,01,00,2025-11-19,NORMAL_YEAR,평년,2945,2945.00
500,9908,01,00,2025-11-20,AVERAGE,평균,2899,2899.00
500,9908,01,00,2025-11-20,NATIONAL,전국,2899,2899.00
500,9908,01,00,2025-11-20,NORMAL_YEAR,평년,2945,2945.00
500,9908,01,00,2025-11-21,AVERAGE,평균,2900,2900.00
500,9908,01,00,2025-11-21,NATIONAL,전국,2900,2900.00
500,9908,01,00,2025-11-21,NORMAL_YEAR,평년,2945,2945.00
500,9908,01,00,2025-11-22,AVERAGE,평균,2899,2899.00
500,9908,01,00,2025-11-22,NATIONAL,전국,2899,2899.00
500,9908,01,00,2025-11-22,NORMAL_YEAR,평년,2939,2939.00
500,9908,01,00,2025-11-23,AVERAGE,평균,2899,2899.00
500,9908,01,00,2025-11-23,NATIONAL,전국,2899,2899.00
500,9908,01,00,2025-11-23,NORMAL_YEAR,평년,2938,2938.00
500,9908,01,00,2025-11-24,AVERAGE,평균,2898,2898.00
500,9908,01,00,2025-11-24,NATIONAL,전국,2898,2898.00
500,9908,01,00,2025-11-24,NORMAL_YEAR,평년,2948,2948.00
500,9908,01,00,2025-11-25,AVERAGE,평균,2897,2897.00
500,9908,01,00,2025-11-25,NATIONAL,전국,2897,2897.00
500,9908,01,00,2025-11-25,NORMAL_YEAR,평년,2948,2948.00
500,9908,01,00,2025-11-26,AVERAGE,평균,2898,2898.00
500,9908,01,00,2025-11-26,NATIONAL,전국,2898,2898.00
500,9908,01,00,2025-11-26,NORMAL_YEAR,평년,2948,2948.00
500,9908,01,00,2025-11-27,AVERAGE,평균,2899,2899.00
500,9908,01,00,2025-11-27,NATIONAL,전국,2899,2899.00
500,9908,01,00,2025-11-27,NORMAL_YEAR,평년,2949,2949.00
500,9908,01,00,2025-11-28,AVERAGE,평균,2900,2900.00
500,9908,01,00,2025-11-28,NATIONAL,전국,2900,2900.00
500,9908,01,00,2025-11-28,NORMAL_YEAR,평년,2948,2948.00
500,9908,01,00,2025-11-29,AVERAGE,평균,2900,2900.00
500,9908,01,00,2025-11-29,NATIONAL,전국,2900,2900.00
500,9908,01,00,2025-11-29,NORMAL_YEAR,평년,2956,2956.00
500,9908,01,00,2025-11-30,AVERAGE,평균,2900,2900.00
500,9908,01,00,2025-11-30,NATIONAL,전국,2900,2900.00
500,9908,01,00,2025-11-30,NORMAL_YEAR,평년,2957,2957.00
500,9908,01,00,2025-12-01,AVERAGE,평균,2900,2900.00
500,9908,01,00,2025-12-01,NATIONAL,전국,2900,2900.00
500,9908,01,00,2025-12-01,NORMAL_YEAR,평년,2958,2958.00
500,9908,01,00,2025-12-02,AVERAGE,평균,2899,2899.00
500,9908,01,00,2025-12-02,NATIONAL,전국,2899,2899.00
500,9908,01,00,2025-12-02,NORMAL_YEAR,평년,2963,2963.00
500,9908,01,00,2025-12-03,AVERAGE,평균,2899,2899.00
500,9908,01,00,2025-12-03,NATIONAL,전국,2899,2899.00
500,9908,01,00,2025-12-03,NORMAL_YEAR,평년,2964,2964.00
500,9908,01,00,2025-12-04,AVERAGE,평균,2899,2899.00
500,9908,01,00,2025-12-04,NATIONAL,전국,2899,2899.00
500,9908,01,00,2025-12-04,NORMAL_YEAR,평년,2964,2964.00
500,9908,01,00,2025-12-05,AVERAGE,평균,2897,2897.00
500,9908,01,00,2025-12-05,NATIONAL,전국,2897,2897.00
500,9908,01,00,2025-12-05,NORMAL_YEAR,평년,2965,2965.00
500,9908,01,00,2025-12-06,AVERAGE,평균,2902,2902.00
500,9908,01,00,2025-12-06,NATIONAL,전국,2902,2902.00
500,9908,01,00,2025-12-06,NORMAL_YEAR,평년,2958,2958.00
500,9908,01,00,2025-12-07,AVERAGE,평균,2902,2902.00
500,9908,01,00,2025-12-07,NATIONAL,전국,2902,2902.00
500,9908,01,00,2025-12-07,NORMAL_YEAR,평년,2959,2959.00
500,9908,01,00,2025-12-08,AVERAGE,평균,2904,2904.00
500,9908,01,00,2025-12-08,NATIONAL,전국,2904,2904.00
500,9908,01,00,2025-12-08,NORMAL_YEAR,평년,2958,2958.00
500,9908,01,00,2025-12-09,AVERAGE,평균,2904,2904.00
500,9908,01,00,2025-12-09,NATIONAL,전국,2904,2904.00
500,9908,01,00,2025-12-09,NORMAL_YEAR,평년,2955,2955.00
500,9908,01,00,2025-12-10,AVERAGE,평균,2904,2904.00
500,9908,01,00,2025-12-10,NATIONAL,전국,2904,2904.00
500,9908,01,00,2025-12-10,NORMAL_YEAR,평년,2954,2954.00
500,9908,01,00,2025-12-11,AVERAGE,평균,2844,2844.00
500,9908,01,00,2025-12-11,NATIONAL,전국,2844,2844.00
500,9908,01,00,2025-12-11,NORMAL_YEAR,평년,2965,2965.00
500,9908,01,00,2025-12-12,AVERAGE,평균,2843,2843.00
500,9908,01,00,2025-12-12,NATIONAL,전국,2843,2843.00
500,9908,01,00,2025-12-12,NORMAL_YEAR,평년,2964,2964.00
500,9908,01,00,2025-12-13,AVERAGE,평균,2843,2843.00
500,9908,01,00,2025-12-13,NATIONAL,전국,2843,2843.00
500,9908,01,00,2025-12-13,NORMAL_YEAR,평년,2976,2976.00
500,9908,01,00,2025-12-14,AVERAGE,평균,2844,2844.00
500,9908,01,00,2025-12-14,NATIONAL,전국,2844,2844.00
500,9908,01,00,2025-12-14,NORMAL_YEAR,평년,2977,2977.00
500,9908,01,00,2025-12-15,AVERAGE,평균,2842,2842.00
500,9908,01,00,2025-12-15,NATIONAL,전국,2842,2842.00
500,9908,01,00,2025-12-15,NORMAL_YEAR,평년,2978,2978.00
500,9908,01,00,2025-12-16,AVERAGE,평균,2842,2842.00
500,9908,01,00,2025-12-16,NATIONAL,전국,2842,2842.00
500,9908,01,00,2025-12-16,NORMAL_YEAR,평년,2980,2980.00
500,9908,01,00,2025-12-17,AVERAGE,평균,2842,2842.00
500,9908,01,00,2025-12-17,NATIONAL,전국,2842,2842.00
500,9908,01,00,2025-12-17,NORMAL_YEAR,평년,2979,2979.00
500,9908,01,00,2025-12-18,AVERAGE,평균,2900,2900.00
500,9908,01,00,2025-12-18,NATIONAL,전국,2900,2900.00
500,9908,01,00,2025-12-18,NORMAL_YEAR,평년,2977,2977.00
500,9908,01,00,2025-12-19,AVERAGE,평균,2900,2900.00
500,9908,01,00,2025-12-19,NATIONAL,전국,2900,2900.00
500,9908,01,00,2025-12-19,NORMAL_YEAR,평년,2979,2979.00
500,9908,01,00,2025-12-20,AVERAGE,평균,2902,2902.00
500,9908,01,00,2025-12-20,NATIONAL,전국,2902,2902.00
500,9908,01,00,2025-12-20,NORMAL_YEAR,평년,2981,2981.00
500,9908,01,00,2025-12-21,AVERAGE,평균,2904,2904.00
500,9908,01,00,2025-12-21,NATIONAL,전국,2904,2904.00
500,9908,01,00,2025-12-21,NORMAL_YEAR,평년,2981,2981.00
500,9908,01,00,2025-12-22,AVERAGE,평균,2904,2904.00
500,9908,01,00,2025-12-22,NATIONAL,전국,2904,2904.00
500,9908,01,00,2025-12-22,NORMAL_YEAR,평년,2981,2981.00
500,9908,01,00,2025-12-23,AVERAGE,평균,2904,2904.00
500,9908,01,00,2025-12-23,NATIONAL,전국,2904,2904.00
500,9908,01,00,2025-12-23,NORMAL_YEAR,평년,2983,2983.00
500,9908,01,00,2025-12-24,AVERAGE,평균,2903,2903.00
500,9908,01,00,2025-12-24,NATIONAL,전국,2903,2903.00
500,9908,01,00,2025-12-24,NORMAL_YEAR,평년,2982,2982.00
500,9908,01,00,2025-12-25,AVERAGE,평균,2902,2902.00
500,9908,01,00,2025-12-25,NATIONAL,전국,2902,2902.00
500,9908,01,00,2025-12-25,NORMAL_YEAR,평년,2982,2982.00
500,9908,01,00,2025-12-26,AVERAGE,평균,2904,2904.00
500,9908,01,00,2025-12-26,NATIONAL,전국,2904,2904.00
500,9908,01,00,2025-12-26,NORMAL_YEAR,평년,2981,2981.00
500,9908,01,00,2025-12-27,AVERAGE,평균,2904,2904.00
500,9908,01,00,2025-12-27,NATIONAL,전국,2904,2904.00
500,9908,01,00,2025-12-27,NORMAL_YEAR,평년,2974,2974.00
500,9908,01,00,2025-12-28,AVERAGE,평균,2905,2905.00
500,9908,01,00,2025-12-28,NATIONAL,전국,2905,2905.00
500,9908,01,00,2025-12-28,NORMAL_YEAR,평년,2977,2977.00
500,9908,01,00,2025-12-29,AVERAGE,평균,2908,2908.00
500,9908,01,00,2025-12-29,NATIONAL,전국,2908,2908.00
500,9908,01,00,2025-12-29,NORMAL_YEAR,평년,2977,2977.00
500,9908,01,00,2025-12-30,AVERAGE,평균,2908,2908.00
500,9908,01,00,2025-12-30,NATIONAL,전국,2908,2908.00
500,9908,01,00,2025-12-30,NORMAL_YEAR,평년,2971,2971.00
500,9908,01,00,2025-12-31,AVERAGE,평균,2909,2909.00
500,9908,01,00,2025-12-31,NATIONAL,전국,2909,2909.00
500,9908,01,00,2025-12-31,NORMAL_YEAR,평년,2971,2971.00
500,9908,01,00,2026-01-01,AVERAGE,평균,2909,2909.00
500,9908,01,00,2026-01-01,NATIONAL,전국,2909,2909.00
500,9908,01,00,2026-01-01,NORMAL_YEAR,평년,2972,2972.00
500,9908,01,00,2026-01-02,AVERAGE,평균,2911,2911.00
500,9908,01,00,2026-01-02,NATIONAL,전국,2911,2911.00
500,9908,01,00,2026-01-02,NORMAL_YEAR,평년,2784,2784.00
500,9908,01,00,2026-01-03,AVERAGE,평균,2913,2913.00
500,9908,01,00,2026-01-03,NATIONAL,전국,2913,2913.00
500,9908,01,00,2026-01-03,NORMAL_YEAR,평년,2792,2792.00
500,9908,01,00,2026-01-04,AVERAGE,평균,2913,2913.00
500,9908,01,00,2026-01-04,NATIONAL,전국,2913,2913.00
500,9908,01,00,2026-01-04,NORMAL_YEAR,평년,2793,2793.00
500,9908,01,00,2026-01-05,AVERAGE,평균,2915,2915.00
500,9908,01,00,2026-01-05,NATIONAL,전국,2915,2915.00
500,9908,01,00,2026-01-05,NORMAL_YEAR,평년,2794,2794.00
500,9908,01,00,2026-01-06,AVERAGE,평균,2914,2914.00
500,9908,01,00,2026-01-06,NATIONAL,전국,2914,2914.00
500,9908,01,00,2026-01-06,NORMAL_YEAR,평년,2782,2782.00
500,9908,01,00,2026-01-07,AVERAGE,평균,2914,2914.00
500,9908,01,00,2026-01-07,NATIONAL,전국,2914,2914.00
500,9908,01,00,2026-01-07,NORMAL_YEAR,평년,2775,2775.00
500,9908,01,00,2026-01-08,AVERAGE,평균,2909,2909.00
500,9908,01,00,2026-01-08,NATIONAL,전국,2909,2909.00
500,9908,01,00,2026-01-08,NORMAL_YEAR,평년,2775,2775.00
500,9908,01,00,2026-01-09,AVERAGE,평균,2902,2902.00
500,9908,01,00,2026-01-09,NATIONAL,전국,2902,2902.00
500,9908,01,00,2026-01-09,NORMAL_YEAR,평년,2776,2776.00
500,9908,01,00,2026-01-10,AVERAGE,평균,2900,2900.00
500,9908,01,00,2026-01-10,NATIONAL,전국,2900,2900.00
500,9908,01,00,2026-01-10,NORMAL_YEAR,평년,2775,2775.00
500,9908,01,00,2026-01-11,AVERAGE,평균,2900,2900.00
500,9908,01,00,2026-01-11,NATIONAL,전국,2900,2900.00
500,9908,01,00,2026-01-11,NORMAL_YEAR,평년,2777,2777.00
500,9908,01,00,2026-01-12,AVERAGE,평균,2897,2897.00
500,9908,01,00,2026-01-12,NATIONAL,전국,2897,2897.00
500,9908,01,00,2026-01-12,NORMAL_YEAR,평년,2776,2776.00
500,9908,01,00,2026-01-13,AVERAGE,평균,2896,2896.00
500,9908,01,00,2026-01-13,NATIONAL,전국,2896,2896.00
500,9908,01,00,2026-01-13,NORMAL_YEAR,평년,2774,2774.00
500,9908,01,00,2026-01-14,AVERAGE,평균,2897,2897.00
500,9908,01,00,2026-01-14,NATIONAL,전국,2897,2897.00
500,9908,01,00,2026-01-14,NORMAL_YEAR,평년,2793,2793.00
500,9908,01,00,2026-01-15,AVERAGE,평균,2897,2897.00
500,9908,01,00,2026-01-15,NATIONAL,전국,2897,2897.00
500,9908,01,00,2026-01-15,NORMAL_YEAR,평년,2792,2792.00
500,9908,01,00,2026-01-16,AVERAGE,평균,2900,2900.00
500,9908,01,00,2026-01-16,NATIONAL,전국,2900,2900.00
500,9908,01,00,2026-01-16,NORMAL_YEAR,평년,2793,2793.00
500,9908,01,00,2026-01-17,AVERAGE,평균,2905,2905.00
500,9908,01,00,2026-01-17,NATIONAL,전국,2905,2905.00
500,9908,01,00,2026-01-17,NORMAL_YEAR,평년,2801,2801.00
500,9908,01,00,2026-01-18,AVERAGE,평균,2906,2906.00
500,9908,01,00,2026-01-18,NATIONAL,전국,2906,2906.00
500,9908,01,00,2026-01-18,NORMAL_YEAR,평년,2803,2803.00
500,9908,01,00,2026-01-19,AVERAGE,평균,2906,2906.00
500,9908,01,00,2026-01-19,NATIONAL,전국,2906,2906.00
500,9908,01,00,2026-01-19,NORMAL_YEAR,평년,2802,2802.00
500,9908,01,00,2026-01-20,AVERAGE,평균,2906,2906.00
500,9908,01,00,2026-01-20,NATIONAL,전국,2906,2906.00
500,9908,01,00,2026-01-20,NORMAL_YEAR,평년,2800,2800.00
500,9908,01,00,2026-01-21,AVERAGE,평균,2906,2906.00
500,9908,01,00,2026-01-21,NATIONAL,전국,2906,2906.00
500,9908,01,00,2026-01-21,NORMAL_YEAR,평년,2831,2831.00
500,9908,01,00,2026-01-22,AVERAGE,평균,2905,2905.00
500,9908,01,00,2026-01-22,NATIONAL,전국,2905,2905.00
500,9908,01,00,2026-01-22,NORMAL_YEAR,평년,2831,2831.00
500,9908,01,00,2026-01-23,AVERAGE,평균,2906,2906.00
500,9908,01,00,2026-01-23,NATIONAL,전국,2906,2906.00
500,9908,01,00,2026-01-23,NORMAL_YEAR,평년,2831,2831.00
500,9908,01,00,2026-01-24,AVERAGE,평균,2906,2906.00
500,9908,01,00,2026-01-24,NATIONAL,전국,2906,2906.00
500,9908,01,00,2026-01-24,NORMAL_YEAR,평년,2829,2829.00
500,9908,01,00,2026-01-25,AVERAGE,평균,2906,2906.00
500,9908,01,00,2026-01-25,NATIONAL,전국,2906,2906.00
500,9908,01,00,2026-01-25,NORMAL_YEAR,평년,2829,2829.00
500,9908,01,00,2026-01-26,AVERAGE,평균,2906,2906.00
500,9908,01,00,2026-01-26,NATIONAL,전국,2906,2906.00
500,9908,01,00,2026-01-26,NORMAL_YEAR,평년,2829,2829.00
500,9908,01,00,2026-01-27,AVERAGE,평균,2905,2905.00
500,9908,01,00,2026-01-27,NATIONAL,전국,2905,2905.00
500,9908,01,00,2026-01-27,NORMAL_YEAR,평년,2831,2831.00
500,9908,01,00,2026-01-28,AVERAGE,평균,2905,2905.00
500,9908,01,00,2026-01-28,NATIONAL,전국,2905,2905.00
500,9908,01,00,2026-01-28,NORMAL_YEAR,평년,2837,2837.00
500,9908,01,00,2026-01-29,AVERAGE,평균,2905,2905.00
500,9908,01,00,2026-01-29,NATIONAL,전국,2905,2905.00
500,9908,01,00,2026-01-29,NORMAL_YEAR,평년,2837,2837.00
500,9908,01,00,2026-01-30,AVERAGE,평균,2904,2904.00
500,9908,01,00,2026-01-30,NATIONAL,전국,2904,2904.00
500,9908,01,00,2026-01-30,NORMAL_YEAR,평년,2835,2835.00
500,9908,01,00,2026-01-31,AVERAGE,평균,2904,2904.00
500,9908,01,00,2026-01-31,NATIONAL,전국,2904,2904.00
500,9908,01,00,2026-01-31,NORMAL_YEAR,평년,2833,2833.00
500,9908,01,00,2026-02-01,AVERAGE,평균,2900,2900.00
500,9908,01,00,2026-02-01,NATIONAL,전국,2900,2900.00
500,9908,01,00,2026-02-01,NORMAL_YEAR,평년,2827,2827.00
500,9908,01,00,2026-02-02,AVERAGE,평균,2900,2900.00
500,9908,01,00,2026-02-02,NATIONAL,전국,2900,2900.00
500,9908,01,00,2026-02-02,NORMAL_YEAR,평년,2827,2827.00
500,9908,01,00,2026-02-03,AVERAGE,평균,2900,2900.00
500,9908,01,00,2026-02-03,NATIONAL,전국,2900,2900.00
500,9908,01,00,2026-02-03,NORMAL_YEAR,평년,2822,2822.00
500,9908,01,00,2026-02-04,AVERAGE,평균,2900,2900.00
500,9908,01,00,2026-02-04,NATIONAL,전국,2900,2900.00
500,9908,01,00,2026-02-04,NORMAL_YEAR,평년,2843,2843.00
500,9908,01,00,2026-02-05,AVERAGE,평균,2903,2903.00
500,9908,01,00,2026-02-05,NATIONAL,전국,2903,2903.00
500,9908,01,00,2026-02-05,NORMAL_YEAR,평년,2843,2843.00
500,9908,01,00,2026-02-06,AVERAGE,평균,2904,2904.00
500,9908,01,00,2026-02-06,NATIONAL,전국,2904,2904.00
500,9908,01,00,2026-02-06,NORMAL_YEAR,평년,2844,2844.00
500,9908,01,00,2026-02-07,AVERAGE,평균,2904,2904.00
500,9908,01,00,2026-02-07,NATIONAL,전국,2904,2904.00
500,9908,01,00,2026-02-07,NORMAL_YEAR,평년,2844,2844.00
500,9908,01,00,2026-02-08,AVERAGE,평균,2908,2908.00
500,9908,01,00,2026-02-08,NATIONAL,전국,2908,2908.00
500,9908,01,00,2026-02-08,NORMAL_YEAR,평년,2844,2844.00
500,9908,01,00,2026-02-09,AVERAGE,평균,2908,2908.00
500,9908,01,00,2026-02-09,NATIONAL,전국,2908,2908.00
500,9908,01,00,2026-02-09,NORMAL_YEAR,평년,2844,2844.00
500,9908,01,00,2026-02-10,AVERAGE,평균,2908,2908.00
500,9908,01,00,2026-02-10,NATIONAL,전국,2908,2908.00
500,9908,01,00,2026-02-10,NORMAL_YEAR,평년,2844,2844.00
500,9908,01,00,2026-02-11,AVERAGE,평균,2912,2912.00
500,9908,01,00,2026-02-11,NATIONAL,전국,2912,2912.00
500,9908,01,00,2026-02-11,NORMAL_YEAR,평년,2843,2843.00
500,9908,01,00,2026-02-12,AVERAGE,평균,2911,2911.00
500,9908,01,00,2026-02-12,NATIONAL,전국,2911,2911.00
500,9908,01,00,2026-02-12,NORMAL_YEAR,평년,2858,2858.00
500,9908,01,00,2026-02-13,AVERAGE,평균,2909,2909.00
500,9908,01,00,2026-02-13,NATIONAL,전국,2909,2909.00
500,9908,01,00,2026-02-13,NORMAL_YEAR,평년,2918,2918.00
500,9908,01,00,2026-02-14,AVERAGE,평균,2909,2909.00
500,9908,01,00,2026-02-14,NATIONAL,전국,2909,2909.00
500,9908,01,00,2026-02-14,NORMAL_YEAR,평년,2919,2919.00
500,9908,01,00,2026-02-15,AVERAGE,평균,2909,2909.00
500,9908,01,00,2026-02-15,NATIONAL,전국,2909,2909.00
500,9908,01,00,2026-02-15,NORMAL_YEAR,평년,2919,2919.00
500,9908,01,00,2026-02-16,AVERAGE,평균,2909,2909.00
500,9908,01,00,2026-02-16,NATIONAL,전국,2909,2909.00
500,9908,01,00,2026-02-16,NORMAL_YEAR,평년,2975,2975.00
500,9908,01,00,2026-02-17,AVERAGE,평균,2909,2909.00
500,9908,01,00,2026-02-17,NATIONAL,전국,2909,2909.00
500,9908,01,00,2026-02-17,NORMAL_YEAR,평년,2976,2976.00
500,9908,01,00,2026-02-18,AVERAGE,평균,2909,2909.00
500,9908,01,00,2026-02-18,NATIONAL,전국,2909,2909.00
500,9908,01,00,2026-02-18,NORMAL_YEAR,평년,2979,2979.00
500,9908,01,00,2026-02-19,AVERAGE,평균,2909,2909.00
500,9908,01,00,2026-02-19,NATIONAL,전국,2909,2909.00
500,9908,01,00,2026-02-19,NORMAL_YEAR,평년,2977,2977.00
500,9908,01,00,2026-02-20,AVERAGE,평균,2908,2908.00
500,9908,01,00,2026-02-20,NATIONAL,전국,2908,2908.00
500,9908,01,00,2026-02-20,NORMAL_YEAR,평년,2994,2994.00
500,9908,01,00,2026-02-21,AVERAGE,평균,2902,2902.00
500,9908,01,00,2026-02-21,NATIONAL,전국,2902,2902.00
500,9908,01,00,2026-02-21,NORMAL_YEAR,평년,2994,2994.00
500,9908,01,00,2026-02-22,AVERAGE,평균,2904,2904.00
500,9908,01,00,2026-02-22,NATIONAL,전국,2904,2904.00
500,9908,01,00,2026-02-22,NORMAL_YEAR,평년,2997,2997.00
500,9908,01,00,2026-02-23,AVERAGE,평균,2904,2904.00
500,9908,01,00,2026-02-23,NATIONAL,전국,2904,2904.00
500,9908,01,00,2026-02-23,NORMAL_YEAR,평년,2999,2999.00
500,9908,01,00,2026-02-24,AVERAGE,평균,2906,2906.00
500,9908,01,00,2026-02-24,NATIONAL,전국,2906,2906.00
500,9908,01,00,2026-02-24,NORMAL_YEAR,평년,3002,3002.00
500,9908,01,00,2026-02-25,AVERAGE,평균,2904,2904.00
500,9908,01,00,2026-02-25,NATIONAL,전국,2904,2904.00
500,9908,01,00,2026-02-25,NORMAL_YEAR,평년,3001,3001.00
500,9908,01,00,2026-02-26,AVERAGE,평균,2906,2906.00
500,9908,01,00,2026-02-26,NATIONAL,전국,2906,2906.00
500,9908,01,00,2026-02-26,NORMAL_YEAR,평년,3001,3001.00
500,9908,01,00,2026-02-27,AVERAGE,평균,2907,2907.00
500,9908,01,00,2026-02-27,NATIONAL,전국,2907,2907.00
500,9908,01,00,2026-02-27,NORMAL_YEAR,평년,3002,3002.00
500,9908,01,00,2026-02-28,AVERAGE,평균,2907,2907.00
500,9908,01,00,2026-02-28,NATIONAL,전국,2907,2907.00
500,9908,01,00,2026-02-28,NORMAL_YEAR,평년,3001,3001.00
500,9908,01,00,2026-03-01,AVERAGE,평균,2908,2908.00
500,9908,01,00,2026-03-01,NATIONAL,전국,2908,2908.00
500,9908,01,00,2026-03-01,NORMAL_YEAR,평년,3001,3001.00
500,9908,01,00,2026-03-02,AVERAGE,평균,2907,2907.00
500,9908,01,00,2026-03-02,NATIONAL,전국,2907,2907.00
500,9908,01,00,2026-03-02,NORMAL_YEAR,평년,2996,2996.00
500,9908,01,00,2026-03-03,AVERAGE,평균,2911,2911.00
500,9908,01,00,2026-03-03,NATIONAL,전국,2911,2911.00
500,9908,01,00,2026-03-03,NORMAL_YEAR,평년,2994,2994.00
500,9908,01,00,2026-03-04,AVERAGE,평균,2911,2911.00
500,9908,01,00,2026-03-04,NATIONAL,전국,2911,2911.00
500,9908,01,00,2026-03-04,NORMAL_YEAR,평년,2994,2994.00
500,9908,01,00,2026-03-05,AVERAGE,평균,2911,2911.00
500,9908,01,00,2026-03-05,NATIONAL,전국,2911,2911.00
500,9908,01,00,2026-03-05,NORMAL_YEAR,평년,2993,2993.00
500,9908,01,00,2026-03-06,AVERAGE,평균,2910,2910.00
500,9908,01,00,2026-03-06,NATIONAL,전국,2910,2910.00
500,9908,01,00,2026-03-06,NORMAL_YEAR,평년,2994,2994.00
500,9908,01,00,2026-03-07,AVERAGE,평균,2912,2912.00
500,9908,01,00,2026-03-07,NATIONAL,전국,2912,2912.00
500,9908,01,00,2026-03-07,NORMAL_YEAR,평년,2993,2993.00
500,9908,01,00,2026-03-08,AVERAGE,평균,2911,2911.00
500,9908,01,00,2026-03-08,NATIONAL,전국,2911,2911.00
500,9908,01,00,2026-03-08,NORMAL_YEAR,평년,2992,2992.00
500,9908,01,00,2026-03-09,AVERAGE,평균,2912,2912.00
500,9908,01,00,2026-03-09,NATIONAL,전국,2912,2912.00
500,9908,01,00,2026-03-09,NORMAL_YEAR,평년,2992,2992.00
500,9908,01,00,2026-03-10,AVERAGE,평균,2915,2915.00
500,9908,01,00,2026-03-10,NATIONAL,전국,2915,2915.00
500,9908,01,00,2026-03-10,NORMAL_YEAR,평년,2987,2987.00
500,9908,01,00,2026-03-11,AVERAGE,평균,2914,2914.00
500,9908,01,00,2026-03-11,NATIONAL,전국,2914,2914.00
500,9908,01,00,2026-03-11,NORMAL_YEAR,평년,2990,2990.00
500,9908,01,00,2026-03-12,AVERAGE,평균,2914,2914.00
500,9908,01,00,2026-03-12,NATIONAL,전국,2914,2914.00
500,9908,01,00,2026-03-12,NORMAL_YEAR,평년,2992,2992.00
500,9908,01,00,2026-03-13,AVERAGE,평균,2906,2906.00
500,9908,01,00,2026-03-13,NATIONAL,전국,2906,2906.00
500,9908,01,00,2026-03-13,NORMAL_YEAR,평년,2993,2993.00
500,9908,01,00,2026-03-14,AVERAGE,평균,2906,2906.00
500,9908,01,00,2026-03-14,NATIONAL,전국,2906,2906.00
500,9908,01,00,2026-03-14,NORMAL_YEAR,평년,2996,2996.00
500,9908,01,00,2026-03-15,AVERAGE,평균,2906,2906.00
500,9908,01,00,2026-03-15,NATIONAL,전국,2906,2906.00
500,9908,01,00,2026-03-15,NORMAL_YEAR,평년,2995,2995.00
500,9908,01,00,2026-03-16,AVERAGE,평균,2906,2906.00
500,9908,01,00,2026-03-16,NATIONAL,전국,2906,2906.00
500,9908,01,00,2026-03-16,NORMAL_YEAR,평년,2995,2995.00
500,9908,01,00,2026-03-17,AVERAGE,평균,2905,2905.00
500,9908,01,00,2026-03-17,NATIONAL,전국,2905,2905.00
500,9908,01,00,2026-03-17,NORMAL_YEAR,평년,2994,2994.00
500,9908,01,00,2026-03-18,AVERAGE,평균,2904,2904.00
500,9908,01,00,2026-03-18,NATIONAL,전국,2904,2904.00
500,9908,01,00,2026-03-18,NORMAL_YEAR,평년,2995,2995.00
500,9908,01,00,2026-03-19,AVERAGE,평균,2902,2902.00
500,9908,01,00,2026-03-19,NATIONAL,전국,2902,2902.00
500,9908,01,00,2026-03-19,NORMAL_YEAR,평년,2994,2994.00
500,9908,01,00,2026-03-20,AVERAGE,평균,2906,2906.00
500,9908,01,00,2026-03-20,NATIONAL,전국,2906,2906.00
500,9908,01,00,2026-03-20,NORMAL_YEAR,평년,2994,2994.00
500,9908,01,00,2026-03-21,AVERAGE,평균,2907,2907.00
500,9908,01,00,2026-03-21,NATIONAL,전국,2907,2907.00
500,9908,01,00,2026-03-21,NORMAL_YEAR,평년,2943,2943.00
500,9908,01,00,2026-03-22,AVERAGE,평균,2906,2906.00
500,9908,01,00,2026-03-22,NATIONAL,전국,2906,2906.00
500,9908,01,00,2026-03-22,NORMAL_YEAR,평년,2930,2930.00
500,9908,01,00,2026-03-23,AVERAGE,평균,2908,2908.00
500,9908,01,00,2026-03-23,NATIONAL,전국,2908,2908.00
500,9908,01,00,2026-03-23,NORMAL_YEAR,평년,2930,2930.00
500,9908,01,00,2026-03-24,AVERAGE,평균,2911,2911.00
500,9908,01,00,2026-03-24,NATIONAL,전국,2911,2911.00
500,9908,01,00,2026-03-24,NORMAL_YEAR,평년,2914,2914.00
500,9908,01,00,2026-03-25,AVERAGE,평균,2911,2911.00
500,9908,01,00,2026-03-25,NATIONAL,전국,2911,2911.00
500,9908,01,00,2026-03-25,NORMAL_YEAR,평년,2920,2920.00
500,9908,01,00,2026-03-26,AVERAGE,평균,2911,2911.00
500,9908,01,00,2026-03-26,NATIONAL,전국,2911,2911.00
500,9908,01,00,2026-03-26,NORMAL_YEAR,평년,2923,2923.00
500,9908,01,00,2026-03-27,AVERAGE,평균,2913,2913.00
500,9908,01,00,2026-03-27,NATIONAL,전국,2913,2913.00
500,9908,01,00,2026-03-27,NORMAL_YEAR,평년,2922,2922.00
500,9908,01,00,2026-03-28,AVERAGE,평균,2913,2913.00
500,9908,01,00,2026-03-28,NATIONAL,전국,2913,2913.00
500,9908,01,00,2026-03-28,NORMAL_YEAR,평년,2974,2974.00
500,9908,01,00,2026-03-29,AVERAGE,평균,2912,2912.00
500,9908,01,00,2026-03-29,NATIONAL,전국,2912,2912.00
500,9908,01,00,2026-03-29,NORMAL_YEAR,평년,2977,2977.00
500,9908,01,00,2026-03-30,AVERAGE,평균,2911,2911.00
500,9908,01,00,2026-03-30,NATIONAL,전국,2911,2911.00
500,9908,01,00,2026-03-30,NORMAL_YEAR,평년,2984,2984.00
500,9908,01,00,2026-03-31,AVERAGE,평균,2911,2911.00
500,9908,01,00,2026-03-31,NATIONAL,전국,2911,2911.00
500,9908,01,00,2026-03-31,NORMAL_YEAR,평년,2988,2988.00
500,9908,01,00,2026-04-01,AVERAGE,평균,2911,2911.00
500,9908,01,00,2026-04-01,NATIONAL,전국,2911,2911.00
500,9908,01,00,2026-04-01,NORMAL_YEAR,평년,2989,2989.00
500,9908,01,00,2026-04-02,AVERAGE,평균,2913,2913.00
500,9908,01,00,2026-04-02,NATIONAL,전국,2913,2913.00
500,9908,01,00,2026-04-02,NORMAL_YEAR,평년,2992,2992.00
500,9908,01,00,2026-04-03,AVERAGE,평균,2910,2910.00
500,9908,01,00,2026-04-03,NATIONAL,전국,2910,2910.00
500,9908,01,00,2026-04-03,NORMAL_YEAR,평년,2992,2992.00
500,9908,01,00,2026-04-04,AVERAGE,평균,2912,2912.00
500,9908,01,00,2026-04-04,NATIONAL,전국,2912,2912.00
500,9908,01,00,2026-04-04,NORMAL_YEAR,평년,2990,2990.00
500,9908,01,00,2026-04-05,AVERAGE,평균,2911,2911.00
500,9908,01,00,2026-04-05,NATIONAL,전국,2911,2911.00
500,9908,01,00,2026-04-05,NORMAL_YEAR,평년,2987,2987.00
500,9908,01,00,2026-04-06,AVERAGE,평균,2908,2908.00
500,9908,01,00,2026-04-06,NATIONAL,전국,2908,2908.00
500,9908,01,00,2026-04-06,NORMAL_YEAR,평년,2995,2995.00
500,9908,01,00,2026-04-07,AVERAGE,평균,2908,2908.00
500,9908,01,00,2026-04-07,NATIONAL,전국,2908,2908.00
500,9908,01,00,2026-04-07,NORMAL_YEAR,평년,2996,2996.00
500,9908,01,00,2026-04-08,AVERAGE,평균,2910,2910.00
500,9908,01,00,2026-04-08,NATIONAL,전국,2910,2910.00
500,9908,01,00,2026-04-08,NORMAL_YEAR,평년,2995,2995.00
500,9908,01,00,2026-04-09,AVERAGE,평균,2908,2908.00
500,9908,01,00,2026-04-09,NATIONAL,전국,2908,2908.00
500,9908,01,00,2026-04-09,NORMAL_YEAR,평년,2997,2997.00
500,9908,01,00,2026-04-10,AVERAGE,평균,2918,2918.00
500,9908,01,00,2026-04-10,NATIONAL,전국,2918,2918.00
500,9908,01,00,2026-04-10,NORMAL_YEAR,평년,2979,2979.00
500,9908,01,00,2026-04-11,AVERAGE,평균,2918,2918.00
500,9908,01,00,2026-04-11,NATIONAL,전국,2918,2918.00
500,9908,01,00,2026-04-11,NORMAL_YEAR,평년,2982,2982.00
500,9908,01,00,2026-04-12,AVERAGE,평균,2918,2918.00
500,9908,01,00,2026-04-12,NATIONAL,전국,2918,2918.00
500,9908,01,00,2026-04-12,NORMAL_YEAR,평년,2983,2983.00
500,9908,01,00,2026-04-13,AVERAGE,평균,2922,2922.00
500,9908,01,00,2026-04-13,NATIONAL,전국,2922,2922.00
500,9908,01,00,2026-04-13,NORMAL_YEAR,평년,2984,2984.00
500,9908,01,00,2026-04-14,AVERAGE,평균,2921,2921.00
500,9908,01,00,2026-04-14,NATIONAL,전국,2921,2921.00
500,9908,01,00,2026-04-14,NORMAL_YEAR,평년,2985,2985.00
500,9908,01,00,2026-04-15,AVERAGE,평균,2920,2920.00
500,9908,01,00,2026-04-15,NATIONAL,전국,2920,2920.00
500,9908,01,00,2026-04-15,NORMAL_YEAR,평년,2987,2987.00
500,9908,01,00,2026-04-16,AVERAGE,평균,2881,2881.00
500,9908,01,00,2026-04-16,NATIONAL,전국,2881,2881.00
500,9908,01,00,2026-04-16,NORMAL_YEAR,평년,2988,2988.00
500,9908,01,00,2026-04-17,AVERAGE,평균,2876,2876.00
500,9908,01,00,2026-04-17,NATIONAL,전국,2876,2876.00
500,9908,01,00,2026-04-17,NORMAL_YEAR,평년,2988,2988.00
500,9908,01,00,2026-04-18,AVERAGE,평균,2876,2876.00
500,9908,01,00,2026-04-18,NATIONAL,전국,2876,2876.00
500,9908,01,00,2026-04-18,NORMAL_YEAR,평년,2973,2973.00
500,9908,01,00,2026-04-19,AVERAGE,평균,2875,2875.00
500,9908,01,00,2026-04-19,NATIONAL,전국,2875,2875.00
500,9908,01,00,2026-04-19,NORMAL_YEAR,평년,2974,2974.00
500,9908,01,00,2026-04-20,AVERAGE,평균,2859,2859.00
500,9908,01,00,2026-04-20,NATIONAL,전국,2859,2859.00
500,9908,01,00,2026-04-20,NORMAL_YEAR,평년,2973,2973.00
500,9908,01,00,2026-04-21,AVERAGE,평균,2858,2858.00
500,9908,01,00,2026-04-21,NATIONAL,전국,2858,2858.00
500,9908,01,00,2026-04-21,NORMAL_YEAR,평년,2974,2974.00
500,9908,01,00,2026-04-22,AVERAGE,평균,2859,2859.00
500,9908,01,00,2026-04-22,NATIONAL,전국,2859,2859.00
500,9908,01,00,2026-04-22,NORMAL_YEAR,평년,2967,2967.00
500,9908,01,00,2026-04-23,AVERAGE,평균,2859,2859.00
500,9908,01,00,2026-04-23,NATIONAL,전국,2859,2859.00
500,9908,01,00,2026-04-23,NORMAL_YEAR,평년,2980,2980.00
500,9908,01,00,2026-04-24,AVERAGE,평균,2859,2859.00
500,9908,01,00,2026-04-24,NATIONAL,전국,2859,2859.00
500,9908,01,00,2026-04-24,NORMAL_YEAR,평년,2979,2979.00
500,9908,01,00,2026-04-25,AVERAGE,평균,2858,2858.00
500,9908,01,00,2026-04-25,NATIONAL,전국,2858,2858.00
500,9908,01,00,2026-04-25,NORMAL_YEAR,평년,2987,2987.00
500,9908,01,00,2026-04-26,AVERAGE,평균,2859,2859.00
500,9908,01,00,2026-04-26,NATIONAL,전국,2859,2859.00
500,9908,01,00,2026-04-26,NORMAL_YEAR,평년,2985,2985.00
500,9908,01,00,2026-04-27,AVERAGE,평균,2859,2859.00
500,9908,01,00,2026-04-27,NATIONAL,전국,2859,2859.00
500,9908,01,00,2026-04-27,NORMAL_YEAR,평년,2984,2984.00
500,9908,01,00,2026-04-28,AVERAGE,평균,2863,2863.00
500,9908,01,00,2026-04-28,NATIONAL,전국,2863,2863.00
500,9908,01,00,2026-04-28,NORMAL_YEAR,평년,2919,2919.00
500,9908,01,00,2026-04-29,AVERAGE,평균,2861,2861.00
500,9908,01,00,2026-04-29,NATIONAL,전국,2861,2861.00
500,9908,01,00,2026-04-29,NORMAL_YEAR,평년,2974,2974.00
500,9908,01,00,2026-04-30,AVERAGE,평균,2864,2864.00
500,9908,01,00,2026-04-30,NATIONAL,전국,2864,2864.00
500,9908,01,00,2026-04-30,NORMAL_YEAR,평년,2976,2976.00
500,9908,01,00,2026-05-01,AVERAGE,평균,2860,2860.00
500,9908,01,00,2026-05-01,NATIONAL,전국,2860,2860.00
500,9908,01,00,2026-05-02,AVERAGE,평균,2859,2859.00
500,9908,01,00,2026-05-02,NATIONAL,전국,2859,2859.00
500,9908,01,00,2026-05-03,AVERAGE,평균,2878,2878.00
500,9908,01,00,2026-05-03,NATIONAL,전국,2878,2878.00
500,9908,01,00,2026-05-04,AVERAGE,평균,2875,2875.00
500,9908,01,00,2026-05-04,NATIONAL,전국,2875,2875.00
500,9908,01,00,2026-05-05,AVERAGE,평균,2875,2875.00
500,9908,01,00,2026-05-05,NATIONAL,전국,2875,2875.00
500,9908,01,00,2026-05-06,AVERAGE,평균,2875,2875.00
500,9908,01,00,2026-05-06,NATIONAL,전국,2875,2875.00
500,9908,01,00,2026-05-07,AVERAGE,평균,2874,2874.00
500,9908,01,00,2026-05-07,NATIONAL,전국,2874,2874.00
500,9908,01,00,2026-05-08,AVERAGE,평균,2875,2875.00
500,9908,01,00,2026-05-08,NATIONAL,전국,2875,2875.00
500,9908,01,00,2026-05-09,AVERAGE,평균,2876,2876.00
500,9908,01,00,2026-05-09,NATIONAL,전국,2876,2876.00
500,9908,01,00,2026-05-10,AVERAGE,평균,2859,2859.00
500,9908,01,00,2026-05-10,NATIONAL,전국,2859,2859.00
500,9908,01,00,2026-05-11,AVERAGE,평균,2857,2857.00
500,9908,01,00,2026-05-11,NATIONAL,전국,2857,2857.00
500,9908,01,00,2026-05-12,AVERAGE,평균,2859,2859.00
500,9908,01,00,2026-05-12,NATIONAL,전국,2859,2859.00
500,9908,01,00,2026-05-13,AVERAGE,평균,2860,2860.00
500,9908,01,00,2026-05-13,NATIONAL,전국,2860,2860.00
500,9908,01,00,2026-05-14,AVERAGE,평균,2863,2863.00
500,9908,01,00,2026-05-14,NATIONAL,전국,2863,2863.00
500,9908,01,00,2026-05-15,AVERAGE,평균,2862,2862.00
500,9908,01,00,2026-05-15,NATIONAL,전국,2862,2862.00
500,9908,01,00,2026-05-16,AVERAGE,평균,2862,2862.00
500,9908,01,00,2026-05-16,NATIONAL,전국,2862,2862.00
500,9908,01,00,2026-05-17,AVERAGE,평균,2877,2877.00
500,9908,01,00,2026-05-17,NATIONAL,전국,2877,2877.00
500,9908,01,00,2026-05-18,AVERAGE,평균,2878,2878.00
500,9908,01,00,2026-05-18,NATIONAL,전국,2878,2878.00
500,9908,01,00,2026-05-19,AVERAGE,평균,2878,2878.00
500,9908,01,00,2026-05-19,NATIONAL,전국,2878,2878.00
500,9908,01,00,2026-05-20,AVERAGE,평균,2878,2878.00
500,9908,01,00,2026-05-20,NATIONAL,전국,2878,2878.00
500,9908,01,00,2026-05-21,AVERAGE,평균,2878,2878.00
500,9908,01,00,2026-05-21,NATIONAL,전국,2878,2878.00
500,9908,01,00,2026-05-22,AVERAGE,평균,2888,2888.00
500,9908,01,00,2026-05-22,NATIONAL,전국,2888,2888.00
500,9908,01,00,2026-05-23,AVERAGE,평균,2886,2886.00
500,9908,01,00,2026-05-23,NATIONAL,전국,2886,2886.00
500,9908,01,00,2026-05-24,AVERAGE,평균,2889,2889.00
500,9908,01,00,2026-05-24,NATIONAL,전국,2889,2889.00
500,9908,01,00,2026-05-25,AVERAGE,평균,2892,2892.00
500,9908,01,00,2026-05-25,NATIONAL,전국,2892,2892.00
500,9908,01,00,2026-05-26,AVERAGE,평균,2892,2892.00
500,9908,01,00,2026-05-26,NATIONAL,전국,2892,2892.00
500,9908,01,00,2026-05-27,AVERAGE,평균,2892,2892.00
500,9908,01,00,2026-05-27,NATIONAL,전국,2892,2892.00
500,9908,01,00,2026-05-28,AVERAGE,평균,2892,2892.00
500,9908,01,00,2026-05-28,NATIONAL,전국,2892,2892.00
500,9908,01,00,2026-05-29,AVERAGE,평균,2892,2892.00
500,9908,01,00,2026-05-29,NATIONAL,전국,2892,2892.00
500,9908,01,00,2026-05-30,AVERAGE,평균,2892,2892.00
500,9908,01,00,2026-05-30,NATIONAL,전국,2892,2892.00
500,9908,01,00,2026-05-31,AVERAGE,평균,2893,2893.00
500,9908,01,00,2026-05-31,NATIONAL,전국,2893,2893.00
500,9908,01,00,2026-06-01,AVERAGE,평균,2880,2880.00
500,9908,01,00,2026-06-01,NATIONAL,전국,2880,2880.00
500,9908,01,00,2026-06-02,AVERAGE,평균,2879,2879.00
500,9908,01,00,2026-06-02,NATIONAL,전국,2879,2879.00
500,9908,01,00,2026-06-03,AVERAGE,평균,2880,2880.00
500,9908,01,00,2026-06-03,NATIONAL,전국,2880,2880.00
500,9908,01,00,2026-06-04,AVERAGE,평균,2880,2880.00
500,9908,01,00,2026-06-04,NATIONAL,전국,2880,2880.00
500,9908,01,00,2026-06-05,AVERAGE,평균,2878,2878.00
500,9908,01,00,2026-06-05,NATIONAL,전국,2878,2878.00
500,9908,01,00,2026-06-06,AVERAGE,평균,2877,2877.00
500,9908,01,00,2026-06-06,NATIONAL,전국,2877,2877.00
500,9908,01,00,2026-06-07,AVERAGE,평균,2874,2874.00
500,9908,01,00,2026-06-07,NATIONAL,전국,2874,2874.00
500,9908,01,00,2026-06-08,AVERAGE,평균,2890,2890.00
500,9908,01,00,2026-06-08,NATIONAL,전국,2890,2890.00
500,9908,01,00,2026-06-09,AVERAGE,평균,2892,2892.00
500,9908,01,00,2026-06-09,NATIONAL,전국,2892,2892.00
500,9908,01,00,2026-06-10,AVERAGE,평균,2893,2893.00
500,9908,01,00,2026-06-10,NATIONAL,전국,2893,2893.00
500,9908,01,00,2026-06-11,AVERAGE,평균,2892,2892.00
500,9908,01,00,2026-06-11,NATIONAL,전국,2892,2892.00
500,9908,01,00,2026-06-12,AVERAGE,평균,2894,2894.00
500,9908,01,00,2026-06-12,NATIONAL,전국,2894,2894.00
500,9908,01,00,2026-06-13,AVERAGE,평균,2893,2893.00
500,9908,01,00,2026-06-13,NATIONAL,전국,2893,2893.00
500,9908,01,00,2026-06-14,AVERAGE,평균,2895,2895.00
500,9908,01,00,2026-06-14,NATIONAL,전국,2895,2895.00
500,9908,01,00,2026-06-15,AVERAGE,평균,2897,2897.00
500,9908,01,00,2026-06-15,NATIONAL,전국,2897,2897.00
500,9908,01,00,2026-06-16,AVERAGE,평균,2897,2897.00
500,9908,01,00,2026-06-16,NATIONAL,전국,2897,2897.00
500,9908,01,00,2026-06-17,AVERAGE,평균,2897,2897.00
500,9908,01,00,2026-06-17,NATIONAL,전국,2897,2897.00
500,9908,01,00,2026-06-18,AVERAGE,평균,2890,2890.00
500,9908,01,00,2026-06-18,NATIONAL,전국,2890,2890.00
500,9908,01,00,2026-06-19,AVERAGE,평균,2887,2887.00
500,9908,01,00,2026-06-19,NATIONAL,전국,2887,2887.00
500,9908,01,00,2026-06-20,AVERAGE,평균,2886,2886.00
500,9908,01,00,2026-06-20,NATIONAL,전국,2886,2886.00
500,9908,01,00,2026-06-21,AVERAGE,평균,2887,2887.00
500,9908,01,00,2026-06-21,NATIONAL,전국,2887,2887.00
500,9908,01,00,2026-06-22,AVERAGE,평균,2890,2890.00
500,9908,01,00,2026-06-22,NATIONAL,전국,2890,2890.00
500,9908,01,00,2026-06-23,AVERAGE,평균,2890,2890.00
500,9908,01,00,2026-06-23,NATIONAL,전국,2890,2890.00
500,9908,01,00,2026-06-24,AVERAGE,평균,2890,2890.00
500,9908,01,00,2026-06-24,NATIONAL,전국,2890,2890.00
500,9908,01,00,2026-06-25,AVERAGE,평균,2890,2890.00
500,9908,01,00,2026-06-25,NATIONAL,전국,2890,2890.00
500,9908,01,00,2026-06-26,AVERAGE,평균,2893,2893.00
500,9908,01,00,2026-06-26,NATIONAL,전국,2893,2893.00
500,9908,01,00,2026-06-27,AVERAGE,평균,2893,2893.00
500,9908,01,00,2026-06-27,NATIONAL,전국,2893,2893.00
500,9908,01,00,2026-06-28,AVERAGE,평균,2933,2933.00
500,9908,01,00,2026-06-28,NATIONAL,전국,2933,2933.00
500,9908,01,00,2026-06-29,AVERAGE,평균,2932,2932.00
500,9908,01,00,2026-06-29,NATIONAL,전국,2932,2932.00
500,9908,01,00,2026-06-30,AVERAGE,평균,2931,2931.00
500,9908,01,00,2026-06-30,NATIONAL,전국,2931,2931.00
500,9908,01,00,2026-07-01,AVERAGE,평균,2930,2930.00
500,9908,01,00,2026-07-01,NATIONAL,전국,2930,2930.00
500,9908,01,00,2026-07-02,AVERAGE,평균,2930,2930.00
500,9908,01,00,2026-07-02,NATIONAL,전국,2930,2930.00
500,9908,01,00,2026-07-03,AVERAGE,평균,2926,2926.00
500,9908,01,00,2026-07-03,NATIONAL,전국,2926,2926.00
500,9908,01,00,2026-07-04,AVERAGE,평균,2921,2921.00
500,9908,01,00,2026-07-04,NATIONAL,전국,2921,2921.00
500,9908,01,00,2026-07-05,AVERAGE,평균,2922,2922.00
500,9908,01,00,2026-07-05,NATIONAL,전국,2922,2922.00
500,9908,01,00,2026-07-06,AVERAGE,평균,2923,2923.00
500,9908,01,00,2026-07-06,NATIONAL,전국,2923,2923.00
500,9908,01,00,2026-07-07,AVERAGE,평균,2922,2922.00
500,9908,01,00,2026-07-07,NATIONAL,전국,2922,2922.00
500,9908,01,00,2026-07-08,AVERAGE,평균,2922,2922.00
500,9908,01,00,2026-07-08,NATIONAL,전국,2922,2922.00
500,9908,01,00,2026-07-09,AVERAGE,평균,2936,2936.00
500,9908,01,00,2026-07-09,NATIONAL,전국,2936,2936.00
500,9908,01,00,2026-07-10,AVERAGE,평균,2937,2937.00
500,9908,01,00,2026-07-10,NATIONAL,전국,2937,2937.00
500,9908,01,00,2026-07-11,AVERAGE,평균,2938,2938.00
500,9908,01,00,2026-07-11,NATIONAL,전국,2938,2938.00
500,9908,01,00,2026-07-12,AVERAGE,평균,2938,2938.00
500,9908,01,00,2026-07-12,NATIONAL,전국,2938,2938.00
500,9908,01,00,2026-07-13,AVERAGE,평균,2939,2939.00
500,9908,01,00,2026-07-13,NATIONAL,전국,2939,2939.00
500,9908,01,00,2026-07-14,AVERAGE,평균,2938,2938.00
500,9908,01,00,2026-07-14,NATIONAL,전국,2938,2938.00
500,9908,01,00,2026-07-15,AVERAGE,평균,2938,2938.00
500,9908,01,00,2026-07-15,NATIONAL,전국,2938,2938.00
500,9908,01,00,2026-07-16,AVERAGE,평균,2944,2944.00
500,9908,01,00,2026-07-16,NATIONAL,전국,2944,2944.00
500,9908,01,00,2026-07-17,AVERAGE,평균,2943,2943.00
500,9908,01,00,2026-07-17,NATIONAL,전국,2943,2943.00
500,9908,01,00,2026-07-18,AVERAGE,평균,2945,2945.00
500,9908,01,00,2026-07-18,NATIONAL,전국,2945,2945.00
500,9908,01,00,2026-07-19,AVERAGE,평균,2934,2934.00
500,9908,01,00,2026-07-19,NATIONAL,전국,2934,2934.00
500,9908,01,00,2026-07-20,AVERAGE,평균,2934,2934.00
500,9908,01,00,2026-07-20,NATIONAL,전국,2934,2934.00
500,9908,01,00,2026-07-21,AVERAGE,평균,2932,2932.00
500,9908,01,00,2026-07-21,NATIONAL,전국,2932,2932.00
500,9908,01,00,2026-07-22,AVERAGE,평균,2932,2932.00
500,9908,01,00,2026-07-22,NATIONAL,전국,2932,2932.00
500,9908,01,00,2026-07-23,AVERAGE,평균,2932,2932.00
500,9908,01,00,2026-07-23,NATIONAL,전국,2932,2932.00
500,9908,01,00,2026-07-24,AVERAGE,평균,2931,2931.00
500,9908,01,00,2026-07-24,NATIONAL,전국,2931,2931.00
500,9908,01,00,2026-07-25,AVERAGE,평균,2927,2927.00
500,9908,01,00,2026-07-25,NATIONAL,전국,2927,2927.00
500,9908,01,00,2026-07-26,AVERAGE,평균,2927,2927.00
500,9908,01,00,2026-07-26,NATIONAL,전국,2927,2927.00
500,9908,01,00,2026-07-27,AVERAGE,평균,2927,2927.00
500,9908,01,00,2026-07-27,NATIONAL,전국,2927,2927.00
500,9908,01,00,2026-07-28,AVERAGE,평균,2927,2927.00
500,9908,01,00,2026-07-28,NATIONAL,전국,2927,2927.00
500,9908,01,00,2026-07-29,AVERAGE,평균,2927,2927.00
500,9908,01,00,2026-07-29,NATIONAL,전국,2927,2927.00
500,9908,01,00,2026-07-30,AVERAGE,평균,2926,2926.00
500,9908,01,00,2026-07-30,NATIONAL,전국,2926,2926.00
500,9908,01,00,2026-07-31,AVERAGE,평균,2947,2947.00
500,9908,01,00,2026-07-31,NATIONAL,전국,2947,2947.00
